county,emag_id,display_name,name,parent
Alba,3,Abrud,Abrud,
Alba,4,Abrud-Sat (Abrud),Abrud-Sat,Abrud
Alba,71,Achimeţeşti (Avram Iancu),Achimeţeşti,Avram Iancu
Alba,167,Acmariu (Blandiana),Acmariu,Blandiana
Alba,8,Aiud,Aiud,
Alba,9,Aiudul de Sus (Aiud),Aiudul de Sus,Aiud
Alba,20,Alba Iulia,Alba Iulia,
Alba,26,Albac,Albac,
Alba,687,Alecuş (Şona),Alecuş,Şona
Alba,43,Almaşu de Mijloc (Almaşu Mare),Almaşu de Mijloc,Almaşu Mare
Alba,44,Almaşu Mare,Almaşu Mare,
Alba,444,Ampoiţa (Meteş),Ampoiţa,Meteş
Alba,178,Angheleşti (Bucium),Angheleşti,Bucium
Alba,52,Arieşeni,Arieşeni,
Alba,119,Aroneşti (Bistra),Aroneşti,Bistra
Alba,707,Arţi (Şugag),Arţi,Şugag
Alba,408,Asinip (Lopadea Nouă),Asinip,Lopadea Nouă
Alba,73,Avram Iancu,Avram Iancu,
Alba,53,Avrămeşti (Arieşeni),Avrămeşti,Arieşeni
Alba,74,Avrămeşti (Avram Iancu),Avrămeşti,Avram Iancu
Alba,354,Baba (Horea),Baba,Horea
Alba,650,Băcăinţi (Şibot),Băcăinţi,Şibot
Alba,75,Bădăi (Avram Iancu),Bădăi,Avram Iancu
Alba,409,Băgău (Lopadea Nouă),Băgău,Lopadea Nouă
Alba,761,Băi (Vidra),Băi,Vidra
Alba,107,Baia de Arieş,Baia de Arieş,
Alba,388,Bălcaciu (Jidvei),Bălcaciu,Jidvei
Alba,120,Băleşti (Bistra),Băleşti,Bistra
Alba,121,Băleşti-Cătun (Bistra),Băleşti-Cătun,Bistra
Alba,577,Bălmoşeşti (Roșia Montană),Bălmoşeşti,Roșia Montană
Alba,651,Balomiru de Câmp (Şibot),Balomiru de Câmp,Şibot
Alba,21,Bărăbanţ (Alba Iulia),Bărăbanţ,Alba Iulia
Alba,27,Bărăşti (Albac),Bărăşti,Albac
Alba,469,Bărbeşti (Mogoş),Bărbeşti,Mogoş
Alba,420,Bârdeşti (Lupşa),Bârdeşti,Lupşa
Alba,122,Bârleşti (Bistra),Bârleşti,Bistra
Alba,470,Bârleşti (Mogoş),Bârleşti,Mogoş
Alba,628,Bârleşti (Scărişoara),Bârleşti,Scărişoara
Alba,471,Bârleşti-Cătun (Mogoş),Bârleşti-Cătun,Mogoş
Alba,708,Bârsana (Şugag),Bârsana,Şugag
Alba,421,Bârzan (Lupşa),Bârzan,Lupşa
Alba,472,Bârzogani (Mogoş),Bârzogani,Mogoş
Alba,655,Băzeşti (Sohodol),Băzeşti,Sohodol
Alba,715,Beldiu (Teiuş),Beldiu,Teiuş
Alba,314,Benic (Galda de Jos),Benic,Galda de Jos
Alba,114,Berghin,Berghin,
Alba,410,Beţa (Lopadea Nouă),Beţa,Lopadea Nouă
Alba,275,Bidigeşti (Ciuruleasa),Bidigeşti,Ciuruleasa
Alba,330,Biharia (Gârda de Sus),Biharia,Gârda de Sus
Alba,688,Biia (Şona),Biia,Şona
Alba,656,Bilăneşti (Sohodol),Bilăneşti,Sohodol
Alba,179,Bisericani (Bucium),Bisericani,Bucium
Alba,123,Bistra,Bistra,
Alba,157,Blaj,Blaj,
Alba,168,Blandiana,Blandiana,
Alba,578,Blideşti (Roșia Montană),Blideşti,Roșia Montană
Alba,657,Bobăreşti (Sohodol),Bobăreşti,Sohodol
Alba,762,Bobăreşti (Vidra),Bobăreşti,Vidra
Alba,473,Boceşti (Mogoş),Boceşti,Mogoş
Alba,291,Bocsitura (Cugir),Bocsitura,Cugir
Alba,731,Bodeşti (Vadu Moților),Bodeşti,Vadu Moților
Alba,276,Bodreşti (Ciuruleasa),Bodreşti,Ciuruleasa
Alba,474,Bogdăneşti (Mogoş),Bogdăneşti,Mogoş
Alba,763,Bogdăneşti (Vidra),Bogdăneşti,Vidra
Alba,277,Bogleşti (Ciuruleasa),Bogleşti,Ciuruleasa
Alba,76,Boldeşti (Avram Iancu),Boldeşti,Avram Iancu
Alba,252,Bolovăneşti (Ceru-Băcăinţi),Bolovăneşti,Ceru-Băcăinţi
Alba,220,Bonceşti (Câmpeni),Bonceşti,Câmpeni
Alba,764,Bordeştii Poieni (Vidra),Bordeştii Poieni,Vidra
Alba,221,Borleşti (Câmpeni),Borleşti,Câmpeni
Alba,556,Boţani (Râmeţ),Boţani,Râmeţ
Alba,222,Boteşti (Câmpeni),Boteşti,Câmpeni
Alba,629,Boteşti (Scărişoara),Boteşti,Scărişoara
Alba,830,Boteşti (Zlatna),Boteşti,Zlatna
Alba,304,Boz (Doştat),Boz,Doştat
Alba,658,Brădeana (Sohodol),Brădeana,Sohodol
Alba,557,Brădeşti (Râmeţ),Brădeşti,Râmeţ
Alba,45,Brădet (Almaşu Mare),Brădet,Almaşu Mare
Alba,108,Brăzeşti (Baia de Arieş),Brăzeşti,Baia de Arieş
Alba,54,Bubeşti (Arieşeni),Bubeşti,Arieşeni
Alba,173,Bucerdea Grânoasă,Bucerdea Grânoasă,
Alba,370,Bucerdea Vinoasă (Ighiu),Bucerdea Vinoasă,Ighiu
Alba,180,Bucium,Bucium,
Alba,181,Bucium-Sat (Bucium),Bucium-Sat,Bucium
Alba,292,Bucuru (Cugir),Bucuru,Cugir
Alba,28,Budăieşti (Albac),Budăieşti,Albac
Alba,831,Budeni (Zlatna),Budeni,Zlatna
Alba,253,Bulbuc (Ceru-Băcăinţi),Bulbuc,Ceru-Băcăinţi
Alba,278,Buninginea (Ciuruleasa),Buninginea,Ciuruleasa
Alba,579,Bunta (Roșia Montană),Bunta,Roșia Montană
Alba,732,Burzeşti (Vadu Moților),Burzeşti,Vadu Moților
Alba,659,Burzoneşti (Sohodol),Burzoneşti,Sohodol
Alba,355,Buteşti (Horea),Buteşti,Horea
Alba,475,Buteşti (Mogoş),Buteşti,Mogoş
Alba,293,Călene (Cugir),Călene,Cugir
Alba,209,Câlnic,Câlnic,
Alba,77,Călugăreşti (Avram Iancu),Călugăreşti,Avram Iancu
Alba,223,Câmpeni,Câmpeni,
Alba,811,Câmpu Goblii (Vinţu de Jos),Câmpu Goblii,Vinţu de Jos
Alba,78,Cândeşti (Avram Iancu),Cândeşti,Avram Iancu
Alba,618,Căpâlna (Săsciori),Căpâlna,Săsciori
Alba,389,Căpâlna de Jos (Jidvei),Căpâlna de Jos,Jidvei
Alba,491,Căptălan (Noşlac),Căptălan,Noşlac
Alba,243,Capu Dealului (Cenade),Capu Dealului,Cenade
Alba,716,Căpud (Teiuş),Căpud,Teiuş
Alba,79,Cârăşti (Avram Iancu),Cârăşti,Avram Iancu
Alba,695,Carpen (Şpring),Carpen,Şpring
Alba,696,Carpenii de Sus (Şpring),Carpenii de Sus,Şpring
Alba,326,Cărpiniş (Gârbova),Cărpiniş,Gârbova
Alba,580,Cărpiniş (Roșia Montană),Cărpiniş,Roșia Montană
Alba,80,Cârţuleşti (Avram Iancu),Cârţuleşti,Avram Iancu
Alba,55,Casa de Piatră (Arieşeni),Casa de Piatră,Arieşeni
Alba,81,Căsoaia (Avram Iancu),Căsoaia,Avram Iancu
Alba,244,Cenade,Cenade,
Alba,182,Cerbu (Bucium),Cerbu,Bucium
Alba,247,Cergău,Cergău,
Alba,248,Cergău Mare (Cergău),Cergău Mare,Cergău
Alba,249,Cergău Mic (Cergău),Cergău Mic,Cergău
Alba,224,Certege (Câmpeni),Certege,Câmpeni
Alba,254,Ceru-Băcăinţi,Ceru-Băcăinţi,
Alba,263,Cetatea de Baltă,Cetatea de Baltă,
Alba,315,Cetea (Galda de Jos),Cetea,Galda de Jos
Alba,558,Cheia (Râmeţ),Cheia,Râmeţ
Alba,46,Cheile Cibului (Almaşu Mare),Cheile Cibului,Almaşu Mare
Alba,124,Cheleteni (Bistra),Cheleteni,Bistra
Alba,47,Cib (Almaşu Mare),Cib,Almaşu Mare
Alba,411,Cicârd (Lopadea Nouă),Cicârd,Lopadea Nouă
Alba,462,Cicău (Mirăslău),Cicău,Mirăslău
Alba,109,Cioara de Sus (Baia de Arieş),Cioara de Sus,Baia de Arieş
Alba,812,Ciocaşu (Vinţu de Jos),Ciocaşu,Vinţu de Jos
Alba,29,Cioneşti (Albac),Cioneşti,Albac
Alba,457,Cistei (Mihalţ),Cistei,Mihalţ
Alba,498,Cisteiu de Mureş (Ocna Mureş),Cisteiu de Mureş,Ocna Mureş
Alba,183,Ciuculeşti (Bucium),Ciuculeşti,Bucium
Alba,268,Ciugud,Ciugud,
Alba,721,Ciugudu de Jos (Unirea),Ciugudu de Jos,Unirea
Alba,722,Ciugudu de Sus (Unirea),Ciugudu de Sus,Unirea
Alba,412,Ciuguzel (Lopadea Nouă),Ciuguzel,Lopadea Nouă
Alba,125,Ciuldeşti (Bistra),Ciuldeşti,Bistra
Alba,10,Ciumbrud (Aiud),Ciumbrud,Aiud
Alba,279,Ciuruleasa,Ciuruleasa,
Alba,581,Coasta Henţii (Roșia Montană),Coasta Henţii,Roșia Montană
Alba,225,Coasta Vascului (Câmpeni),Coasta Vascului,Câmpeni
Alba,56,Cobleş (Arieşeni),Cobleş,Arieşeni
Alba,82,Coceşti (Avram Iancu),Coceşti,Avram Iancu
Alba,83,Cocoşeşti (Avram Iancu),Cocoşeşti,Avram Iancu
Alba,476,Cojocani (Mogoş),Cojocani,Mogoş
Alba,184,Coleşeni (Bucium),Coleşeni,Bucium
Alba,510,Colibi (Ohaba),Colibi,Ohaba
Alba,570,Colţeşti (Rimetea),Colţeşti,Rimetea
Alba,492,Copand (Noşlac),Copand,Noşlac
Alba,582,Corna (Roșia Montană),Corna,Roșia Montană
Alba,174,Cornu (Bucerdea Grânoasă),Cornu,Bucerdea Grânoasă
Alba,84,Coroieşti (Avram Iancu),Coroieşti,Avram Iancu
Alba,541,Corţeşti (Poşaga),Corţeşti,Poşaga
Alba,611,Coşlariu (Sântimbru),Coşlariu,Sântimbru
Alba,717,Coşlariu Nou (Teiuş),Coşlariu Nou,Teiuş
Alba,30,Costeşti (Albac),Costeşti,Albac
Alba,522,Costeşti (Poiana Vadului),Costeşti,Poiana Vadului
Alba,559,Cotorăşti (Râmeţ),Cotorăşti,Râmeţ
Alba,285,Crăciunelu de Jos,Crăciunelu de Jos,
Alba,264,Crăciunelu de Sus (Cetatea de Baltă),Crăciunelu de Sus,Cetatea de Baltă
Alba,287,Craiva (Cricău),Craiva,Cricău
Alba,127,Creţeşti (Bistra),Creţeşti,Bistra
Alba,288,Cricău,Cricău,
Alba,813,Crişeni (Vinţu de Jos),Crişeni,Vinţu de Jos
Alba,477,Cristeşti (Mogoş),Cristeşti,Mogoş
Alba,255,Cucuta (Ceru-Băcăinţi),Cucuta,Ceru-Băcăinţi
Alba,294,Cugir,Cugir,
Alba,767,Culdeşti (Vidra),Culdeşti,Vidra
Alba,697,Cunţa (Şpring),Cunţa,Şpring
Alba,583,Curături (Roșia Montană),Curături,Roșia Montană
Alba,422,Curmătură (Lupşa),Curmătură,Lupşa
Alba,256,Curpeni (Ceru-Băcăinţi),Curpeni,Ceru-Băcăinţi
Alba,300,Cut,Cut,
Alba,302,Daia Română,Daia Română,
Alba,128,Dâmbureni (Bistra),Dâmbureni,Bistra
Alba,226,Dandut (Câmpeni),Dandut,Câmpeni
Alba,356,Dârleşti (Horea),Dârleşti,Horea
Alba,584,Dăroaia (Roșia Montană),Dăroaia,Roșia Montană
Alba,211,Deal (Câlnic),Deal,Câlnic
Alba,57,Dealu Bajului (Arieşeni),Dealu Bajului,Arieşeni
Alba,227,Dealu Bistrii (Câmpeni),Dealu Bistrii,Câmpeni
Alba,228,Dealu Capsei (Câmpeni),Dealu Capsei,Câmpeni
Alba,594,Dealu Caselor (Sălciua),Dealu Caselor,Sălciua
Alba,85,Dealu Crişului (Avram Iancu),Dealu Crişului,Avram Iancu
Alba,305,Dealu Doştatului (Doştat),Dealu Doştatului,Doştat
Alba,814,Dealu Ferului (Vinţu de Jos),Dealu Ferului,Vinţu de Jos
Alba,331,Dealu Frumos (Gârda de Sus),Dealu Frumos,Gârda de Sus
Alba,733,Dealu Frumos (Vadu Moților),Dealu Frumos,Vadu Moților
Alba,376,Dealu Geoagiului (Întregalde),Dealu Geoagiului,Întregalde
Alba,768,Dealu Goieşti (Vidra),Dealu Goieşti,Vidra
Alba,31,Dealu Lămăşoi (Albac),Dealu Lămăşoi,Albac
Alba,129,Dealu Muntelui (Bistra),Dealu Muntelui,Bistra
Alba,332,Dealu Ordâncuşii (Gârda de Sus),Dealu Ordâncuşii,Gârda de Sus
Alba,832,Dealu Roatei (Zlatna),Dealu Roatei,Zlatna
Alba,463,Decea (Mirăslău),Decea,Mirăslău
Alba,158,Deleni-Obarsie (Blaj),Deleni-Obarsie,Blaj
Alba,660,Deonceşti (Sohodol),Deonceşti,Sohodol
Alba,32,Deve (Albac),Deve,Albac
Alba,661,Dilimani (Sohodol),Dilimani,Sohodol
Alba,709,Dobra (Şugag),Dobra,Şugag
Alba,333,Dobreşti (Gârda de Sus),Dobreşti,Gârda de Sus
Alba,833,Dobrot (Zlatna),Dobrot,Zlatna
Alba,185,Dogăreşti (Bucium),Dogăreşti,Bucium
Alba,86,Doleşti (Avram Iancu),Doleşti,Avram Iancu
Alba,689,Doptău (Şona),Doptău,Şona
Alba,769,Dos (Vidra),Dos,Vidra
Alba,306,Doştat,Doştat,
Alba,770,Dosu Luncii (Vidra),Dosu Luncii,Vidra
Alba,771,Dosu Văseşti (Vidra),Dosu Văseşti,Vidra
Alba,772,Drăgoieşti-Luncă (Vidra),Drăgoieşti-Luncă,Vidra
Alba,269,Drâmbar (Ciugud),Drâmbar,Ciugud
Alba,698,Draşov (Şpring),Draşov,Şpring
Alba,229,Dric (Câmpeni),Dric,Câmpeni
Alba,523,Duduieni (Poiana Vadului),Duduieni,Poiana Vadului
Alba,87,Dumăceşti (Avram Iancu),Dumăceşti,Avram Iancu
Alba,270,Dumbrava (Ciugud),Dumbrava,Ciugud
Alba,619,Dumbrava (Săsciori),Dumbrava,Săsciori
Alba,723,Dumbrava (Unirea),Dumbrava,Unirea
Alba,834,Dumbrava (Zlatna),Dumbrava,Zlatna
Alba,257,Dumbrăviţa (Ceru-Băcăinţi),Dumbrăviţa,Ceru-Băcăinţi
Alba,595,Dumeşti (Sălciua),Dumeşti,Sălciua
Alba,612,Dumitra (Sântimbru),Dumitra,Sântimbru
Alba,423,După Deal (Lupşa),După Deal,Lupşa
Alba,534,După Deal (Ponor),După Deal,Ponor
Alba,33,După Pleşe (Albac),După Pleşe,Albac
Alba,130,Durăşti (Bistra),Durăşti,Bistra
Alba,745,Făget (Valea Lungă),Făget,Valea Lungă
Alba,524,Făgetu de Jos (Poiana Vadului),Făgetu de Jos,Poiana Vadului
Alba,525,Făgetu de Sus (Poiana Vadului),Făgetu de Sus,Poiana Vadului
Alba,258,Fântânele (Ceru-Băcăinţi),Fântânele,Ceru-Băcăinţi
Alba,308,Fărău,Fărău,
Alba,34,Faţa (Albac),Faţa,Albac
Alba,230,Faţa Abrudului (Câmpeni),Faţa Abrudului,Câmpeni
Alba,58,Faţa Cristesei (Arieşeni),Faţa Cristesei,Arieşeni
Alba,59,Faţa Lăpuşului (Arieşeni),Faţa Lăpuşului,Arieşeni
Alba,702,Faţa Pietrii (Stremţ),Faţa Pietrii,Stremţ
Alba,630,Faţa-Lăzeşti (Scărişoara),Faţa-Lăzeşti,Scărişoara
Alba,390,Feisa (Jidvei),Feisa,Jidvei
Alba,835,Fenes (Zlatna),Fenes,Zlatna
Alba,186,Fereşti (Bucium),Fereşti,Bucium
Alba,357,Fericet (Horea),Fericet,Horea
Alba,295,Feţeni (Cugir),Feţeni,Cugir
Alba,773,Ficăreşti (Vidra),Ficăreşti,Vidra
Alba,159,Flitesti (Blaj),Flitesti,Blaj
Alba,187,Floreşti (Bucium),Floreşti,Bucium
Alba,231,Floreşti (Câmpeni),Floreşti,Câmpeni
Alba,560,Floreşti (Râmeţ),Floreşti,Râmeţ
Alba,631,Floreşti (Scărişoara),Floreşti,Scărişoara
Alba,232,Furduieşti (Câmpeni),Furduieşti,Câmpeni
Alba,662,Furduieşti (Sohodol),Furduieşti,Sohodol
Alba,493,Găbud (Noşlac),Găbud,Noşlac
Alba,836,Galaţi (Zlatna),Galaţi,Zlatna
Alba,60,Galbena (Arieşeni),Galbena,Arieşeni
Alba,316,Galda de Jos,Galda de Jos,
Alba,317,Galda de Sus (Galda de Jos),Galda de Sus,Galda de Jos
Alba,613,Galtiu (Sântimbru),Galtiu,Sântimbru
Alba,11,Gâmbaş (Aiud),Gâmbaş,Aiud
Alba,131,Găneşti (Bistra),Găneşti,Bistra
Alba,327,Gârbova,Gârbova,
Alba,12,Gârbova de Jos (Aiud),Gârbova de Jos,Aiud
Alba,13,Garbova de Sus (Aiud),Garbova de Sus,Aiud
Alba,14,Gârboviţa (Aiud),Gârboviţa,Aiud
Alba,334,Gârda de Sus,Gârda de Sus,
Alba,335,Gârda Seacă (Gârda de Sus),Gârda Seacă,Gârda de Sus
Alba,585,Garda-Barbulesti (Roșia Montană),Garda-Barbulesti,Roșia Montană
Alba,132,Gârde (Bistra),Gârde,Bistra
Alba,424,Geamăna (Lupşa),Geamăna,Lupşa
Alba,703,Geoagiu de Sus (Stremţ),Geoagiu de Sus,Stremţ
Alba,535,Geogel (Ponor),Geogel,Ponor
Alba,704,Geomal (Stremţ),Geomal,Stremţ
Alba,280,Gheduleşti (Ciuruleasa),Gheduleşti,Ciuruleasa
Alba,336,Gheţari (Gârda de Sus),Gheţari,Gârda de Sus
Alba,377,Ghioncani (Întregalde),Ghioncani,Întregalde
Alba,115,Ghirbom (Berghin),Ghirbom,Berghin
Alba,358,Giurgiuţ (Horea),Giurgiuţ,Horea
Alba,774,Gligoreşti (Vidra),Gligoreşti,Vidra
Alba,48,Glod (Almaşu Mare),Glod,Almaşu Mare
Alba,746,Glogoveţ (Valea Lungă),Glogoveţ,Valea Lungă
Alba,296,Goaşele (Cugir),Goaşele,Cugir
Alba,775,Goieşti (Vidra),Goieşti,Vidra
Alba,88,Gojeieşti (Avram Iancu),Gojeieşti,Avram Iancu
Alba,245,Gorgan (Cenade),Gorgan,Cenade
Alba,259,Groşi (Ceru-Băcăinţi),Groşi,Ceru-Băcăinţi
Alba,417,Gura Arieşului (Lunca Mureșului),Gura Arieşului,Lunca Mureșului
Alba,5,Gura Cornei (Abrud),Gura Cornei,Abrud
Alba,815,Gura Cuţului (Vinţu de Jos),Gura Cuţului,Vinţu de Jos
Alba,188,Gura Izbitei (Bucium),Gura Izbitei,Bucium
Alba,586,Gura Roşiei (Roșia Montană),Gura Roşiei,Roșia Montană
Alba,663,Gura Sohodol (Sohodol),Gura Sohodol,Sohodol
Alba,425,Hădărău (Lupşa),Hădărău,Lupşa
Alba,776,Haiduceşti (Vidra),Haiduceşti,Vidra
Alba,337,Hănăşeşti (Gârda de Sus),Hănăşeşti,Gârda de Sus
Alba,526,Hănăşeşti (Poiana Vadului),Hănăşeşti,Poiana Vadului
Alba,49,Hanes Mina (Almaşu Mare),Hanes Mina,Almaşu Mare
Alba,271,Hăpria (Ciugud),Hăpria,Ciugud
Alba,777,Hărăşti (Vidra),Hărăşti,Vidra
Alba,816,Haţegana (Vinţu de Jos),Haţegana,Vinţu de Jos
Alba,89,Helereşti (Avram Iancu),Helereşti,Avram Iancu
Alba,189,Heleşti (Bucium),Heleşti,Bucium
Alba,116,Henig (Berghin),Henig,Berghin
Alba,309,Heria (Fărău),Heria,Fărău
Alba,664,Hoancă (Sohodol),Hoancă,Sohodol
Alba,778,Hoancă (Vidra),Hoancă,Vidra
Alba,133,Hodişeşti (Bistra),Hodişeşti,Bistra
Alba,61,Hodobana (Arieşeni),Hodobana,Arieşeni
Alba,426,Holobani (Lupşa),Holobani,Lupşa
Alba,348,Hopârta,Hopârta,
Alba,359,Horea,Horea,
Alba,134,Hudriceşti (Bistra),Hudriceşti,Bistra
Alba,338,Huzăreşti (Gârda de Sus),Huzăreşti,Gârda de Sus
Alba,587,Iacobeşti (Roșia Montană),Iacobeşti,Roșia Montană
Alba,169,Ibru (Blandiana),Ibru,Blandiana
Alba,607,Iclod (Sâncel),Iclod,Sâncel
Alba,371,Ighiel (Ighiu),Ighiel,Ighiu
Alba,372,Ighiu,Ighiu,
Alba,588,Ignăteşti (Roșia Montană),Ignăteşti,Roșia Montană
Alba,378,Ilieşti (Întregalde),Ilieşti,Întregalde
Alba,90,Inceşti (Avram Iancu),Inceşti,Avram Iancu
Alba,542,Inceşti (Poşaga),Inceşti,Poşaga
Alba,724,Inoc (Unirea),Inoc,Unirea
Alba,379,Întregalde,Întregalde,
Alba,817,Inuri (Vinţu de Jos),Inuri,Vinţu de Jos
Alba,445,Isca (Meteş),Isca,Meteş
Alba,380,Ivăniş (Întregalde),Ivăniş,Întregalde
Alba,190,Izbicioara (Bucium),Izbicioara,Bucium
Alba,191,Izbita (Bucium),Izbita,Bucium
Alba,62,Izlaz (Arieşeni),Izlaz,Arieşeni
Alba,160,Izvoarele (Blaj),Izvoarele,Blaj
Alba,339,Izvoarele (Gârda de Sus),Izvoarele,Gârda de Sus
Alba,398,Izvoarele (Livezile),Izvoarele,Livezile
Alba,837,Izvoru Ampoiului (Zlatna),Izvoru Ampoiului,Zlatna
Alba,780,Jefleşti (Vidra),Jefleşti,Vidra
Alba,710,Jidoştina (Şugag),Jidoştina,Şugag
Alba,391,Jidvei,Jidvei,
Alba,91,Jojei (Avram Iancu),Jojei,Avram Iancu
Alba,665,Joldişeşti (Sohodol),Joldişeşti,Sohodol
Alba,192,Jurcuieşti (Bucium),Jurcuieşti,Bucium
Alba,645,Lancrăm (Sebeş),Lancrăm,Sebeş
Alba,620,Laz (Săsciori),Laz,Săsciori
Alba,818,Laz (Vinţu de Jos),Laz,Vinţu de Jos
Alba,632,Lăzeşti (Scărişoara),Lăzeşti,Scărişoara
Alba,734,Lăzeşti (Vadu Moților),Lăzeşti,Vadu Moților
Alba,427,Lazuri (Lupşa),Lazuri,Lupşa
Alba,666,Lazuri (Sohodol),Lazuri,Sohodol
Alba,667,Leheşti (Sohodol),Leheşti,Sohodol
Alba,551,Leorinţ (Rădeşti),Leorinţ,Rădeşti
Alba,633,Lespezea (Scărişoara),Lespezea,Scărişoara
Alba,135,Lipaia (Bistra),Lipaia,Bistra
Alba,401,Livezile,Livezile,
Alba,748,Lodroman (Valea Lungă),Lodroman,Valea Lungă
Alba,621,Loman (Săsciori),Loman,Săsciori
Alba,413,Lopadea Nouă,Lopadea Nouă,
Alba,464,Lopadea Veche (Mirăslău),Lopadea Veche,Mirăslău
Alba,668,Lumineşti (Sohodol),Lumineşti,Sohodol
Alba,428,Lunca (Lupşa),Lunca,Lupşa
Alba,543,Lunca (Poşaga),Lunca,Poşaga
Alba,749,Lunca (Valea Lungă),Lunca,Valea Lungă
Alba,781,Lunca (Vidra),Lunca,Vidra
Alba,446,Lunca Ampoiţei (Meteş),Lunca Ampoiţei,Meteş
Alba,782,Lunca Bisericii (Vidra),Lunca Bisericii,Vidra
Alba,783,Lunca de Jos (Vidra),Lunca de Jos,Vidra
Alba,784,Lunca Goieşti (Vidra),Lunca Goieşti,Vidra
Alba,136,Lunca Largă (Bistra),Lunca Largă,Bistra
Alba,505,Lunca Largă (Ocoliş),Lunca Largă,Ocoliş
Alba,137,Lunca Merilor (Bistra),Lunca Merilor,Bistra
Alba,447,Lunca Meteşului (Meteş),Lunca Meteşului,Meteş
Alba,418,Lunca Mureșului,Lunca Mureșului,
Alba,690,Lunca Târnavei (Şona),Lunca Târnavei,Şona
Alba,785,Lunca Veseşti (Vidra),Lunca Veseşti,Vidra
Alba,527,Lupăieşti (Poiana Vadului),Lupăieşti,Poiana Vadului
Alba,429,Lupşa,Lupşa,
Alba,318,Lupşeni (Galda de Jos),Lupşeni,Galda de Jos
Alba,250,Lupu (Cergău),Lupu,Cergău
Alba,193,Lupuleşti (Bucium),Lupuleşti,Bucium
Alba,536,Măcăreşti (Ponor),Măcăreşti,Ponor
Alba,511,Măghierat (Ohaba),Măghierat,Ohaba
Alba,15,Măgina (Aiud),Măgina,Aiud
Alba,194,Măgura (Bucium),Măgura,Bucium
Alba,319,Măgura (Galda de Jos),Măgura,Galda de Jos
Alba,725,Măhăceni (Unirea),Măhăceni,Unirea
Alba,478,Mămăligani (Mogoş),Mămăligani,Mogoş
Alba,161,Mănărade (Blaj),Mănărade,Blaj
Alba,430,Mănăstire (Lupşa),Mănăstire,Lupşa
Alba,360,Mănceşti (Horea),Mănceşti,Horea
Alba,431,Mărgaia (Lupşa),Mărgaia,Lupşa
Alba,602,Mărgineni (Săliştea),Mărgineni,Săliştea
Alba,381,Mărineşti (Întregalde),Mărineşti,Întregalde
Alba,92,Mărteşti (Avram Iancu),Mărteşti,Avram Iancu
Alba,711,Mărtinie (Şugag),Mărtinie,Şugag
Alba,819,Mătăcina (Vinţu de Jos),Mătăcina,Vinţu de Jos
Alba,634,Maţei (Scărişoara),Maţei,Scărişoara
Alba,281,Mătişeşti (Ciuruleasa),Mătişeşti,Ciuruleasa
Alba,361,Mătişeşti (Horea),Mătişeşti,Horea
Alba,669,Medreşti (Sohodol),Medreşti,Sohodol
Alba,310,Medveş (Fărău),Medveş,Fărău
Alba,820,Mereteu (Vinţu de Jos),Mereteu,Vinţu de Jos
Alba,552,Meşcreac (Rădeşti),Meşcreac,Rădeşti
Alba,320,Mesentea (Galda de Jos),Mesentea,Galda de Jos
Alba,448,Meteş,Meteş,
Alba,22,Miceşti (Alba Iulia),Miceşti,Alba Iulia
Alba,499,Micoşlaca (Ocna Mureş),Micoşlaca,Ocna Mureş
Alba,138,Mihăieşti (Bistra),Mihăieşti,Bistra
Alba,458,Mihalţ,Mihalţ,
Alba,233,Mihoeşti (Câmpeni),Mihoeşti,Câmpeni
Alba,465,Mirăslău,Mirăslău,
Alba,382,Modoleşti (Întregalde),Modoleşti,Întregalde
Alba,786,Modoleşti (Vidra),Modoleşti,Vidra
Alba,479,Mogoş,Mogoş,
Alba,282,Morăreşti (Ciuruleasa),Morăreşti,Ciuruleasa
Alba,670,Morăreşti (Sohodol),Morăreşti,Sohodol
Alba,528,Morcăneşti (Poiana Vadului),Morcăneşti,Poiana Vadului
Alba,234,Motorăşti (Câmpeni),Motorăşti,Câmpeni
Alba,297,Mugeşti (Cugir),Mugeşti,Cugir
Alba,110,Muncelu (Baia de Arieş),Muncelu,Baia de Arieş
Alba,671,Muneşti (Sohodol),Muneşti,Sohodol
Alba,195,Muntari (Bucium),Muntari,Bucium
Alba,340,Munună (Gârda de Sus),Munună,Gârda de Sus
Alba,432,Muşca (Lupşa),Muşca,Lupşa
Alba,50,Nădăştia (Almaşu Mare),Nădăştia,Almaşu Mare
Alba,139,Nămaş (Bistra),Nămaş,Bistra
Alba,672,Năpăieşti (Sohodol),Năpăieşti,Sohodol
Alba,383,Necrileşti (Întregalde),Necrileşti,Întregalde
Alba,735,Necşeşti (Vadu Moților),Necşeşti,Vadu Moților
Alba,635,Negeşti (Scărişoara),Negeşti,Scărişoara
Alba,480,Negreşti (Mogoş),Negreşti,Mogoş
Alba,673,Nelegeşti (Sohodol),Nelegeşti,Sohodol
Alba,787,Nemeşi (Vidra),Nemeşi,Vidra
Alba,674,Nicoreşti (Sohodol),Nicoreşti,Sohodol
Alba,362,Niculeşti (Horea),Niculeşti,Horea
Alba,494,Noşlac,Noşlac,
Alba,140,Novăceşti (Bistra),Novăceşti,Bistra
Alba,23,Oarda (Alba Iulia),Oarda,Alba Iulia
Alba,459,Obreja (Mihalţ),Obreja,Mihalţ
Alba,500,Ocna Mureş,Ocna Mureş,
Alba,414,Ocnişoara (Lopadea Nouă),Ocnişoara,Lopadea Nouă
Alba,341,Ocoale (Gârda de Sus),Ocoale,Gârda de Sus
Alba,506,Ocoliş,Ocoliş,
Alba,415,Odverem (Lopadea Nouă),Odverem,Lopadea Nouă
Alba,512,Ohaba,Ohaba,
Alba,788,Oideşti (Vidra),Oideşti,Vidra
Alba,321,Oiejdea (Galda de Jos),Oiejdea,Galda de Jos
Alba,561,Olteni (Râmeţ),Olteni,Râmeţ
Alba,481,Onceşti (Mogoş),Onceşti,Mogoş
Alba,544,Orăşti (Poşaga),Orăşti,Poşaga
Alba,93,Orgeşti (Avram Iancu),Orgeşti,Avram Iancu
Alba,466,Ormeniş (Mirăslău),Ormeniş,Mirăslău
Alba,24,Păclişa (Alba Iulia),Păclişa,Alba Iulia
Alba,175,Pădure (Bucerdea Grânoasă),Pădure,Bucerdea Grânoasă
Alba,449,Pădurea (Meteş),Pădurea,Meteş
Alba,16,Păgida (Aiud),Păgida,Aiud
Alba,608,Pănade (Sâncel),Pănade,Sâncel
Alba,176,Pânca (Bucerdea Grânoasă),Pânca,Bucerdea Grânoasă
Alba,63,Pănteşti (Arieşeni),Pănteşti,Arieşeni
Alba,838,Parau Gruiului (Zlatna),Parau Gruiului,Zlatna
Alba,821,Pârău lui Mihai (Vinţu de Jos),Pârău lui Mihai,Vinţu de Jos
Alba,433,Pârâu-Cărbunări (Lupşa),Pârâu-Cărbunări,Lupşa
Alba,529,Păşteşti (Poiana Vadului),Păşteşti,Poiana Vadului
Alba,64,Pătrăhăiţeşti (Arieşeni),Pătrăhăiţeşti,Arieşeni
Alba,839,Pătrângeni (Zlatna),Pătrângeni,Zlatna
Alba,363,Pătruşeşti (Horea),Pătruşeşti,Horea
Alba,94,Pătruţeşti (Avram Iancu),Pătruţeşti,Avram Iancu
Alba,675,Peleş (Sohodol),Peleş,Sohodol
Alba,141,Perjeşti (Bistra),Perjeşti,Bistra
Alba,235,Peste Valea Bistrii (Câmpeni),Peste Valea Bistrii,Câmpeni
Alba,718,Peţelca (Teiuş),Peţelca,Teiuş
Alba,530,Petelei (Poiana Vadului),Petelei,Poiana Vadului
Alba,364,Petreasa (Horea),Petreasa,Horea
Alba,196,Petreni (Bucium),Petreni,Bucium
Alba,646,Petreşti (Sebeş),Petreşti,Sebeş
Alba,162,Petrisat (Blaj),Petrisat,Blaj
Alba,515,Pianu,Pianu,
Alba,516,Pianu de Jos (Pianu),Pianu de Jos,Pianu
Alba,517,Pianu de Sus (Pianu),Pianu de Sus,Pianu
Alba,840,Pirita (Zlatna),Pirita,Zlatna
Alba,789,Pitărceşti (Vidra),Pitărceşti,Vidra
Alba,434,Piţiga (Lupşa),Piţiga,Lupşa
Alba,95,Plai (Avram Iancu),Plai,Avram Iancu
Alba,342,Plai (Gârda de Sus),Plai,Gârda de Sus
Alba,518,Plaiuri (Pianu),Plaiuri,Pianu
Alba,790,Pleşcuţa (Vidra),Pleşcuţa,Vidra
Alba,35,Pleşeşti (Albac),Pleşeşti,Albac
Alba,622,Pleşi (Săsciori),Pleşi,Săsciori
Alba,343,Plişti (Gârda de Sus),Plişti,Gârda de Sus
Alba,841,Podu lui Paul (Zlatna),Podu lui Paul,Zlatna
Alba,236,Poduri (Câmpeni),Poduri,Câmpeni
Alba,736,Poduri-Briceşti (Vadu Moților),Poduri-Briceşti,Vadu Moților
Alba,142,Poiana (Bistra),Poiana,Bistra
Alba,197,Poiana (Bucium),Poiana,Bucium
Alba,676,Poiana (Sohodol),Poiana,Sohodol
Alba,403,Poiana Aiudului (Livezile),Poiana Aiudului,Livezile
Alba,450,Poiana Ampoiului (Meteş),Poiana Ampoiului,Meteş
Alba,322,Poiana Galdei (Galda de Jos),Poiana Galdei,Galda de Jos
Alba,451,Poiana Ursului (Meteş),Poiana Ursului,Meteş
Alba,531,Poiana Vadului,Poiana Vadului,
Alba,170,Poieni (Blandiana),Poieni,Blandiana
Alba,198,Poieni (Bucium),Poieni,Bucium
Alba,791,Poieni (Vidra),Poieni,Vidra
Alba,482,Poienile-Mogoş (Mogoş),Poienile-Mogoş,Mogoş
Alba,65,Poieniţa (Arieşeni),Poieniţa,Arieşeni
Alba,822,Poieniţa (Vinţu de Jos),Poieniţa,Vinţu de Jos
Alba,143,Poiu (Bistra),Poiu,Bistra
Alba,537,Ponor,Ponor,
Alba,792,Ponorel (Vidra),Ponorel,Vidra
Alba,384,Popeşti (Întregalde),Popeşti,Întregalde
Alba,737,Popeştii de Jos (Vadu Moților),Popeştii de Jos,Vadu Moților
Alba,738,Popeştii de Sus (Vadu Moților),Popeştii de Sus,Vadu Moților
Alba,545,Poşaga,Poşaga,
Alba,546,Poşaga de Jos (Poşaga),Poşaga de Jos,Poşaga
Alba,547,Poşaga de Sus (Poşaga),Poşaga de Sus,Poşaga
Alba,435,Poşogani (Lupşa),Poşogani,Lupşa
Alba,36,Potionci (Albac),Potionci,Albac
Alba,365,Preluca (Horea),Preluca,Horea
Alba,637,Preluca (Scărişoara),Preluca,Scărişoara
Alba,452,Presaca Ampoiului (Meteş),Presaca Ampoiului,Meteş
Alba,793,Puiuleţeşti (Vidra),Puiuleţeşti,Vidra
Alba,519,Purcăreţi (Pianu),Purcăreţi,Pianu
Alba,96,Puşeleşti (Avram Iancu),Puşeleşti,Avram Iancu
Alba,171,Răcătău (Blandiana),Răcătău,Blandiana
Alba,467,Rachiş (Mirăslău),Rachiş,Mirăslău
Alba,623,Răchita (Săsciori),Răchita,Săsciori
Alba,553,Rădeşti,Rădeşti,
Alba,647,Răhău (Sebeş),Răhău,Sebeş
Alba,323,Răicani (Galda de Jos),Răicani,Galda de Jos
Alba,562,Râmeţ,Râmeţ,
Alba,144,Rătitiş (Bistra),Rătitiş,Bistra
Alba,66,Raviceşti (Arieşeni),Raviceşti,Arieşeni
Alba,501,Războieni-Cetate (Ocna Mureş),Războieni-Cetate,Ocna Mureş
Alba,328,Reciu (Gârbova),Reciu,Gârbova
Alba,453,Remetea (Meteş),Remetea,Meteş
Alba,571,Rimetea,Rimetea,
Alba,677,Robeşti (Sohodol),Robeşti,Sohodol
Alba,37,Rogoz (Albac),Rogoz,Albac
Alba,38,Roşeşti (Albac),Roşeşti,Albac
Alba,573,Roşia de Secaş,Roşia de Secaş,
Alba,589,Roşia Montană (Roșia Montană),Roşia Montană,Roșia Montană
Alba,507,Runc (Ocoliş),Runc,Ocoliş
Alba,639,Runc (Scărişoara),Runc,Scărişoara
Alba,795,Runc (Vidra),Runc,Vidra
Alba,842,Runc (Zlatna),Runc,Zlatna
Alba,145,Runcuri (Bistra),Runcuri,Bistra
Alba,39,Ruseşti (Albac),Ruseşti,Albac
Alba,843,Ruşi (Zlatna),Ruşi,Zlatna
Alba,548,Săgagea (Poşaga),Săgagea,Poşaga
Alba,146,Sălăgeşti (Bistra),Sălăgeşti,Bistra
Alba,596,Sălciua,Sălciua,
Alba,597,Sălciua de Jos (Sălciua),Sălciua de Jos,Sălciua
Alba,598,Sălciua de Sus (Sălciua),Sălciua de Sus,Sălciua
Alba,603,Săliştea,Săliştea,
Alba,604,Săliştea-Deal (Săliştea),Săliştea-Deal,Săliştea
Alba,311,Sânbenedic (Fărău),Sânbenedic,Fărău
Alba,609,Sâncel,Sâncel,
Alba,17,Sâncrai (Aiud),Sâncrai,Aiud
Alba,691,Sânmiclăuş (Şona),Sânmiclăuş,Şona
Alba,265,Sântămărie (Cetatea de Baltă),Sântămărie,Cetatea de Baltă
Alba,614,Sântimbru,Sântimbru,
Alba,652,Sărăcsău (Şibot),Sărăcsău,Şibot
Alba,373,Şard (Ighiu),Şard,Ighiu
Alba,111,Sartăş (Baia de Arieş),Sartăş,Baia de Arieş
Alba,436,Şasa (Lupşa),Şasa,Lupşa
Alba,624,Săsciori,Săsciori,
Alba,640,Scărişoara,Scărişoara,
Alba,344,Scoarţa (Gârda de Sus),Scoarţa,Gârda de Sus
Alba,648,Sebeş,Sebeş,
Alba,625,Sebeşel (Săsciori),Sebeşel,Săsciori
Alba,678,Sebişeşti (Sohodol),Sebişeşti,Sohodol
Alba,513,Secăşel (Ohaba),Secăşel,Ohaba
Alba,797,Segaj (Vidra),Segaj,Vidra
Alba,272,Şeuşa (Ciugud),Şeuşa,Ciugud
Alba,385,Sfârcea (Întregalde),Sfârcea,Întregalde
Alba,641,Sfoartea (Scărişoara),Sfoartea,Scărişoara
Alba,653,Şibot,Şibot,
Alba,679,Sicoieşti (Sohodol),Sicoieşti,Sohodol
Alba,312,Şilea (Fărău),Şilea,Fărău
Alba,349,Silivaş (Hopârta),Silivaş,Hopârta
Alba,680,Şimoceşti (Sohodol),Şimoceşti,Sohodol
Alba,112,Simuleşti (Baia de Arieş),Simuleşti,Baia de Arieş
Alba,345,Snide (Gârda de Sus),Snide,Gârda de Sus
Alba,590,Soal (Roșia Montană),Soal,Roșia Montană
Alba,6,Soharu (Abrud),Soharu,Abrud
Alba,40,Sohodol (Albac),Sohodol,Albac
Alba,681,Sohodol,Sohodol,
Alba,97,Şoiceşti (Avram Iancu),Şoiceşti,Avram Iancu
Alba,554,Şoimuş (Rădeşti),Şoimuş,Rădeşti
Alba,692,Şona,Şona,
Alba,237,Şorliţa (Câmpeni),Şorliţa,Câmpeni
Alba,350,Şpălnaca (Hopârta),Şpălnaca,Hopârta
Alba,163,Spătac (Blaj),Spătac,Blaj
Alba,699,Şpring,Şpring,
Alba,199,Stâlnişoara (Bucium),Stâlnişoara,Bucium
Alba,495,Stâna de Mureş (Noşlac),Stâna de Mureş,Noşlac
Alba,532,Stăneşti (Poiana Vadului),Stăneşti,Poiana Vadului
Alba,823,Stăuîni (Vinţu de Jos),Stăuîni,Vinţu de Jos
Alba,147,Ştefanca (Bistra),Ştefanca,Bistra
Alba,67,Ştei-Arieşeni (Arieşeni),Ştei-Arieşeni,Arieşeni
Alba,98,Şterteşti (Avram Iancu),Şterteşti,Avram Iancu
Alba,642,Ştiuleţi (Scărişoara),Ştiuleţi,Scărişoara
Alba,117,Straja (Berghin),Straja,Berghin
Alba,705,Stremţ,Stremţ,
Alba,520,Strungari (Pianu),Strungari,Pianu
Alba,68,Sturu (Arieşeni),Sturu,Arieşeni
Alba,599,Sub Piatră (Sălciua),Sub Piatră,Sălciua
Alba,346,Suceşti (Gârda de Sus),Suceşti,Gârda de Sus
Alba,712,Şugag,Şugag,
Alba,682,Surdeşti (Sohodol),Surdeşti,Sohodol
Alba,844,Suseni (Zlatna),Suseni,Zlatna
Alba,41,Tamboreşti (Albac),Tamboreşti,Albac
Alba,148,Ţărăneşti (Bistra),Ţărăneşti,Bistra
Alba,591,Ţarina (Roșia Montană),Ţarina,Roșia Montană
Alba,100,Târsa (Avram Iancu),Târsa,Avram Iancu
Alba,101,Târsa-Plai (Avram Iancu),Târsa-Plai,Avram Iancu
Alba,605,Tărtăria (Săliştea),Tărtăria,Săliştea
Alba,266,Tătârlaua (Cetatea de Baltă),Tătârlaua,Cetatea de Baltă
Alba,574,Tău (Roşia de Secaş),Tău,Roşia de Secaş
Alba,713,Tău Bistra (Şugag),Tău Bistra,Şugag
Alba,753,Tăuni (Valea Lungă),Tăuni,Valea Lungă
Alba,454,Tăuţi (Meteş),Tăuţi,Meteş
Alba,386,Tecşeşti (Întregalde),Tecşeşti,Întregalde
Alba,366,Teiu (Horea),Teiu,Horea
Alba,719,Teiuş,Teiuş,
Alba,273,Teleac (Ciugud),Teleac,Ciugud
Alba,374,Ţelna (Ighiu),Ţelna,Ighiu
Alba,289,Tibru (Cricău),Tibru,Cricău
Alba,18,Ţifra (Aiud),Ţifra,Aiud
Alba,164,Tiur (Blaj),Tiur,Blaj
Alba,683,Ţoci (Sohodol),Ţoci,Sohodol
Alba,149,Tolăceşti (Bistra),Tolăceşti,Bistra
Alba,483,Tomeşti (Mogoş),Tomeşti,Mogoş
Alba,150,Tomnatec (Bistra),Tomnatec,Bistra
Alba,238,Tomuşeşti (Câmpeni),Tomuşeşti,Câmpeni
Alba,739,Tomuţesti (Vadu Moților),Tomuţesti,Vadu Moților
Alba,626,Tonea (Săsciori),Tonea,Săsciori
Alba,740,Toţeşti (Vadu Moților),Toţeşti,Vadu Moților
Alba,616,Totoi (Sântimbru),Totoi,Sântimbru
Alba,845,Trampoiele (Zlatna),Trampoiele,Zlatna
Alba,643,Trânceşti (Scărişoara),Trânceşti,Scărişoara
Alba,367,Trifeşti (Horea),Trifeşti,Horea
Alba,437,Trifeşti (Lupşa),Trifeşti,Lupşa
Alba,151,Trişoreşti (Bistra),Trişoreşti,Bistra
Alba,351,Turdaş (Hopârta),Turdaş,Hopârta
Alba,502,Uioara de Jos (Ocna Mureş),Uioara de Jos,Ocna Mureş
Alba,503,Uioara de Sus (Ocna Mureş),Uioara de Sus,Ocna Mureş
Alba,575,Ungurei (Roşia de Secaş),Ungurei,Roşia de Secaş
Alba,728,Unirea,Unirea,
Alba,801,Urdeş (Vidra),Urdeş,Vidra
Alba,741,Vadu Moților,Vadu Moților,
Alba,438,Văi (Lupşa),Văi,Lupşa
Alba,802,Vâlcăneasa (Vidra),Vâlcăneasa,Vidra
Alba,200,Vâlcea (Bucium),Vâlcea,Bucium
Alba,803,Vâlceşti (Vidra),Vâlceşti,Vidra
Alba,538,Vale în Jos (Ponor),Vale în Jos,Ponor
Alba,201,Valea Abruzel (Bucium),Valea Abruzel,Bucium
Alba,202,Valea Albă (Bucium),Valea Albă,Bucium
Alba,484,Valea Bârluţeşti (Mogoş),Valea Bârluţeşti,Mogoş
Alba,485,Valea Barnii (Mogoş),Valea Barnii,Mogoş
Alba,239,Valea Bistrii (Câmpeni),Valea Bistrii,Câmpeni
Alba,539,Valea Bucurului (Ponor),Valea Bucurului,Ponor
Alba,240,Valea Caselor (Câmpeni),Valea Caselor,Câmpeni
Alba,203,Valea Cerbului (Bucium),Valea Cerbului,Bucium
Alba,496,Valea Ciuciului (Noşlac),Valea Ciuciului,Noşlac
Alba,486,Valea Coceşti (Mogoş),Valea Coceşti,Mogoş
Alba,563,Valea Făgetului (Râmeţ),Valea Făgetului,Râmeţ
Alba,487,Valea Giogeşti (Mogoş),Valea Giogeşti,Mogoş
Alba,824,Valea Goblii (Vinţu de Jos),Valea Goblii,Vinţu de Jos
Alba,439,Valea Holhorii (Lupşa),Valea Holhorii,Lupşa
Alba,564,Valea Inzelului (Râmeţ),Valea Inzelului,Râmeţ
Alba,600,Valea Largă (Sălciua),Valea Largă,Sălciua
Alba,825,Valea lui Mihai (Vinţu de Jos),Valea lui Mihai,Vinţu de Jos
Alba,755,Valea Lungă,Valea Lungă,
Alba,440,Valea Lupşii (Lupşa),Valea Lupşii,Lupşa
Alba,102,Valea Maciului (Avram Iancu),Valea Maciului,Avram Iancu
Alba,565,Valea Mănăstirii (Râmeţ),Valea Mănăstirii,Râmeţ
Alba,260,Valea Mare (Ceru-Băcăinţi),Valea Mare,Ceru-Băcăinţi
Alba,846,Valea Mică (Zlatna),Valea Mică,Zlatna
Alba,488,Valea Mlacii (Mogoş),Valea Mlacii,Mogoş
Alba,804,Valea Morii (Vidra),Valea Morii,Vidra
Alba,204,Valea Negrilesii (Bucium),Valea Negrilesii,Bucium
Alba,205,Valea Poienii (Bucium),Valea Poienii,Bucium
Alba,566,Valea Poienii (Râmeţ),Valea Poienii,Râmeţ
Alba,693,Valea Sasului (Şona),Valea Sasului,Şona
Alba,206,Valea Şesii (Bucium),Valea Şesii,Bucium
Alba,441,Valea Şesii (Lupşa),Valea Şesii,Lupşa
Alba,489,Valea Ţupilor (Mogoş),Valea Ţupilor,Mogoş
Alba,103,Valea Uţului (Avram Iancu),Valea Uţului,Avram Iancu
Alba,567,Valea Uzei (Râmeţ),Valea Uzei,Râmeţ
Alba,684,Valea Verde (Sohodol),Valea Verde,Sohodol
Alba,826,Valea Vinţului (Vinţu de Jos),Valea Vinţului,Vinţu de Jos
Alba,207,Văleni (Bucium),Văleni,Bucium
Alba,455,Văleni (Meteş),Văleni,Meteş
Alba,406,Vălişoara (Livezile),Vălişoara,Livezile
Alba,742,Vâltori (Vadu Moților),Vâltori,Vadu Moților
Alba,847,Vâltori (Zlatna),Vâltori,Zlatna
Alba,352,Vama Seacă (Hopârta),Vama Seacă,Hopârta
Alba,69,Vanvuceşti (Arieşeni),Vanvuceşti,Arieşeni
Alba,241,Varsi (Câmpeni),Varsi,Câmpeni
Alba,153,Vârşi-Rontu (Bistra),Vârşi-Rontu,Bistra
Alba,154,Vârşii Mari (Bistra),Vârşii Mari,Bistra
Alba,155,Vârşii Mici (Bistra),Vârşii Mici,Bistra
Alba,805,Vârtăneşti (Vidra),Vârtăneşti,Vidra
Alba,592,Vârtop (Roșia Montană),Vârtop,Roșia Montană
Alba,806,Văseşti (Vidra),Văseşti,Vidra
Alba,104,Verdeşti (Avram Iancu),Verdeşti,Avram Iancu
Alba,392,Veseuş (Jidvei),Veseuş,Jidvei
Alba,165,Veza (Blaj),Veza,Blaj
Alba,508,Vidolm (Ocoliş),Vidolm,Ocoliş
Alba,807,Vidra,Vidra,
Alba,105,Vidrişoara (Avram Iancu),Vidrişoara,Avram Iancu
Alba,261,Viezuri (Ceru-Băcăinţi),Viezuri,Ceru-Băcăinţi
Alba,298,Vinerea (Cugir),Vinerea,Cugir
Alba,700,Vingard (Şpring),Vingard,Şpring
Alba,442,Vinţa (Lupşa),Vinţa,Lupşa
Alba,827,Vinţu de Jos,Vinţu de Jos,
Alba,568,Vlădeşti (Râmeţ),Vlădeşti,Râmeţ
Alba,685,Vlădoşeşti (Sohodol),Vlădoşeşti,Sohodol
Alba,283,Vulcan (Ciuruleasa),Vulcan,Ciuruleasa
Alba,828,Vurpăr (Vinţu de Jos),Vurpăr,Vinţu de Jos
Alba,324,Zăgriş (Galda de Jos),Zăgriş,Galda de Jos
Alba,368,Zânzeşti (Horea),Zânzeşti,Horea
Alba,460,Zărieş (Mihalţ),Zărieş,Mihalţ
Alba,848,Zlatna,Zlatna,
Arad,1097,Aciuţa (Pleşcuţa),Aciuţa,Pleşcuţa
Arad,1156,Adea (Sintea Mare),Adea,Sintea Mare
Arad,1174,Agrişu Mare (Târnova),Agrişu Mare,Târnova
Arad,1017,Agrişu Mic (Hăşmaş),Agrişu Mic,Hăşmaş
Arad,867,Aldeşti (Bârsa),Aldeşti,Bârsa
Arad,851,Almaş,Almaş,
Arad,978,Aluniş (Frumuşeni),Aluniş,Frumuşeni
Arad,1231,Andrei Şaguna (Zimandu Nou),Andrei Şaguna,Zimandu Nou
Arad,856,Apateu,Apateu,
Arad,860,Arad,Arad,
Arad,1175,Arăneag (Târnova),Arăneag,Târnova
Arad,862,Archiş,Archiş,
Arad,916,Avram Iancu (Cermei),Avram Iancu,Cermei
Arad,1200,Avram Iancu (Vârfurile),Avram Iancu,Vârfurile
Arad,881,Bacău de Mijloc (Bata),Bacău de Mijloc,Bata
Arad,1193,Baia (Vărădia de Mureş),Baia,Vărădia de Mureş
Arad,1005,Băneşti (Hălmagiu),Băneşti,Hălmagiu
Arad,1074,Baraţca (Păuliş),Baraţca,Păuliş
Arad,868,Bârsa,Bârsa,
Arad,872,Bârzava,Bârzava,
Arad,863,Bârzeşti (Archiş),Bârzeşti,Archiş
Arad,882,Bata,Bata,
Arad,873,Bătuţa (Bârzava),Bătuţa,Bârzava
Arad,886,Beliu,Beliu,
Arad,927,Belotinţ (Conop),Belotinţ,Conop
Arad,887,Beneşti (Beliu),Beneşti,Beliu
Arad,857,Berechiu (Apateu),Berechiu,Apateu
Arad,908,Berindia (Buteni),Berindia,Buteni
Arad,893,Birchiş,Birchiş,
Arad,888,Bochia (Beliu),Bochia,Beliu
Arad,898,Bocsig,Bocsig,
Arad,1006,Bodeşti (Hălmagiu),Bodeşti,Hălmagiu
Arad,1222,Bodrogu Nou (Zădăreni),Bodrogu Nou,Zădăreni
Arad,1079,Bodrogu Vechi (Pecica),Bodrogu Vechi,Pecica
Arad,988,Bonţeşti (Gurahonţ),Bonţeşti,Gurahonţ
Arad,1018,Botfei (Hăşmaş),Botfei,Hăşmaş
Arad,902,Brazii,Brazii,
Arad,1007,Brusturi (Hălmagiu),Brusturi,Hălmagiu
Arad,1187,Bruznic (Ususău),Bruznic,Ususău
Arad,903,Buceava-Şoimuş (Brazii),Buceava-Şoimuş,Brazii
Arad,1098,Budeşti (Pleşcuţa),Budeşti,Pleşcuţa
Arad,949,Buhani (Dezna),Buhani,Dezna
Arad,883,Bulci (Bata),Bulci,Bata
Arad,909,Buteni,Buteni,
Arad,975,Călugăreni (Felnac),Călugăreni,Felnac
Arad,1148,Camna (Şilindia),Camna,Şilindia
Arad,894,Căpâlnaş (Birchiş),Căpâlnaş,Birchiş
Arad,1111,Caporal Alexa (Sântana),Caporal Alexa,Sântana
Arad,1114,Căprioara (Săvârşin),Căprioara,Săvârşin
Arad,874,Căpruţa (Bârzava),Căpruţa,Bârzava
Arad,913,Cărand,Cărand,
Arad,917,Cermei,Cermei,
Arad,928,Chelmac (Conop),Chelmac,Conop
Arad,1144,Chereluş (Şicula),Chereluş,Şicula
Arad,1218,Chesinţ (Zăbrani),Chesinţ,Zăbrani
Arad,1177,Chier (Târnova),Chier,Târnova
Arad,920,Chisindia,Chisindia,
Arad,924,Chisineu-Cris,Chisineu-Cris,
Arad,935,Chişlaca (Craiva),Chişlaca,Craiva
Arad,1213,Cicir (Vladimirescu),Cicir,Vladimirescu
Arad,852,Cil (Almaş),Cil,Almaş
Arad,1225,Cintei (Zărand),Cintei,Zărand
Arad,936,Ciunteşti (Craiva),Ciunteşti,Craiva
Arad,1075,Cladova (Păuliş),Cladova,Păuliş
Arad,1019,Clit (Hăşmaş),Clit,Hăşmaş
Arad,955,Cociuba (Dieci),Cociuba,Dieci
Arad,1020,Comăneşti (Hăşmaş),Comăneşti,Hăşmaş
Arad,929,Conop,Conop,
Arad,1087,Corbeşti (Petriş),Corbeşti,Petriş
Arad,937,Coroi (Craiva),Coroi,Craiva
Arad,933,Covăsinţ,Covăsinţ,
Arad,938,Craiva,Craiva,
Arad,1008,Cristeşti (Hălmagiu),Cristeşti,Hălmagiu
Arad,956,Crocna (Dieci),Crocna,Dieci
Arad,1105,Cruceni (Şagu),Cruceni,Şagu
Arad,1115,Cuiaş (Săvârşin),Cuiaş,Săvârşin
Arad,910,Cuied (Buteni),Cuied,Buteni
Arad,946,Curtici,Curtici,
Arad,1164,Cuveşdia (Şiştarovăţ),Cuveşdia,Şiştarovăţ
Arad,981,Cuvin (Ghioroc),Cuvin,Ghioroc
Arad,950,Dezna,Dezna,
Arad,957,Dieci,Dieci,
Arad,1124,Donceni (Sebiş),Donceni,Sebiş
Arad,1188,Dorgoş (Ususău),Dorgoş,Ususău
Arad,947,Dorobanţi (Curtici),Dorobanţi,Curtici
Arad,1178,Drauţ (Târnova),Drauţ,Târnova
Arad,1179,Dud (Târnova),Dud,Târnova
Arad,989,Dulcele (Gurahonţ),Dulcele,Gurahonţ
Arad,1099,Dumbrava (Pleşcuţa),Dumbrava,Pleşcuţa
Arad,875,Dumbrăviţa (Bârzava),Dumbrăviţa,Bârzava
Arad,967,Fântânele,Fântânele,
Arad,976,Felnac,Felnac,
Arad,990,Feniş (Gurahonţ),Feniş,Gurahonţ
Arad,1106,Firiteaz (Şagu),Firiteaz,Şagu
Arad,1107,Fiscut (Şagu),Fiscut,Şagu
Arad,979,Frumuşeni,Frumuşeni,
Arad,1160,Galşa (Şiria),Galşa,Şiria
Arad,982,Ghioroc,Ghioroc,
Arad,985,Grăniceri,Grăniceri,
Arad,864,Groşeni (Archiş),Groşeni,Archiş
Arad,1201,Groşi (Vârfurile),Groşi,Vârfurile
Arad,876,Groşii Noi (Bârzava),Groşii Noi,Bârzava
Arad,1100,Gura Văii (Pleşcuţa),Gura Văii,Pleşcuţa
Arad,991,Gurahonţ,Gurahonţ,
Arad,1145,Gurba (Şicula),Gurba,Şicula
Arad,1116,Hălăliş (Săvârşin),Hălăliş,Săvârşin
Arad,999,Hălmăgel,Hălmăgel,
Arad,1009,Hălmagiu,Hălmagiu,
Arad,1021,Hăşmaş,Hăşmaş,
Arad,869,Hodiş (Bârsa),Hodiş,Bârsa
Arad,992,Honţişor (Gurahonţ),Honţişor,Gurahonţ
Arad,1214,Horia (Vladimirescu),Horia,Vladimirescu
Arad,1108,Hunedoara Timişană (Şagu),Hunedoara Timişană,Şagu
Arad,904,Iacobini (Brazii),Iacobini,Brazii
Arad,1149,Iercoşeni (Şilindia),Iercoşeni,Şilindia
Arad,1136,Iermata (Seleuş),Iermata,Seleuş
Arad,1228,Iermata Neagră (Zerind),Iermata Neagră,Zerind
Arad,1024,Igneşti,Igneşti,
Arad,1088,Ilteu (Petriş),Ilteu,Petriş
Arad,1031,Ineu,Ineu,
Arad,1010,Ioneşti (Hălmagiu),Ioneşti,Hălmagiu
Arad,993,Iosaş (Gurahonţ),Iosaş,Gurahonţ
Arad,1034,Iratoşu,Iratoşu,
Arad,853,Joia Mare (Almaş),Joia Mare,Almaş
Arad,1194,Juliţa (Vărădia de Mureş),Juliţa,Vărădia de Mureş
Arad,1165,Labaşinţ (Şiştarovăţ),Labaşinţ,Şiştarovăţ
Arad,877,Lalaşinţ (Bârzava),Lalaşinţ,Bârzava
Arad,951,Laz (Dezna),Laz,Dezna
Arad,1202,Lazuri (Vârfurile),Lazuri,Vârfurile
Arad,1011,Leasa (Hălmagiu),Leasa,Hălmagiu
Arad,1012,Leştioara (Hălmagiu),Leştioara,Hălmagiu
Arad,1038,Lipova,Lipova,
Arad,1050,Livada,Livada,
Arad,1150,Luguzău (Şilindia),Luguzău,Şilindia
Arad,1000,Luncşoara (Hălmăgel),Luncşoara,Hălmăgel
Arad,1195,Lupeşti (Vărădia de Mureş),Lupeşti,Vărădia de Mureş
Arad,1054,Macea,Macea,
Arad,1071,Măderat (Pâncota),Măderat,Pâncota
Arad,905,Mădrigeşti (Brazii),Mădrigeşti,Brazii
Arad,1203,Măgulicea (Vârfurile),Măgulicea,Vârfurile
Arad,1209,Mailat (Vinga),Mailat,Vinga
Arad,1210,Mănăştur (Vinga),Mănăştur,Vinga
Arad,1215,Mândruloc (Vladimirescu),Mândruloc,Vladimirescu
Arad,899,Mânerău (Bocsig),Mânerău,Bocsig
Arad,939,Mărăuş (Craiva),Mărăuş,Craiva
Arad,1161,Mâsca (Şiria),Mâsca,Şiria
Arad,1204,Mermeşti (Vârfurile),Mermeşti,Vârfurile
Arad,930,Milova (Conop),Milova,Conop
Arad,1025,Minead (Igneşti),Minead,Igneşti
Arad,983,Miniş (Ghioroc),Miniş,Ghioroc
Arad,1182,Minişel (Tauţ),Minişel,Tauţ
Arad,1183,Minişu de Sus (Tauţ),Minişu de Sus,Tauţ
Arad,1057,Mişca,Mişca,
Arad,1032,Mocrea (Ineu),Mocrea,Ineu
Arad,1062,Moneasa,Moneasa,
Arad,878,Monoroştia (Bârzava),Monoroştia,Bârzava
Arad,1137,Moroda (Seleuş),Moroda,Seleuş
Arad,858,Moţiori (Apateu),Moţiori,Apateu
Arad,1129,Munar (Secusigiu),Munar,Secusigiu
Arad,994,Musteşti (Gurahonţ),Musteşti,Gurahonţ
Arad,925,Nădab (Chisineu-Cris),Nădab,Chisineu-Cris
Arad,1026,Nădălbeşti (Igneşti),Nădălbeşti,Igneşti
Arad,1184,Nadăş (Tauţ),Nadăş,Tauţ
Arad,1065,Nădlac,Nădlac,
Arad,952,Neagra (Dezna),Neagra,Dezna
Arad,865,Nermiş (Archiş),Nermiş,Archiş
Arad,1219,Neudorf (Zăbrani),Neudorf,Zăbrani
Arad,1196,Nicolae Bălcescu (Vărădia de Mureş),Nicolae Bălcescu,Vărădia de Mureş
Arad,1089,Obârşia (Petriş),Obârşia,Petriş
Arad,931,Odvoş (Conop),Odvoş,Conop
Arad,1067,Olari,Olari,
Arad,895,Ostrov (Birchiş),Ostrov,Birchiş
Arad,921,Păiuşeni (Chisindia),Păiuşeni,Chisindia
Arad,1072,Pâncota,Pâncota,
Arad,1117,Pârneşti (Săvârşin),Pârneşti,Săvârşin
Arad,1189,Pătârş (Ususău),Pătârş,Ususău
Arad,911,Păulian (Buteni),Păulian,Buteni
Arad,1076,Păuliş,Păuliş,
Arad,1080,Pecica,Pecica,
Arad,1084,Peregu Mare,Peregu Mare,
Arad,1085,Peregu Mic (Peregu Mare),Peregu Mic,Peregu Mare
Arad,995,Pescari (Gurahonţ),Pescari,Gurahonţ
Arad,1090,Petriş,Petriş,
Arad,1094,Pilu,Pilu,
Arad,1101,Pleşcuţa,Pleşcuţa,
Arad,1205,Poiana (Vârfurile),Poiana,Vârfurile
Arad,1013,Poienari (Hălmagiu),Poienari,Hălmagiu
Arad,1125,Prunişor (Sebiş),Prunişor,Sebiş
Arad,854,Rădeşti (Almaş),Rădeşti,Almaş
Arad,1040,Radna (Lipova),Radna,Lipova
Arad,1063,Rănuşa (Moneasa),Rănuşa,Moneasa
Arad,900,Răpsig (Bocsig),Răpsig,Bocsig
Arad,958,Revetiş (Dieci),Revetiş,Dieci
Arad,940,Rogoz de Beliu (Craiva),Rogoz de Beliu,Craiva
Arad,959,Roşia (Dieci),Roşia,Dieci
Arad,1091,Roşia Nouă (Petriş),Roşia Nouă,Petriş
Arad,1102,Rostoci (Pleşcuţa),Rostoci,Pleşcuţa
Arad,1109,Şagu,Şagu,
Arad,1126,Sălăjeni (Sebiş),Sălăjeni,Sebiş
Arad,1077,Sâmbăteni (Păuliş),Sâmbăteni,Păuliş
Arad,1052,Sânleani (Livada),Sânleani,Livada
Arad,1055,Sânmartin (Macea),Sânmartin,Macea
Arad,1171,Sânpaul (Şofronea),Sânpaul,Şofronea
Arad,1130,Sânpetru German (Secusigiu),Sânpetru German,Secusigiu
Arad,1112,Sântana,Sântana,
Arad,1001,Sârbi (Hălmăgel),Sârbi,Hălmăgel
Arad,1131,Satu Mare (Secusigiu),Satu Mare,Secusigiu
Arad,1151,Satu Mic (Şilindia),Satu Mic,Şilindia
Arad,1058,Satu Nou (Mişca),Satu Nou,Mişca
Arad,1118,Săvârşin,Săvârşin,
Arad,1127,Sebiş,Sebiş,
Arad,889,Secaci (Beliu),Secaci,Beliu
Arad,906,Secaş (Brazii),Secaş,Brazii
Arad,1132,Secusigiu,Secusigiu,
Arad,1081,Sederhat (Pecica),Sederhat,Pecica
Arad,1134,Şeitin,Şeitin,
Arad,1138,Seleuş,Seleuş,
Arad,1092,Selişte (Petriş),Selişte,Petriş
Arad,914,Seliştea (Cărand),Seliştea,Cărand
Arad,1140,Semlac,Semlac,
Arad,1142,Şepreuş,Şepreuş,
Arad,941,Şiad (Craiva),Şiad,Craiva
Arad,986,Şiclău (Grăniceri),Şiclău,Grăniceri
Arad,1146,Şicula,Şicula,
Arad,1152,Şilindia,Şilindia,
Arad,1154,Şimand,Şimand,
Arad,1157,Sintea Mare,Sintea Mare,
Arad,1069,Sintea Mică (Olari),Sintea Mică,Olari
Arad,1162,Şiria,Şiria,
Arad,1166,Şiştarovăţ,Şiştarovăţ,
Arad,953,Slatina de Criş (Dezna),Slatina de Criş,Dezna
Arad,879,Slatina de Mureş (Bârzava),Slatina de Mureş,Bârzava
Arad,1169,Socodor,Socodor,
Arad,1172,Şofronea,Şofronea,
Arad,1042,Soimos (Lipova),Soimos,Lipova
Arad,918,Şomoşcheş (Cermei),Şomoşcheş,Cermei
Arad,1197,Stejar (Vărădia de Mureş),Stejar,Vărădia de Mureş
Arad,942,Stoineşti (Craiva),Stoineşti,Craiva
Arad,943,Susag (Craiva),Susag,Craiva
Arad,1027,Susani (Igneşti),Susani,Igneşti
Arad,890,Tăgădău (Beliu),Tăgădău,Beliu
Arad,1103,Tălagiu (Pleşcuţa),Tălagiu,Pleşcuţa
Arad,944,Tălmaci (Craiva),Tălmaci,Craiva
Arad,1014,Ţărmure (Hălmagiu),Ţărmure,Hălmagiu
Arad,1002,Târnăviţa (Hălmăgel),Târnăviţa,Hălmăgel
Arad,1180,Târnova,Târnova,
Arad,1185,Tauţ,Tauţ,
Arad,884,Ţela (Bata),Ţela,Bata
Arad,1119,Temeşeşti (Săvârşin),Temeşeşti,Săvârşin
Arad,1158,Ţipar (Sintea Mare),Ţipar,Sintea Mare
Arad,1015,Tisa (Hălmagiu),Tisa,Hălmagiu
Arad,971,Tisa Nouă (Fântânele),Tisa Nouă,Fântânele
Arad,1120,Toc (Săvârşin),Toc,Săvârşin
Arad,1003,Ţoheşti (Hălmăgel),Ţoheşti,Hălmăgel
Arad,1121,Troaş (Săvârşin),Troaş,Săvârşin
Arad,1082,Turnu (Pecica),Turnu,Pecica
Arad,1022,Urvişu de Beliu (Hăşmaş),Urvişu de Beliu,Hăşmaş
Arad,1190,Ususău,Ususău,
Arad,996,Valea Mare (Gurahonţ),Valea Mare,Gurahonţ
Arad,1122,Valea Mare (Săvârşin),Valea Mare,Săvârşin
Arad,1059,Vânători (Mişca),Vânători,Mişca
Arad,1198,Vărădia de Mureş,Vărădia de Mureş,
Arad,1206,Vârfurile,Vârfurile,
Arad,1035,Variaşu Mare (Iratoşu),Variaşu Mare,Iratoşu
Arad,1036,Variaşu Mic (Iratoşu),Variaşu Mic,Iratoşu
Arad,1167,Varniţa (Şiştarovăţ),Varniţa,Şiştarovăţ
Arad,1095,Vărşand (Pilu),Vărşand,Pilu
Arad,891,Vasile Goldiş (Beliu),Vasile Goldiş,Beliu
Arad,922,Văsoaia (Chisindia),Văsoaia,Chisindia
Arad,1207,Vidra (Vârfurile),Vidra,Vârfurile
Arad,1211,Vinga,Vinga,
Arad,896,Virişmort (Birchiş),Virişmort,Birchiş
Arad,1216,Vladimirescu,Vladimirescu,
Arad,870,Voivodeni (Bârsa),Voivodeni,Bârsa
Arad,1191,Zăbalţ (Ususău),Zăbalţ,Ususău
Arad,1220,Zăbrani,Zăbrani,
Arad,1223,Zădăreni,Zădăreni,
Arad,1226,Zărand,Zărand,
Arad,1229,Zerind,Zerind,
Arad,1060,Zerindu Mic (Mişca),Zerindu Mic,Mişca
Arad,1232,Zimandcuz (Zimandu Nou),Zimandcuz,Zimandu Nou
Arad,1233,Zimandu Nou,Zimandu Nou,
Arad,997,Zimbru (Gurahonţ),Zimbru,Gurahonţ
Argeș,1818,Adunaţi (Râca),Adunaţi,Râca
Argeș,1298,Afrimeşti (Bârla),Afrimeşti,Bârla
Argeș,1245,Albeşti (Albeştii de Muscel),Albeşti,Albeştii de Muscel
Argeș,1236,Albeştii de Argeş,Albeştii de Argeş,
Argeș,1246,Albeştii de Muscel,Albeştii de Muscel,
Argeș,1237,Albestii Pamanteni (Albeştii de Argeş),Albestii Pamanteni,Albeştii de Argeş
Argeș,1238,Albestii Ungureni (Albeştii de Argeş),Albestii Ungureni,Albeştii de Argeş
Argeș,1249,Albota,Albota,
Argeș,1809,Albotele (Priboieni),Albotele,Priboieni
Argeș,1692,Aluniş (Mioarele),Aluniş,Mioarele
Argeș,1279,Alunişu (Băiculeşti),Alunişu,Băiculeşti
Argeș,1357,Alunişu (Brăduleţ),Alunişu,Brăduleţ
Argeș,1280,Anghineşti (Băiculeşti),Anghineşti,Băiculeşti
Argeș,1255,Aninoasa,Aninoasa,
Argeș,1267,Arefu,Arefu,
Argeș,1281,Argeşani (Băiculeşti),Argeşani,Băiculeşti
Argeș,1651,Argeşelu (Mărăcineni),Argeşelu,Mărăcineni
Argeș,1271,Băbana,Băbana,
Argeș,1723,Babaroaga (Mozăceni),Babaroaga,Mozăceni
Argeș,1590,Băceşti (Drăganu),Băceşti,Drăganu
Argeș,1924,Bădeni (Stoeneşti),Bădeni,Stoeneşti
Argeș,1299,Bădeşti (Bârla),Bădeşti,Bârla
Argeș,1751,Bădeşti (Pietroşani),Bădeşti,Pietroşani
Argeș,2061,Bădicea (Vedea),Bădicea,Vedea
Argeș,2041,Bădila (Valea Iaşului),Bădila,Valea Iaşului
Argeș,1979,Bădislava (Tigveni),Bădislava,Tigveni
Argeș,2002,Băduleşti (Uda),Băduleşti,Uda
Argeș,1282,Băiculeşti,Băiculeşti,
Argeș,1616,Băila (Leordeni),Băila,Leordeni
Argeș,1272,Băjăneşti (Băbana),Băjăneşti,Băbana
Argeș,1290,Băjeşti (Bălileşti),Băjeşti,Bălileşti
Argeș,1340,Balabani (Boteni),Balabani,Boteni
Argeș,1291,Bălileşti,Bălileşti,
Argeș,1980,Bălileşti (Tigveni),Bălileşti,Tigveni
Argeș,1617,Baloteasca (Leordeni),Baloteasca,Leordeni
Argeș,1530,Bălţata (Cuca),Bălţata,Cuca
Argeș,1981,Bălteni (Tigveni),Bălteni,Tigveni
Argeș,1857,Bănăreşti (Săpata),Bănăreşti,Săpata
Argeș,2035,Băniceşti (Valea Danului),Băniceşti,Valea Danului
Argeș,1618,Bântău (Leordeni),Bântău,Leordeni
Argeș,2003,Bărăneşti (Uda),Bărăneşti,Uda
Argeș,1439,Bărăşti (Cicăneşti),Bărăşti,Cicăneşti
Argeș,1531,Bărbălani (Cuca),Bărbălani,Cuca
Argeș,2042,Bărbălăteşti (Valea Iaşului),Bărbălăteşti,Valea Iaşului
Argeș,1460,Bărbăteşti (Cocu),Bărbăteşti,Cocu
Argeș,1300,Bârla,Bârla,
Argeș,1738,Bârlogu (Negraşi),Bârlogu,Negraşi
Argeș,1331,Bârloi (Bogaţi),Bârloi,Bogaţi
Argeș,1982,Bârseştii de Jos (Tigveni),Bârseştii de Jos,Tigveni
Argeș,1983,Bârseştii de Sus (Tigveni),Bârseştii de Sus,Tigveni
Argeș,2094,Bârzeşti (Vultureşti),Bârzeşti,Vultureşti
Argeș,1311,Bascov,Bascov,
Argeș,1515,Bascovele (Cotmeana),Bascovele,Cotmeana
Argeș,1715,Bătrâni (Moşoaia),Bătrâni,Moşoaia
Argeș,1450,Beculeşti (Ciomăgeşti),Beculeşti,Ciomăgeşti
Argeș,1320,Beleţi (Beleţi-Negreşti),Beleţi,Beleţi-Negreşti
Argeș,1321,Beleţi-Negreşti,Beleţi-Negreşti,
Argeș,1326,Berevoeşti,Berevoeşti,
Argeș,1469,Berindeşti (Corbeni),Berindeşti,Corbeni
Argeș,2051,Bilceşti (Valea Mare-Pravăţ),Bilceşti,Valea Mare-Pravăţ
Argeș,1984,Blaju (Tigveni),Blaju,Tigveni
Argeș,2062,Blejani (Vedea),Blejani,Vedea
Argeș,1332,Bogaţi,Bogaţi,
Argeș,2036,Bolculeşti (Valea Danului),Bolculeşti,Valea Danului
Argeș,1727,Bolovăneşti (Muşăteşti),Bolovăneşti,Muşăteşti
Argeș,1599,Bordeieni (Godeni),Bordeieni,Godeni
Argeș,1656,Borleşti (Merişani),Borleşti,Merişani
Argeș,2037,Borobăneşti (Valea Danului),Borobăneşti,Valea Danului
Argeș,2043,Borovineşti (Valea Iaşului),Borovineşti,Valea Iaşului
Argeș,1996,Botarcani (Topoloveni),Botarcani,Topoloveni
Argeș,1341,Boteni,Boteni,
Argeș,1346,Boteşti (Boţeşti),Boteşti,Boţeşti
Argeș,1301,Brabeţi (Bârla),Brabeţi,Bârla
Argeș,1358,Brădetu (Brăduleţ),Brădetu,Brăduleţ
Argeș,1354,Bradu,Bradu,
Argeș,1359,Brăduleţ,Brăduleţ,
Argeș,1312,Brăileni (Bascov),Brăileni,Bascov
Argeș,2004,Braniştea (Uda),Braniştea,Uda
Argeș,1666,Brânzari (Miceşti),Brânzari,Miceşti
Argeș,1657,Brăteasca (Merişani),Brăteasca,Merişani
Argeș,1239,Brăteşti (Albeştii de Argeş),Brăteşti,Albeştii de Argeş
Argeș,1327,Bratia (Berevoeşti),Bratia,Berevoeşti
Argeș,1451,Bratia (Ciomăgeşti),Bratia,Ciomăgeşti
Argeș,1257,Broşteni (Aninoasa),Broşteni,Aninoasa
Argeș,1494,Broşteni (Costești),Broşteni,Costești
Argeș,1819,Bucov (Râca),Bucov,Râca
Argeș,1470,Bucşeneşti (Corbeni),Bucşeneşti,Corbeni
Argeș,1989,Bucşeneşti-Lotaşi (Ţiţeşti),Bucşeneşti-Lotaşi,Ţiţeşti
Argeș,1367,Budeasa,Budeasa,
Argeș,1368,Budeasa Mare (Budeasa),Budeasa Mare,Budeasa
Argeș,1369,Budeasa Mică (Budeasa),Budeasa Mică,Budeasa
Argeș,1619,Budişteni (Leordeni),Budişteni,Leordeni
Argeș,1375,Bughea de Jos,Bughea de Jos,
Argeș,1377,Bughea de Sus,Bughea de Sus,
Argeș,1333,Bujoi (Bogaţi),Bujoi,Bogaţi
Argeș,1379,Bujoreni (Buzoeşti),Bujoreni,Buzoeşti
Argeș,1635,Bumbueni (Lunca Corbului),Bumbueni,Lunca Corbului
Argeș,1516,Buneşti (Cotmeana),Buneşti,Cotmeana
Argeș,1645,Buneşti (Mălureni),Buneşti,Mălureni
Argeș,1391,Burdea (Căldăraru),Burdea,Căldăraru
Argeș,1960,Burdeşti (Suseni),Burdeşti,Suseni
Argeș,2063,Bureţeşti (Vedea),Bureţeşti,Vedea
Argeș,1444,Burluşi (Ciofrângeni),Burluşi,Ciofrângeni
Argeș,1867,Burneşti (Schitu Goleşti),Burneşti,Schitu Goleşti
Argeș,1739,Buta (Negraşi),Buta,Negraşi
Argeș,1380,Buzoeşti,Buzoeşti,
Argeș,1392,Căldăraru,Căldăraru,
Argeș,1396,Călineşti,Călineşti,
Argeș,1370,Caloteşti (Budeasa),Caloteşti,Budeasa
Argeș,1414,Câmpulung,Câmpulung,
Argeș,1247,Cândeşti (Albeştii de Muscel),Cândeşti,Albeştii de Muscel
Argeș,1268,Căpăţânenii Pământeni (Arefu),Căpăţânenii Pământeni,Arefu
Argeș,1269,Căpăţânenii Ungureni (Arefu),Căpăţânenii Ungureni,Arefu
Argeș,1600,Capu Piscului (Godeni),Capu Piscului,Godeni
Argeș,1658,Capu Piscului (Merişani),Capu Piscului,Merişani
Argeș,1532,Cârceşti (Cuca),Cârceşti,Cuca
Argeș,1620,Cârciumăreşti (Leordeni),Cârciumăreşti,Leordeni
Argeș,1425,Cărpeniş (Cepari),Cărpeniş,Cepari
Argeș,1397,Cârstieni (Călineşti),Cârstieni,Călineşti
Argeș,1636,Catane (Lunca Corbului),Catane,Lunca Corbului
Argeș,1417,Catanele (Căteasca),Catanele,Căteasca
Argeș,1418,Căteasca,Căteasca,
Argeș,1759,Cătunaşi (Poiana Lacului),Cătunaşi,Poiana Lacului
Argeș,1773,Ceaureşti (Poienarii de Argeş),Ceaureşti,Poienarii de Argeş
Argeș,1748,Ceauşeşti (Oarja),Ceauşeşti,Oarja
Argeș,1426,Cepari,Cepari,
Argeș,1760,Cepari (Poiana Lacului),Cepari,Poiana Lacului
Argeș,1427,Ceparii Pământeni (Cepari),Ceparii Pământeni,Cepari
Argeș,1428,Ceparii Ungureni (Cepari),Ceparii Ungureni,Cepari
Argeș,1250,Cerbu (Albota),Cerbu,Albota
Argeș,2044,Cerbureni (Valea Iaşului),Cerbureni,Valea Iaşului
Argeș,1961,Cerşani (Suseni),Cerşani,Suseni
Argeș,1435,Cetăţeni,Cetăţeni,
Argeș,1693,Chilii (Mioarele),Chilii,Mioarele
Argeș,1963,Chiriţeşti (Suseni),Chiriţeşti,Suseni
Argeș,2005,Chiriţeşti (Uda),Chiriţeşti,Uda
Argeș,2064,Chiriţeşti (Vedea),Chiriţeşti,Vedea
Argeș,2065,Chiţani (Vedea),Chiţani,Vedea
Argeș,1334,Chiţeşti (Bogaţi),Chiţeşti,Bogaţi
Argeș,1440,Cicăneşti,Cicăneşti,
Argeș,1637,Cieşti (Lunca Corbului),Cieşti,Lunca Corbului
Argeș,1273,Ciobăneşti (Băbana),Ciobăneşti,Băbana
Argeș,1605,Ciobani (Hârseşti),Ciobani,Hârseşti
Argeș,1716,Ciocănăi (Moşoaia),Ciocănăi,Moşoaia
Argeș,1398,Ciocăneşti (Călineşti),Ciocăneşti,Călineşti
Argeș,1548,Ciocanu (Dâmbovicioara),Ciocanu,Dâmbovicioara
Argeș,1302,Cioceşti (Bârla),Cioceşti,Bârla
Argeș,1445,Ciofrângeni,Ciofrângeni,
Argeș,1621,Ciolceşti (Leordeni),Ciolceşti,Leordeni
Argeș,1452,Ciomăgeşti,Ciomăgeşti,
Argeș,1419,Cireşu (Căteasca),Cireşu,Căteasca
Argeș,1990,Cişmea (Ţiţeşti),Cişmea,Ţiţeşti
Argeș,1622,Ciulniţa (Leordeni),Ciulniţa,Leordeni
Argeș,1822,Ciupa-Mănciulescu (Răteşti),Ciupa-Mănciulescu,Răteşti
Argeș,2066,Ciureşti (Vedea),Ciureşti,Vedea
Argeș,1699,Clucereasa (Mioveni),Clucereasa,Mioveni
Argeș,1694,Coceneşti (Mioarele),Coceneşti,Mioarele
Argeș,1946,Cochineşti (Stolnici),Cochineşti,Stolnici
Argeș,1461,Cocu,Cocu,
Argeș,1700,Colibaşi (Mioveni),Colibaşi,Mioveni
Argeș,2052,Colnic (Valea Mare-Pravăţ),Colnic,Valea Mare-Pravăţ
Argeș,2023,Colţu (Ungheni),Colţu,Ungheni
Argeș,1569,Conţeşti (Davideşti),Conţeşti,Davideşti
Argeș,1471,Corbeni,Corbeni,
Argeș,1478,Corbi,Corbi,
Argeș,1479,Corbşori (Corbi),Corbşori,Corbi
Argeș,1381,Cornăţel (Buzoeşti),Cornăţel,Buzoeşti
Argeș,1360,Cosaci (Brăduleţ),Cosaci,Brăduleţ
Argeș,1420,Coşeri (Căteasca),Coşeri,Căteasca
Argeș,1485,Coşeşti,Coşeşti,
Argeș,20949,Costești,Costești,
Argeș,1517,Costeşti (Cotmeana),Costeşti,Cotmeana
Argeș,1728,Costeşti-Vâlsan (Muşăteşti),Costeşti-Vâlsan,Muşăteşti
Argeș,1868,Costiţă (Schitu Goleşti),Costiţă,Schitu Goleşti
Argeș,2085,Coteasca (Vlădeşti),Coteasca,Vlădeşti
Argeș,1927,Coteneşti (Stoeneşti),Coteneşti,Stoeneşti
Argeș,1601,Coteşti (Godeni),Coteşti,Godeni
Argeș,1518,Cotmeana,Cotmeana,
Argeș,1947,Cotmeana (Stolnici),Cotmeana,Stolnici
Argeș,1274,Cotmeniţa (Băbana),Cotmeniţa,Băbana
Argeș,1533,Cotu (Cuca),Cotu,Cuca
Argeș,2006,Cotu (Uda),Cotu,Uda
Argeș,1623,Cotu Malului (Leordeni),Cotu Malului,Leordeni
Argeș,1659,Crâmpotani (Merişani),Crâmpotani,Merişani
Argeș,1997,Crinteşti (Topoloveni),Crinteşti,Topoloveni
Argeș,1534,Crivăţu (Cuca),Crivăţu,Cuca
Argeș,1462,Crucişoara (Cocu),Crucişoara,Cocu
Argeș,1535,Cuca,Cuca,
Argeș,1453,Cungrea (Ciomăgeşti),Cungrea,Ciomăgeşti
Argeș,1545,Curtea de Argeş,Curtea de Argeş,
Argeș,1382,Curteanca (Buzoeşti),Curteanca,Buzoeşti
Argeș,1549,Dâmbovicioara,Dâmbovicioara,
Argeș,1556,Dărmăneşti (Dârmăneşti),Dărmăneşti,Dârmăneşti
Argeș,1570,Davideşti,Davideşti,
Argeș,1832,Deagu de Jos (Recea),Deagu de Jos,Recea
Argeș,1833,Deagu de Sus (Recea),Deagu de Sus,Recea
Argeș,1609,Dealu (Hârtieşti),Dealu,Hârtieşti
Argeș,2007,Dealu Bisericii (Uda),Dealu Bisericii,Uda
Argeș,1858,Dealu Bradului (Săpata),Dealu Bradului,Săpata
Argeș,1879,Dealu Frumos (Stâlpeni),Dealu Frumos,Stâlpeni
Argeș,1708,Dealu Obejdeanului (Morăreşti),Dealu Obejdeanului,Morăreşti
Argeș,1761,Dealu Oraşului (Poiana Lacului),Dealu Oraşului,Poiana Lacului
Argeș,1519,Dealu Pădurii (Cotmeana),Dealu Pădurii,Cotmeana
Argeș,2008,Dealu Tolcesii (Uda),Dealu Tolcesii,Uda
Argeș,1717,Dealu Viilor (Moşoaia),Dealu Viilor,Moşoaia
Argeș,1762,Dealu Viilor (Poiana Lacului),Dealu Viilor,Poiana Lacului
Argeș,1709,Deduleşti (Morăreşti),Deduleşti,Morăreşti
Argeș,2009,Diconeşti (Uda),Diconeşti,Uda
Argeș,2068,Dincani (Vedea),Dincani,Vedea
Argeș,1763,Dinculeşti (Poiana Lacului),Dinculeşti,Poiana Lacului
Argeș,1240,Doblea (Albeştii de Argeş),Doblea,Albeştii de Argeş
Argeș,1576,Dobreşti,Dobreşti,
Argeș,1660,Dobrogostea (Merişani),Dobrogostea,Merişani
Argeș,1241,Dobrotu (Albeştii de Argeş),Dobrotu,Albeştii de Argeş
Argeș,1454,Dogari (Ciomăgeşti),Dogari,Ciomăgeşti
Argeș,1587,Domneşti,Domneşti,
Argeș,1591,Drăganu,Drăganu,
Argeș,1592,Drăganu-Olteni (Drăganu),Drăganu-Olteni,Drăganu
Argeș,2086,Drăghescu (Vlădeşti),Drăghescu,Vlădeşti
Argeș,1859,Drăghiceşti (Săpata),Drăghiceşti,Săpata
Argeș,1675,Drăghici (Mihăeşti),Drăghici,Mihăeşti
Argeș,1520,Drăgoleşti (Cotmeana),Drăgoleşti,Cotmeana
Argeș,1596,Dragoslavele,Dragoslavele,
Argeș,1335,Dumbrava (Bogaţi),Dumbrava,Bogaţi
Argeș,1593,Dumbrăveşti (Drăganu),Dumbrăveşti,Drăganu
Argeș,1242,Dumiresti (Albeştii de Argeş),Dumiresti,Albeştii de Argeş
Argeș,1912,Enculeşti (Ştefăneşti),Enculeşti,Ştefăneşti
Argeș,1463,Făcăleţeşti (Cocu),Făcăleţeşti,Cocu
Argeș,1701,Făgetu (Mioveni),Făgetu,Mioveni
Argeș,1948,Fâlfani (Stolnici),Fâlfani,Stolnici
Argeș,2053,Fântânea (Valea Mare-Pravăţ),Fântânea,Valea Mare-Pravăţ
Argeș,2070,Fata (Vedea),Fata,Vedea
Argeș,1455,Fedeleşoiu (Ciomăgeşti),Fedeleşoiu,Ciomăgeşti
Argeș,1243,Florieni (Albeştii de Argeş),Florieni,Albeştii de Argeş
Argeș,1251,Frăteşti (Albota),Frăteşti,Albota
Argeș,2071,Frătici (Vedea),Frătici,Vedea
Argeș,1823,Furdueşti (Răteşti),Furdueşti,Răteşti
Argeș,1577,Fureşti (Dobreşti),Fureşti,Dobreşti
Argeș,1676,Furnicoşi (Mihăeşti),Furnicoşi,Mihăeşti
Argeș,1860,Găinuşa (Săpata),Găinuşa,Săpata
Argeș,1371,Gălăşeşti (Budeasa),Gălăşeşti,Budeasa
Argeș,1964,Gălăşeşti (Suseni),Gălăşeşti,Suseni
Argeș,1764,Gâlceşti (Poiana Lacului),Gâlceşti,Poiana Lacului
Argeș,1361,Galeşu (Brăduleţ),Galeşu,Brăduleţ
Argeș,1765,Găleţeanu (Poiana Lacului),Găleţeanu,Poiana Lacului
Argeș,1328,Gămăceşti (Berevoeşti),Gămăceşti,Berevoeşti
Argeș,1752,Găneşti (Pietroşani),Găneşti,Pietroşani
Argeș,1766,Gărdineşti (Poiana Lacului),Gărdineşti,Poiana Lacului
Argeș,2024,Găujani (Ungheni),Găujani,Ungheni
Argeș,1355,Geamăna (Bradu),Geamăna,Bradu
Argeș,1456,Giuclani (Ciomăgeşti),Giuclani,Ciomăgeşti
Argeș,1624,Glâmbocata (Leordeni),Glâmbocata,Leordeni
Argeș,1625,Glâmbocata-Deal (Leordeni),Glâmbocata-Deal,Leordeni
Argeș,1336,Glâmbocel (Bogaţi),Glâmbocel,Bogaţi
Argeș,1337,Glâmbocelu (Bogaţi),Glâmbocelu,Bogaţi
Argeș,1313,Glâmbocu (Bascov),Glâmbocu,Bascov
Argeș,1897,Glavacioc (Ştefan cel Mare),Glavacioc,Ştefan cel Mare
Argeș,1846,Gliganu de Jos (Rociu),Gliganu de Jos,Rociu
Argeș,1847,Gliganu de Sus (Rociu),Gliganu de Sus,Rociu
Argeș,1401,Glodu (Călineşti),Glodu,Călineşti
Argeș,1626,Glodu (Leordeni),Glodu,Leordeni
Argeș,1602,Godeni,Godeni,
Argeș,2025,Goia (Ungheni),Goia,Ungheni
Argeș,1835,Goleasca (Recea),Goleasca,Recea
Argeș,1292,Goleşti (Bălileşti),Goleşti,Bălileşti
Argeș,1913,Goleşti (Ştefăneşti),Goleşti,Ştefăneşti
Argeș,1998,Gorăneşti (Topoloveni),Gorăneşti,Topoloveni
Argeș,2010,Gorani (Uda),Gorani,Uda
Argeș,1402,Gorganu (Călineşti),Gorganu,Călineşti
Argeș,2011,Greabăn (Uda),Greabăn,Uda
Argeș,1464,Greabănu (Cocu),Greabănu,Cocu
Argeș,1779,Groşani (Poienarii de Muscel),Groşani,Poienarii de Muscel
Argeș,1275,Groşi (Băbana),Groşi,Băbana
Argeș,1421,Gruiu (Căteasca),Gruiu,Căteasca
Argeș,1743,Gruiu (Nucşoara),Gruiu,Nucşoara
Argeș,2054,Gura Pravăţ (Valea Mare-Pravăţ),Gura Pravăţ,Valea Mare-Pravăţ
Argeș,1252,Gura Văii (Albota),Gura Văii,Albota
Argeș,1606,Hârseşti,Hârseşti,
Argeș,1610,Hârtieşti,Hârtieşti,
Argeș,1718,Hinţeşti (Moşoaia),Hinţeşti,Moşoaia
Argeș,2099,Huluba (Vultureşti),Huluba,Vultureşti
Argeș,2026,Humele (Ungheni),Humele,Ungheni
Argeș,1953,Ianculeşti (Şuici),Ianculeşti,Şuici
Argeș,1774,Ioaniceşti (Poienarii de Argeş),Ioaniceşti,Poienarii de Argeş
Argeș,1383,Ioneşti (Buzoeşti),Ioneşti,Buzoeşti
Argeș,1949,Izbăşeşti (Stolnici),Izbăşeşti,Stolnici
Argeș,1914,Izvorani (Ştefăneşti),Izvorani,Ştefăneşti
Argeș,1614,Izvoru,Izvoru,
Argeș,2072,Izvoru de Jos (Vedea),Izvoru de Jos,Vedea
Argeș,2073,Izvoru de Sus (Vedea),Izvoru de Sus,Vedea
Argeș,1480,Jgheaburi (Corbi),Jgheaburi,Corbi
Argeș,1780,Jugur (Poienarii de Muscel),Jugur,Poienarii de Muscel
Argeș,1486,Jupâneşti (Coşeşti),Jupâneşti,Coşeşti
Argeș,1502,Lăceni (Costești),Lăceni,Costești
Argeș,1446,Lacurile (Ciofrângeni),Lacurile,Ciofrângeni
Argeș,1436,Lăicăi (Cetăţeni),Lăicăi,Cetăţeni
Argeș,1638,Lăngeşti (Lunca Corbului),Lăngeşti,Lunca Corbului
Argeș,1487,Lăpuşani (Coşeşti),Lăpuşani,Coşeşti
Argeș,1536,Lăunele de Sus (Cuca),Lăunele de Sus,Cuca
Argeș,1719,Lăzăreşti (Moşoaia),Lăzăreşti,Moşoaia
Argeș,1869,Lăzăreşti (Schitu Goleşti),Lăzăreşti,Schitu Goleşti
Argeș,1488,Leiceşti (Coşeşti),Leiceşti,Coşeşti
Argeș,1322,Lenţea (Beleţi-Negreşti),Lenţea,Beleţi-Negreşti
Argeș,1627,Leordeni,Leordeni,
Argeș,1631,Lereşti,Lereşti,
Argeș,1976,Leşile (Teiu),Leşile,Teiu
Argeș,1611,Lespezi (Hârtieşti),Lespezi,Hârtieşti
Argeș,1521,Linteşti (Cotmeana),Linteşti,Cotmeana
Argeș,1861,Lipia (Săpata),Lipia,Săpata
Argeș,1880,Livezeni (Stâlpeni),Livezeni,Stâlpeni
Argeș,1870,Loturi (Schitu Goleşti),Loturi,Schitu Goleşti
Argeș,1612,Lucieni (Hârtieşti),Lucieni,Hârtieşti
Argeș,1710,Luminile (Morăreşti),Luminile,Morăreşti
Argeș,1342,Lunca (Boteni),Lunca,Boteni
Argeș,1639,Lunca Corbului,Lunca Corbului,
Argeș,1933,Lunca Gârtii (Stoeneşti),Lunca Gârtii,Stoeneşti
Argeș,2074,Lungani (Vedea),Lungani,Vedea
Argeș,2012,Lunguleşti (Uda),Lunguleşti,Uda
Argeș,1276,Lupueni (Băbana),Lupueni,Băbana
Argeș,1537,Măcăi (Cuca),Măcăi,Cuca
Argeș,1303,Malu (Bârla),Malu,Bârla
Argeș,1603,Malu (Godeni),Malu,Godeni
Argeș,1661,Malu Vânăt (Merişani),Malu Vânăt,Merişani
Argeș,1646,Mălureni,Mălureni,
Argeș,1711,Măncioiu (Morăreşti),Măncioiu,Morăreşti
Argeș,1304,Mândra (Bârla),Mândra,Bârla
Argeș,1538,Măneşti (Cuca),Măneşti,Cuca
Argeș,1283,Măniceşti (Băiculeşti),Măniceşti,Băiculeşti
Argeș,1653,Mărăcineni,Mărăcineni,
Argeș,1253,Mareş (Albota),Mareş,Albota
Argeș,1640,Mârghia de Jos (Lunca Corbului),Mârghia de Jos,Lunca Corbului
Argeș,1641,Mârghia de Sus (Lunca Corbului),Mârghia de Sus,Lunca Corbului
Argeș,1607,Martalogi (Hârseşti),Martalogi,Hârseşti
Argeș,1862,Mârţeşti (Săpata),Mârţeşti,Săpata
Argeș,1695,Măţău (Mioarele),Măţău,Mioarele
Argeș,1824,Mavrodolu (Răteşti),Mavrodolu,Răteşti
Argeș,1662,Merişani,Merişani,
Argeș,1767,Metofu (Poiana Lacului),Metofu,Poiana Lacului
Argeș,1314,Mica (Bascov),Mica,Bascov
Argeș,1667,Miceşti,Miceşti,
Argeș,2013,Miercani (Uda),Miercani,Uda
Argeș,1680,Mihăeşti,Mihăeşti,
Argeș,1441,Mioarele (Cicăneşti),Mioarele,Cicăneşti
Argeș,1696,Mioarele,Mioarele,
Argeș,1702,Mioveni,Mioveni,
Argeș,1705,Miroşi,Miroşi,
Argeș,1628,Moara Mocanului (Leordeni),Moara Mocanului,Leordeni
Argeș,2076,Mogoşeşti (Vedea),Mogoşeşti,Vedea
Argeș,1712,Morăreşti,Morăreşti,
Argeș,1429,Morăşti (Cepari),Morăşti,Cepari
Argeș,1720,Moşoaia,Moşoaia,
Argeș,1349,Moşteni-Greci (Boţeşti),Moşteni-Greci,Boţeşti
Argeș,1724,Mozăceni,Mozăceni,
Argeș,1305,Mozăcenii-Vale (Bârla),Mozăcenii-Vale,Bârla
Argeș,1740,Mozacu (Negraşi),Mozacu,Negraşi
Argeș,1729,Muşăteşti,Muşăteşti,
Argeș,1343,Muscel (Boteni),Muscel,Boteni
Argeș,2045,Mustăţeşti (Valea Iaşului),Mustăţeşti,Valea Iaşului
Argeș,2055,Nămăeşti (Valea Mare-Pravăţ),Nămăeşti,Valea Mare-Pravăţ
Argeș,1522,Negeşti (Cotmeana),Negeşti,Cotmeana
Argeș,1741,Negraşi,Negraşi,
Argeș,1561,Negreni (Dârmăneşti),Negreni,Dârmăneşti
Argeș,1323,Negreşti (Beleţi-Negreşti),Negreşti,Beleţi-Negreşti
Argeș,1825,Nejlovelu (Răteşti),Nejlovelu,Răteşti
Argeș,1875,Nigrişoara (Slobozia),Nigrişoara,Slobozia
Argeș,1546,Noapteş (Curtea de Argeş),Noapteş,Curtea de Argeş
Argeș,1744,Nucşoara,Nucşoara,
Argeș,1749,Oarja,Oarja,
Argeș,1967,Odăeni (Suseni),Odăeni,Suseni
Argeș,1472,Oeştii Pământeni (Corbeni),Oeştii Pământeni,Corbeni
Argeș,1473,Oeştii Ungureni (Corbeni),Oeştii Ungureni,Corbeni
Argeș,1881,Ogrezea (Stâlpeni),Ogrezea,Stâlpeni
Argeș,1882,Opreşti (Stâlpeni),Opreşti,Stâlpeni
Argeș,1840,Orodel (Recea),Orodel,Recea
Argeș,1329,Oţelu (Berevoeşti),Oţelu,Berevoeşti
Argeș,1489,Păcioiu (Coşeşti),Păcioiu,Coşeşti
Argeș,1968,Pădureni (Suseni),Pădureni,Suseni
Argeș,1642,Pădureţi (Lunca Corbului),Pădureţi,Lunca Corbului
Argeș,1768,Păduroiu din Deal (Poiana Lacului),Păduroiu din Deal,Poiana Lacului
Argeș,1769,Păduroiu din Vale (Poiana Lacului),Păduroiu din Vale,Poiana Lacului
Argeș,1797,Palanga (Popeşti),Palanga,Popeşti
Argeș,1954,Paltenu (Şuici),Paltenu,Şuici
Argeș,1810,Paraschiveşti (Priboieni),Paraschiveşti,Priboieni
Argeș,1504,Pârvu Roşu (Costești),Pârvu Roşu,Costești
Argeș,1826,Pătuleni (Răteşti),Pătuleni,Răteşti
Argeș,1647,Păuleasca (Mălureni),Păuleasca,Mălureni
Argeș,1668,Păuleasca (Miceşti),Păuleasca,Miceşti
Argeș,1955,Păuleni (Şuici),Păuleni,Şuici
Argeș,1457,Păuneşti (Ciomăgeşti),Păuneşti,Ciomăgeşti
Argeș,1490,Petreşti (Coşeşti),Petreşti,Coşeşti
Argeș,1362,Piatra (Brăduleţ),Piatra,Brăduleţ
Argeș,1447,Piatra (Ciofrângeni),Piatra,Ciofrângeni
Argeș,1937,Piatra (Stoeneşti),Piatra,Stoeneşti
Argeș,1523,Pieleşti (Cotmeana),Pieleşti,Cotmeana
Argeș,2056,Pietroasa (Valea Mare-Pravăţ),Pietroasa,Valea Mare-Pravăţ
Argeș,1753,Pietroşani,Pietroşani,
Argeș,1563,Piscani (Dârmăneşti),Piscani,Dârmăneşti
Argeș,1757,Piteşti,Piteşti,
Argeș,1883,Piţigaia (Stâlpeni),Piţigaia,Stâlpeni
Argeș,1811,Pitoi (Priboieni),Pitoi,Priboieni
Argeș,1384,Podeni (Buzoeşti),Podeni,Buzoeşti
Argeș,1306,Podişoru (Bârla),Podişoru,Bârla
Argeș,1507,Podu Broşteni (Costești),Podu Broşteni,Costești
Argeș,1550,Podu Dâmboviţei (Dâmbovicioara),Podu Dâmboviţei,Dâmbovicioara
Argeș,1481,Poduri (Corbi),Poduri,Corbi
Argeș,1770,Poiana Lacului,Poiana Lacului,
Argeș,1482,Poienarei (Corbi),Poienarei,Corbi
Argeș,1474,Poienari (Corbeni),Poienari,Corbeni
Argeș,1775,Poienari (Poienarii de Argeş),Poienari,Poienarii de Argeş
Argeș,1781,Poienari (Poienarii de Muscel),Poienari,Poienarii de Muscel
Argeș,1776,Poienarii de Argeş,Poienarii de Argeş,
Argeș,1782,Poienarii de Muscel,Poienarii de Muscel,
Argeș,1293,Poieniţa (Bălileşti),Poieniţa,Bălileşti
Argeș,1632,Pojorâta (Lereşti),Pojorâta,Lereşti
Argeș,1465,Popeşti (Cocu),Popeşti,Cocu
Argeș,1798,Popeşti,Popeşti,
Argeș,1863,Popeşti (Săpata),Popeşti,Săpata
Argeș,1294,Priboaia (Bălileşti),Priboaia,Bălileşti
Argeș,1812,Priboieni,Priboieni,
Argeș,1491,Priseaca (Coşeşti),Priseaca,Coşeşti
Argeș,1594,Prislopu Mare (Drăganu),Prislopu Mare,Drăganu
Argeș,1315,Prislopu Mic (Bascov),Prislopu Mic,Bascov
Argeș,2077,Prodani (Vedea),Prodani,Vedea
Argeș,1730,Prosia (Muşăteşti),Prosia,Muşăteşti
Argeș,1669,Purcăreni (Miceşti),Purcăreni,Miceşti
Argeș,1799,Purcăreni (Popeşti),Purcăreni,Popeşti
Argeș,2090,Putina (Vlădeşti),Putina,Vlădeşti
Argeș,1820,Râca,Râca,
Argeș,1466,Răchiţele de Jos (Cocu),Răchiţele de Jos,Cocu
Argeș,1467,Răchiţele de Sus (Cocu),Răchiţele de Sus,Cocu
Argeș,1703,Racoviţa (Mioveni),Racoviţa,Mioveni
Argeș,1884,Rădeşti (Stâlpeni),Rădeşti,Stâlpeni
Argeș,1405,Radu Negru (Călineşti),Radu Negru,Călineşti
Argeș,1458,Răduţeşti (Ciomăgeşti),Răduţeşti,Ciomăgeşti
Argeș,2014,Râjleţu-Govora (Uda),Râjleţu-Govora,Uda
Argeș,1406,Râncăciov (Călineşti),Râncăciov,Călineşti
Argeș,1827,Răteşti,Răteşti,
Argeș,2078,Răţoi (Vedea),Răţoi,Vedea
Argeș,1422,Recea (Căteasca),Recea,Căteasca
Argeș,1841,Recea,Recea,
Argeș,1385,Redea (Buzoeşti),Redea,Buzoeşti
Argeș,1754,Retevoieşti (Pietroşani),Retevoieşti,Pietroşani
Argeș,1731,Robaia (Muşăteşti),Robaia,Muşăteşti
Argeș,1848,Rociu,Rociu,
Argeș,1372,Rogojina (Budeasa),Rogojina,Budeasa
Argeș,2015,Romana (Uda),Romana,Uda
Argeș,1475,Rotunda (Corbeni),Rotunda,Corbeni
Argeș,1851,Rucăr,Rucăr,
Argeș,1683,Rudeni (Mihăeşti),Rudeni,Mihăeşti
Argeș,1956,Rudeni (Şuici),Rudeni,Şuici
Argeș,2046,Ruginoasa (Valea Iaşului),Ruginoasa,Valea Iaşului
Argeș,1854,Sălătrucu,Sălătrucu,
Argeș,2016,Săliştea (Uda),Săliştea,Uda
Argeș,1813,Sămăila (Priboieni),Sămăila,Priboieni
Argeș,1771,Sămara (Poiana Lacului),Sămara,Poiana Lacului
Argeș,1524,Sănduleşti (Cotmeana),Sănduleşti,Cotmeana
Argeș,1864,Săpata,Săpata,
Argeș,1713,Săpunari (Morăreşti),Săpunari,Morăreşti
Argeș,1852,Sătic (Rucăr),Sătic,Rucăr
Argeș,2030,Satu Nou (Ungheni),Satu Nou,Ungheni
Argeș,1745,Sboghiţeşti (Nucşoara),Sboghiţeşti,Nucşoara
Argeș,1316,Schiau (Bascov),Schiau,Bascov
Argeș,1871,Schitu Goleşti,Schitu Goleşti,
Argeș,1629,Schitu Scoiceşti (Leordeni),Schitu Scoiceşti,Leordeni
Argeș,1448,Schitu-Matei (Ciofrângeni),Schitu-Matei,Ciofrângeni
Argeș,1307,Şelăreasca (Bârla),Şelăreasca,Bârla
Argeș,2057,Şelari (Valea Mare-Pravăţ),Şelari,Valea Mare-Pravăţ
Argeș,1430,Şendruleşti (Cepari),Şendruleşti,Cepari
Argeș,1783,Şerbăneşti (Poienarii de Muscel),Şerbăneşti,Poienarii de Muscel
Argeș,1849,Şerbăneşti (Rociu),Şerbăneşti,Rociu
Argeș,1386,Şerboeni (Buzoeşti),Şerboeni,Buzoeşti
Argeș,1423,Siliştea (Căteasca),Siliştea,Căteasca
Argeș,1643,Silişteni (Lunca Corbului),Silişteni,Lunca Corbului
Argeș,1539,Sineşti (Cuca),Sineşti,Cuca
Argeș,1363,Slămneşti (Brăduleţ),Slămneşti,Brăduleţ
Argeș,1262,Slănic (Aninoasa),Slănic,Aninoasa
Argeș,1746,Slatina (Nucşoara),Slatina,Nucşoara
Argeș,1277,Slătioarele (Băbana),Slătioarele,Băbana
Argeș,1800,Slobozia (Popeşti),Slobozia,Popeşti
Argeș,1876,Slobozia,Slobozia,
Argeș,1940,Slobozia (Stoeneşti),Slobozia,Stoeneşti
Argeș,1510,Smei (Costești),Smei,Costești
Argeș,1721,Smeura (Moşoaia),Smeura,Moşoaia
Argeș,1525,Spiridoni (Cotmeana),Spiridoni,Cotmeana
Argeș,1885,Stâlpeni,Stâlpeni,
Argeș,1483,Stăneşti (Corbi),Stăneşti,Corbi
Argeș,1540,Stănicei (Cuca),Stănicei,Cuca
Argeș,1512,Stârci (Costești),Stârci,Costești
Argeș,1905,Ştefan cel Mare,Ştefan cel Mare,
Argeș,1917,Ştefăneşti,Ştefăneşti,
Argeș,1970,Ştefăneşti (Suseni),Ştefăneşti,Suseni
Argeș,1919,Ştefăneştii Noi (Ştefăneşti),Ştefăneştii Noi,Ştefăneşti
Argeș,1284,Stejari (Băiculeşti),Stejari,Băiculeşti
Argeș,1941,Stoeneşti,Stoeneşti,
Argeș,1950,Stolnici,Stolnici,
Argeș,1393,Strâmbeni (Căldăraru),Strâmbeni,Căldăraru
Argeș,1971,Strâmbeni (Suseni),Strâmbeni,Suseni
Argeș,1732,Stroeşti (Muşăteşti),Stroeşti,Muşăteşti
Argeș,1957,Şuici,Şuici,
Argeș,1706,Surduleşti (Miroşi),Surduleşti,Miroşi
Argeș,1338,Suseni (Bogaţi),Suseni,Bogaţi
Argeș,1972,Suseni,Suseni,
Argeș,1697,Suslăneşti (Mioarele),Suslăneşti,Mioarele
Argeș,1977,Teiu,Teiu,
Argeș,1541,Teodoreşti (Cuca),Teodoreşti,Cuca
Argeș,1999,Tigănesti (Topoloveni),Tigănesti,Topoloveni
Argeș,1828,Tigveni (Răteşti),Tigveni,Răteşti
Argeș,1985,Tigveni,Tigveni,
Argeș,1992,Ţiţeşti,Ţiţeşti,
Argeș,1387,Tomşanca (Buzoeşti),Tomşanca,Buzoeşti
Argeș,1777,Tomuleşti (Poienarii de Argeş),Tomuleşti,Poienarii de Argeş
Argeș,1648,Topliţa (Mălureni),Topliţa,Mălureni
Argeș,2000,Topoloveni,Topoloveni,
Argeș,1476,Turburea (Corbeni),Turburea,Corbeni
Argeș,1865,Turceşti (Săpata),Turceşti,Săpata
Argeș,1285,Tutana (Băiculeşti),Tutana,Băiculeşti
Argeș,1973,Ţuţuleşti (Suseni),Ţuţuleşti,Suseni
Argeș,2017,Uda,Uda,
Argeș,1407,Udeni-Zăvoi (Călineşti),Udeni-Zăvoi,Călineşti
Argeș,1317,Uiasca (Bascov),Uiasca,Bascov
Argeș,1364,Uleni (Brăduleţ),Uleni,Brăduleţ
Argeș,1295,Ulita (Bălileşti),Ulita,Bălileşti
Argeș,2032,Ungheni,Ungheni,
Argeș,1365,Ungureni (Brăduleţ),Ungureni,Brăduleţ
Argeș,2047,Ungureni (Valea Iaşului),Ungureni,Valea Iaşului
Argeș,1442,Urecheşti (Cicăneşti),Urecheşti,Cicăneşti
Argeș,1408,Urlucea (Călineşti),Urlucea,Călineşti
Argeș,1308,Urlueni (Bârla),Urlueni,Bârla
Argeș,1431,Urluieşti (Cepari),Urluieşti,Cepari
Argeș,1526,Ursoaia (Cotmeana),Ursoaia,Cotmeana
Argeș,1687,Văcarea (Mihăeşti),Văcarea,Mihăeşti
Argeș,1663,Vâlcelele (Merişani),Vâlcelele,Merişani
Argeș,1943,Valea Bădenilor (Stoeneşti),Valea Bădenilor,Stoeneşti
Argeș,1688,Valea Bradului (Mihăeşti),Valea Bradului,Mihăeşti
Argeș,1286,Valea Brazilor (Băiculeşti),Valea Brazilor,Băiculeşti
Argeș,1958,Valea Calului (Şuici),Valea Calului,Şuici
Argeș,1437,Valea Cetăţuia (Cetăţeni),Valea Cetăţuia,Cetăţeni
Argeș,1409,Valea Corbului (Călineşti),Valea Corbului,Călineşti
Argeș,1542,Valea Cucii (Cuca),Valea Cucii,Cuca
Argeș,2038,Valea Danului,Valea Danului,
Argeș,1733,Valea Faurului (Muşăteşti),Valea Faurului,Muşăteşti
Argeș,1597,Valea Hotarului (Dragoslavele),Valea Hotarului,Dragoslavele
Argeș,2048,Valea Iaşului,Valea Iaşului,
Argeș,1784,Valea Îndărăt (Poienarii de Muscel),Valea Îndărăt,Poienarii de Muscel
Argeș,1287,Valea lui Enache (Băiculeşti),Valea lui Enache,Băiculeşti
Argeș,1734,Valea lui Maş (Muşăteşti),Valea lui Maş,Muşăteşti
Argeș,1432,Valea Măgurei (Cepari),Valea Măgurei,Cepari
Argeș,1993,Valea Mănăstirii (Ţiţeşti),Valea Mănăstirii,Ţiţeşti
Argeș,1814,Valea Mare (Priboieni),Valea Mare,Priboieni
Argeș,1296,Valea Mare-Bratia (Bălileşti),Valea Mare-Bratia,Bălileşti
Argeș,1920,Valea Mare-Podgoria (Ştefăneşti),Valea Mare-Podgoria,Ştefăneşti
Argeș,2058,Valea Mare-Pravăţ,Valea Mare-Pravăţ,
Argeș,1373,Valea Mărului (Budeasa),Valea Mărului,Budeasa
Argeș,1735,Valea Muscelului (Muşăteşti),Valea Muscelului,Muşăteşti
Argeș,1566,Valea Nandrii (Dârmăneşti),Valea Nandrii,Dârmăneşti
Argeș,1815,Valea Nenii (Priboieni),Valea Nenii,Priboieni
Argeș,1872,Valea Pechii (Schitu Goleşti),Valea Pechii,Schitu Goleşti
Argeș,1689,Valea Popii (Mihăeşti),Valea Popii,Mihăeşti
Argeș,1816,Valea Popii (Priboieni),Valea Popii,Priboieni
Argeș,1567,Valea Rizii (Dârmăneşti),Valea Rizii,Dârmăneşti
Argeș,1415,Valea Rumâneştilor (Câmpulung),Valea Rumâneştilor,Câmpulung
Argeș,1264,Valea Siliştii (Aninoasa),Valea Siliştii,Aninoasa
Argeș,1994,Valea Stânii (Ţiţeşti),Valea Stânii,Ţiţeşti
Argeș,2049,Valea Uleiului (Valea Iaşului),Valea Uleiului,Valea Iaşului
Argeș,1318,Valea Ursului (Bascov),Valea Ursului,Bascov
Argeș,1855,Văleni (Sălătrucu),Văleni,Sălătrucu
Argeș,1411,Văleni-Podgoria (Călineşti),Văleni-Podgoria,Călineşti
Argeș,1736,Vâlsăneşti (Muşăteşti),Vâlsăneşti,Muşăteşti
Argeș,1527,Vârloveni (Cotmeana),Vârloveni,Cotmeana
Argeș,2079,Vârşeşti (Vedea),Vârşeşti,Vedea
Argeș,1755,Vărzăroaia (Pietroşani),Vărzăroaia,Pietroşani
Argeș,1664,Vărzaru (Merişani),Vărzaru,Merişani
Argeș,2080,Vaţa (Vedea),Vaţa,Vedea
Argeș,2081,Vedea,Vedea,
Argeș,2039,Verneşti (Valea Danului),Verneşti,Valea Danului
Argeș,2082,Veţişoara (Vedea),Veţişoara,Vedea
Argeș,1921,Viişoara (Ştefăneşti),Viişoara,Ştefăneşti
Argeș,1986,Vlădeşti (Tigveni),Vlădeşti,Tigveni
Argeș,2092,Vlădeşti,Vlădeşti,
Argeș,1388,Vlăduţa (Buzoeşti),Vlăduţa,Buzoeşti
Argeș,1951,Vlăşcuţa (Stolnici),Vlăşcuţa,Stolnici
Argeș,1633,Voineşti (Lereşti),Voineşti,Lereşti
Argeș,1543,Vonigeasa (Cuca),Vonigeasa,Cuca
Argeș,1571,Voroveni (Davideşti),Voroveni,Davideşti
Argeș,1412,Vrăneşti (Călineşti),Vrăneşti,Călineşti
Argeș,1389,Vulpeşti (Buzoeşti),Vulpeşti,Buzoeşti
Argeș,2109,Vultureşti,Vultureşti,
Argeș,1433,Zamfireşti (Cepari),Zamfireşti,Cepari
Argeș,1528,Zamfireşti (Cotmeana),Zamfireşti,Cotmeana
Argeș,1649,Zărneşti (Mălureni),Zărneşti,Mălureni
Argeș,1922,Zăvoi (Ştefăneşti),Zăvoi,Ştefăneşti
Argeș,1324,Zgripceşti (Beleţi-Negreşti),Zgripceşti,Beleţi-Negreşti
Argeș,1725,Zidurile (Mozăceni),Zidurile,Mozăceni
Argeș,1288,Zigoneni (Băiculeşti),Zigoneni,Băiculeşti
Argeș,1309,Zuvelcaţi (Bârla),Zuvelcaţi,Bârla
Bacău,2112,Agăş,Agăş,
Bacău,2138,Albele (Bârsăneşti),Albele,Bârsăneşti
Bacău,2384,Antoheşti (Izvoru Berheciului),Antoheşti,Izvoru Berheciului
Bacău,2124,Apa Asău (Asău),Apa Asău,Asău
Bacău,2121,Ardeoani,Ardeoani,
Bacău,2322,Arini (Găiceana),Arini,Găiceana
Bacău,2125,Asău,Asău,
Bacău,2131,Bacău,Bacău,
Bacău,2243,Băcioiu (Corbasca),Băcioiu,Corbasca
Bacău,2457,Bâcleşti (Motoşeni),Bâcleşti,Motoşeni
Bacău,2562,Bahna (Pârgăreşti),Bahna,Pârgăreşti
Bacău,2579,Băhnăşeni (Pârjol),Băhnăşeni,Pârjol
Bacău,2385,Băimac (Izvoru Berheciului),Băimac,Izvoru Berheciului
Bacău,2304,Bălaia (Filipeni),Bălaia,Filipeni
Bacău,2408,Bălăneasa (Livezi),Bălăneasa,Livezi
Bacău,2279,Bălăneşti (Dealu Morii),Bălăneşti,Dealu Morii
Bacău,2598,Bălăneşti (Podu Turcului),Bălăneşti,Podu Turcului
Bacău,2251,Bâlca (Coţofăneşti),Bâlca,Coţofăneşti
Bacău,2133,Balcani,Balcani,
Bacău,2719,Baloteşti (Stănişeşti),Baloteşti,Stănişeşti
Bacău,2665,Bălţata (Sărata),Bălţata,Sărata
Bacău,2506,Băluşa (Odobeşti),Băluşa,Odobeşti
Bacău,2280,Banca (Dealu Morii),Banca,Dealu Morii
Bacău,2442,Baraţi (Mărgineni),Baraţi,Mărgineni
Bacău,2523,Bărboasa (Onceşti),Bărboasa,Onceşti
Bacău,2624,Barcana (Răchitoasa),Barcana,Răchitoasa
Bacău,2568,Barna (Parincea),Barna,Parincea
Bacău,2580,Bărneşti (Pârjol),Bărneşti,Pârjol
Bacău,2139,Bârsăneşti,Bârsăneşti,
Bacău,2787,Bărtăşeşti (Ungureni),Bărtăşeşti,Ungureni
Bacău,2657,Bârzuleşti (Sănduleni),Bârzuleşti,Sănduleni
Bacău,2581,Băsăşti (Pârjol),Băsăşti,Pârjol
Bacău,2363,Bazga (Horgeşti),Bazga,Horgeşti
Bacău,2720,Belciuneasa (Stănişeşti),Belciuneasa,Stănişeşti
Bacău,2113,Beleghet (Agăş),Beleghet,Agăş
Bacău,2721,Beneşti (Stănişeşti),Beneşti,Stănişeşti
Bacău,2695,Berbinceni (Secuieni),Berbinceni,Secuieni
Bacău,2667,Bereşti (Sascut),Bereşti,Sascut
Bacău,2143,Bereşti-Bistriţa,Bereşti-Bistriţa,
Bacău,2149,Bereşti-Tazlău,Bereşti-Tazlău,
Bacău,2157,Berzunţi,Berzunţi,
Bacău,2788,Bibireşti (Ungureni),Bibireşti,Ungureni
Bacău,2195,Bijghir (Buhoci),Bijghir,Buhoci
Bacău,2281,Blaga (Dealu Morii),Blaga,Dealu Morii
Bacău,2161,Blăgeşti,Blăgeşti,
Bacău,2205,Blidari (Căiuţi),Blidari,Căiuţi
Bacău,2313,Boanţa (Filipeşti),Boanţa,Filipeşti
Bacău,2282,Boboş (Dealu Morii),Boboş,Dealu Morii
Bacău,2283,Bodeasa (Dealu Morii),Bodeasa,Dealu Morii
Bacău,2294,Bogata (Dofteana),Bogata,Dofteana
Bacău,2675,Bogdan Vodă (Săuceşti),Bogdan Vodă,Săuceşti
Bacău,2730,Bogdana (Ştefan cel Mare),Bogdana,Ştefan cel Mare
Bacău,2169,Bogdăneşti,Bogdăneşti,
Bacău,2682,Bogdăneşti (Scorţeni),Bogdăneşti,Scorţeni
Bacău,2777,Bogdăneşti (Traian),Bogdăneşti,Traian
Bacău,2206,Boiştea (Căiuţi),Boiştea,Căiuţi
Bacău,2252,Boiştea de Jos (Coţofăneşti),Boiştea de Jos,Coţofăneşti
Bacău,2839,Bolătău (Zemeş),Bolătău,Zemeş
Bacău,2332,Bolovăniş (Ghimeş-Făget),Bolovăniş,Ghimeş-Făget
Bacău,2253,Borşani (Coţofăneşti),Borşani,Coţofăneşti
Bacău,2531,Borzeşti (Oneşti),Borzeşti,Oneşti
Bacău,2819,Bosia (Vultureni),Bosia,Vultureni
Bacău,2150,Boşoteni (Bereşti-Tazlău),Boşoteni,Bereşti-Tazlău
Bacău,2284,Bostăneşti (Dealu Morii),Bostăneşti,Dealu Morii
Bacău,2790,Bota (Ungureni),Bota,Ungureni
Bacău,2791,Boteşti (Ungureni),Boteşti,Ungureni
Bacău,2144,Brad (Bereşti-Bistriţa),Brad,Bereşti-Bistriţa
Bacău,2305,Brad (Filipeni),Brad,Filipeni
Bacău,2472,Brad (Negri),Brad,Negri
Bacău,2140,Brăteşti (Bârsăneşti),Brăteşti,Bârsăneşti
Bacău,2354,Brătila (Helegiu),Brătila,Helegiu
Bacău,2180,Brusturoasa,Brusturoasa,
Bacău,2480,Buchila (Nicolae Bălcescu),Buchila,Nicolae Bălcescu
Bacău,2189,Buciumi,Buciumi,
Bacău,2625,Bucşa (Răchitoasa),Bucşa,Răchitoasa
Bacău,2609,Bucşeşti (Poduri),Bucşeşti,Poduri
Bacău,2158,Buda (Berzunţi),Buda,Berzunţi
Bacău,2162,Buda (Blăgeşti),Buda,Blăgeşti
Bacău,2626,Buda (Răchitoasa),Buda,Răchitoasa
Bacău,2588,Budeşti (Plopana),Budeşti,Plopana
Bacău,2196,Buhocel (Buhoci),Buhocel,Buhoci
Bacău,2197,Buhoci,Buhoci,
Bacău,2201,Buhuşi,Buhuşi,
Bacău,2627,Burdusaci (Răchitoasa),Burdusaci,Răchitoasa
Bacău,2181,Buruieniş (Brusturoasa),Buruieniş,Brusturoasa
Bacău,2182,Buruienişu de Sus (Brusturoasa),Buruienişu de Sus,Brusturoasa
Bacău,2599,Căbeşti (Podu Turcului),Căbeşti,Podu Turcului
Bacău,2538,Cădăreşti (Palanca),Cădăreşti,Palanca
Bacău,2207,Căiuţi,Căiuţi,
Bacău,2285,Calapodeşti (Dealu Morii),Calapodeşti,Dealu Morii
Bacău,2516,Călcâi (Oituz),Călcâi,Oituz
Bacău,2473,Călineşti (Negri),Călineşti,Negri
Bacău,2224,Călini (Coloneşti),Călini,Coloneşti
Bacău,2257,Călugăreni (Dămieneşti),Călugăreni,Dămieneşti
Bacău,2183,Camenca (Brusturoasa),Camenca,Brusturoasa
Bacău,2582,Câmpeni (Pârjol),Câmpeni,Pârjol
Bacău,2348,Capăta (Gura Văii),Capăta,Gura Văii
Bacău,2372,Căpoteşti (Huruieşti),Căpoteşti,Huruieşti
Bacău,2141,Caraclău (Bârsăneşti),Caraclău,Bârsăneşti
Bacău,2314,Cârligi (Filipeşti),Cârligi,Filipeşti
Bacău,2215,Caşin,Caşin,
Bacău,2286,Căuia (Dealu Morii),Căuia,Dealu Morii
Bacău,2711,Cerdac (Slănic-Moldova),Cerdac,Slănic-Moldova
Bacău,2610,Cernu (Poduri),Cernu,Poduri
Bacău,2750,Cetăţuia (Strugari),Cetăţuia,Strugari
Bacău,2458,Chetreni (Motoşeni),Chetreni,Motoşeni
Bacău,2757,Chetriş (Tamaşi),Chetriş,Tamaşi
Bacău,2459,Chicerea (Motoşeni),Chicerea,Motoşeni
Bacău,2544,Chilia Benei (Pânceşti),Chilia Benei,Pânceşti
Bacău,2699,Chiticeni (Secuieni),Chiticeni,Secuieni
Bacău,2126,Ciobănuş (Asău),Ciobănuş,Asău
Bacău,2712,Cireşoaia (Slănic-Moldova),Cireşoaia,Slănic-Moldova
Bacău,2617,Ciucani (Răcăciuni),Ciucani,Răcăciuni
Bacău,2539,Ciugheş (Palanca),Ciugheş,Palanca
Bacău,2380,Ciumaşi (Iteşti),Ciumaşi,Iteşti
Bacău,2508,Ciutureşti (Odobeşti),Ciutureşti,Odobeşti
Bacău,2218,Cleja,Cleja,
Bacău,2145,Climeşti (Bereşti-Bistriţa),Climeşti,Bereşti-Bistriţa
Bacău,2460,Cociu (Motoşeni),Cociu,Motoşeni
Bacău,2227,Coloneşti,Coloneşti,
Bacău,2658,Coman (Sănduleni),Coman,Sănduleni
Bacău,2238,Comăneşti,Comăneşti,
Bacău,2668,Conţeşti (Sascut),Conţeşti,Sascut
Bacău,2244,Corbasca,Corbasca,
Bacău,2806,Cornăţel (Urecheşti),Cornăţel,Urecheşti
Bacău,2461,Cornăţelu (Motoşeni),Cornăţelu,Motoşeni
Bacău,2315,Corneşti (Filipeşti),Corneşti,Filipeşti
Bacău,2611,Cornet (Poduri),Cornet,Poduri
Bacău,2769,Cornii de Jos (Tătărăşti),Cornii de Jos,Tătărăşti
Bacău,2770,Cornii de Sus (Tătărăşti),Cornii de Sus,Tătărăşti
Bacău,2114,Coşnea (Agăş),Coşnea,Agăş
Bacău,2676,Costei (Săuceşti),Costei,Săuceşti
Bacău,2198,Coteni (Buhoci),Coteni,Buhoci
Bacău,2254,Coţofăneşti,Coţofăneşti,
Bacău,2316,Cotu Grosului (Filipeşti),Cotu Grosului,Filipeşti
Bacău,2115,Cotumba (Agăş),Cotumba,Agăş
Bacău,2722,Crăieşti (Stănişeşti),Crăieşti,Stănişeşti
Bacău,2431,Crihan (Măgura),Crihan,Măgura
Bacău,2184,Cuchiniş (Brusturoasa),Cuchiniş,Brusturoasa
Bacău,2813,Cucova (Valea Seacă),Cucova,Valea Seacă
Bacău,2295,Cucuieţi (Dofteana),Cucuieţi,Dofteana
Bacău,2715,Cucuieţi (Solonţ),Cucuieţi,Solonţ
Bacău,2216,Curiţa (Caşin),Curiţa,Caşin
Bacău,2821,Dădeşti (Vultureni),Dădeşti,Vultureni
Bacău,2258,Dămieneşti,Dămieneşti,
Bacău,2628,Dănăila (Răchitoasa),Dănăila,Răchitoasa
Bacău,2265,Dărmăneasca (Dărmăneşti),Dărmăneasca,Dărmăneşti
Bacău,2266,Dărmăneşti,Dărmăneşti,
Bacău,2432,Dealu Mare (Măgura),Dealu Mare,Măgura
Bacău,2287,Dealu Morii,Dealu Morii,
Bacău,2524,Dealu Perjului (Onceşti),Dealu Perjului,Onceşti
Bacău,2355,Deleni (Helegiu),Deleni,Helegiu
Bacău,2116,Diaconeşti (Agăş),Diaconeşti,Agăş
Bacău,2546,Dieneţ (Pânceşti),Dieneţ,Pânceşti
Bacău,2296,Dofteana,Dofteana,
Bacău,2589,Dorneni (Plopana),Dorneni,Plopana
Bacău,2822,Dorneni (Vultureni),Dorneni,Vultureni
Bacău,2288,Dorofei (Dealu Morii),Dorofei,Dealu Morii
Bacău,2199,Dospineşti (Buhoci),Dospineşti,Buhoci
Bacău,2259,Drăgeşti (Dămieneşti),Drăgeşti,Dămieneşti
Bacău,2771,Drăgeşti (Tătărăşti),Drăgeşti,Tătărăşti
Bacău,2159,Dragomir (Berzunţi),Dragomir,Berzunţi
Bacău,2356,Drăgugeşti (Helegiu),Drăgugeşti,Helegiu
Bacău,2557,Drăguşani (Parava),Drăguşani,Parava
Bacău,2349,Dumbrava (Gura Văii),Dumbrava,Gura Văii
Bacău,2146,Dumbrava (Iteşti),Dumbrava,Iteşti
Bacău,2629,Dumbrava (Răchitoasa),Dumbrava,Răchitoasa
Bacău,2151,Enăcheşti (Bereşti-Tazlău),Enăcheşti,Bereşti-Tazlău
Bacău,2333,Făget (Ghimeş-Făget),Făget,Ghimeş-Făget
Bacău,2381,Făgeţel (Iteşti),Făgeţel,Iteşti
Bacău,2334,Făgetu de Sus (Ghimeş-Făget),Făgetu de Sus,Ghimeş-Făget
Bacău,2386,Făghieni (Izvoru Berheciului),Făghieni,Izvoru Berheciului
Bacău,2359,Fântânele (Hemeiuş),Fântânele,Hemeiuş
Bacău,2462,Fântânele (Motoşeni),Fântânele,Motoşeni
Bacău,2302,Faraoani,Faraoani,
Bacău,2630,Farcaşa (Răchitoasa),Farcaşa,Răchitoasa
Bacău,2517,Ferestrău-Oituz (Oituz),Ferestrău-Oituz,Oituz
Bacău,2600,Fichiteşti (Podu Turcului),Fichiteşti,Podu Turcului
Bacău,2306,Filipeni,Filipeni,
Bacău,2171,Filipeşti (Bogdăneşti),Filipeşti,Bogdăneşti
Bacău,2317,Filipeşti,Filipeşti,
Bacău,2208,Floreşti (Căiuţi),Floreşti,Căiuţi
Bacău,2373,Floreşti (Huruieşti),Floreşti,Huruieşti
Bacău,2685,Floreşti (Scorţeni),Floreşti,Scorţeni
Bacău,2134,Frumoasa (Balcani),Frumoasa,Balcani
Bacău,2342,Frumuşelu (Glăvăneşti),Frumuşelu,Glăvăneşti
Bacău,2307,Frunteşti (Filipeni),Frunteşti,Filipeni
Bacău,2547,Fulgeriş (Pânceşti),Fulgeriş,Pânceşti
Bacău,2463,Fundătura (Motoşeni),Fundătura,Motoşeni
Bacău,2631,Fundătura Răchitoasa (Răchitoasa),Fundătura Răchitoasa,Răchitoasa
Bacău,2701,Fundeni (Secuieni),Fundeni,Secuieni
Bacău,2374,Fundoaia (Huruieşti),Fundoaia,Huruieşti
Bacău,2618,Fundu Răcăciuni (Răcăciuni),Fundu Răcăciuni,Răcăciuni
Bacău,2590,Fundu Tutovei (Plopana),Fundu Tutovei,Plopana
Bacău,2548,Fundu Văii (Pânceşti),Fundu Văii,Pânceşti
Bacău,2758,Furnicari (Tamaşi),Furnicari,Tamaşi
Bacău,2323,Găiceana,Găiceana,
Bacău,2318,Galbeni (Filipeşti),Galbeni,Filipeşti
Bacău,2485,Galbeni (Nicolae Bălcescu),Galbeni,Nicolae Bălcescu
Bacău,2364,Galeri (Horgeşti),Galeri,Horgeşti
Bacău,2795,Gârla Anei (Ungureni),Gârla Anei,Ungureni
Bacău,2327,Gârleni,Gârleni,
Bacău,2328,Gârlenii de Sus (Gârleni),Gârlenii de Sus,Gârleni
Bacău,2619,Gâşteni (Răcăciuni),Gâşteni,Răcăciuni
Bacău,2454,Găzărie (Moineşti),Găzărie,Moineşti
Bacău,2620,Gheorghe Doja (Răcăciuni),Gheorghe Doja,Răcăciuni
Bacău,2772,Gherdana (Tătărăşti),Gherdana,Tătărăşti
Bacău,2824,Ghilăveşti (Vultureni),Ghilăveşti,Vultureni
Bacău,2335,Ghimeş (Ghimeş-Făget),Ghimeş,Ghimeş-Făget
Bacău,2336,Ghimeş-Făget,Ghimeş-Făget,
Bacău,2289,Ghionoaia (Dealu Morii),Ghionoaia,Dealu Morii
Bacău,2340,Gioseni,Gioseni,
Bacău,2773,Giurgeni (Tătărăşti),Giurgeni,Tătărăşti
Bacău,2601,Giurgioana (Podu Turcului),Giurgioana,Podu Turcului
Bacău,2343,Glăvăneşti,Glăvăneşti,
Bacău,2703,Glodişoarele (Secuieni),Glodişoarele,Secuieni
Bacău,2825,Godineştii de Jos (Vultureni),Godineştii de Jos,Vultureni
Bacău,2826,Godineştii de Sus (Vultureni),Godineştii de Sus,Vultureni
Bacău,2117,Goioasa (Agăş),Goioasa,Agăş
Bacău,2723,Gorgheşti (Stănişeşti),Gorgheşti,Stănişeşti
Bacău,2290,Grădeşti (Dealu Morii),Grădeşti,Dealu Morii
Bacău,2686,Grigoreni (Scorţeni),Grigoreni,Scorţeni
Bacău,2464,Gura Crăieşti (Motoşeni),Gura Crăieşti,Motoşeni
Bacău,20961,Gura Văii,Gura Văii,
Bacău,2640,Gura Văii (Racova),Gura Văii,Racova
Bacău,2740,Gutinaş (Ştefan cel Mare),Gutinaş,Ştefan cel Mare
Bacău,2297,Hăghiac (Dofteana),Hăghiac,Dofteana
Bacău,2632,Hăghiac (Răchitoasa),Hăghiac,Răchitoasa
Bacău,2583,Hăineala (Pârjol),Hăineala,Pârjol
Bacău,2641,Hălmăcioaia (Racova),Hălmăcioaia,Racova
Bacău,2185,Hângăneşti (Brusturoasa),Hângăneşti,Brusturoasa
Bacău,2602,Hanţa (Podu Turcului),Hanţa,Podu Turcului
Bacău,2518,Hârja (Oituz),Hârja,Oituz
Bacău,2319,Hârleşti (Filipeşti),Hârleşti,Filipeşti
Bacău,2357,Helegiu,Helegiu,
Bacău,2209,Heltiu (Căiuţi),Heltiu,Căiuţi
Bacău,2360,Hemeiuş,Hemeiuş,
Bacău,2779,Hertioana de Jos (Traian),Hertioana de Jos,Traian
Bacău,2780,Hertioana-Răzeşi (Traian),Hertioana-Răzeşi,Traian
Bacău,2392,Holt (Letea Veche),Holt,Letea Veche
Bacău,2365,Horgeşti,Horgeşti,
Bacău,2375,Huruieşti,Huruieşti,
Bacău,2324,Huţu (Găiceana),Huţu,Găiceana
Bacău,2751,Iaz (Strugari),Iaz,Strugari
Bacău,2642,Ilieşi (Racova),Ilieşi,Racova
Bacău,2591,Iţcani (Plopana),Iţcani,Plopana
Bacău,2382,Iteşti,Iteşti,
Bacău,2387,Izvoru Berheciului,Izvoru Berheciului,
Bacău,2267,Lapoş (Dărmăneşti),Lapoş,Dărmăneşti
Bacău,2298,Larga (Dofteana),Larga,Dofteana
Bacău,2488,Lărguţa (Nicolae Bălcescu),Lărguţa,Nicolae Bălcescu
Bacău,2603,Lehancea (Podu Turcului),Lehancea,Podu Turcului
Bacău,2122,Leontineşti (Ardeoani),Leontineşti,Ardeoani
Bacău,2329,Lespezi (Gârleni),Lespezi,Gârleni
Bacău,2393,Letea Veche,Letea Veche,
Bacău,2827,Lichitişeni (Vultureni),Lichitişeni,Vultureni
Bacău,2361,Lilieci (Hemeiuş),Lilieci,Hemeiuş
Bacău,2398,Lipova,Lipova,
Bacău,2409,Livezi,Livezi,
Bacău,2135,Ludaşi (Balcani),Ludaşi,Balcani
Bacău,2421,Luizi-Călugăra,Luizi-Călugăra,
Bacău,2127,Lunca Asău (Asău),Lunca Asău,Asău
Bacău,2807,Lunca Dochiei (Urecheşti),Lunca Dochiei,Urecheşti
Bacău,2446,Luncani (Mărgineni),Luncani,Mărgineni
Bacău,2437,Lupeşti (Mănăstirea Caşin),Lupeşti,Mănăstirea Caşin
Bacău,2633,Magazia (Răchitoasa),Magazia,Răchitoasa
Bacău,2424,Măgireşti,Măgireşti,
Bacău,2474,Mâgla (Negri),Mâgla,Negri
Bacău,2434,Măgura,Măgura,
Bacău,2399,Mâlosu (Lipova),Mâlosu,Lipova
Bacău,2438,Mănăstirea Caşin,Mănăstirea Caşin,
Bacău,2366,Mărăscu (Horgeşti),Mărăscu,Horgeşti
Bacău,2308,Mărăşti (Filipeni),Mărăşti,Filipeni
Bacău,2210,Mărceşti (Căiuţi),Mărceşti,Căiuţi
Bacău,2202,Marginea (Buhuşi),Marginea,Buhuşi
Bacău,2519,Marginea (Oituz),Marginea,Oituz
Bacău,2447,Mărgineni,Mărgineni,
Bacău,2245,Marvila (Corbasca),Marvila,Corbasca
Bacău,2659,Mateieşti (Sănduleni),Mateieşti,Sănduleni
Bacău,2828,Medeleni (Vultureni),Medeleni,Vultureni
Bacău,2569,Mileştii de Jos (Parincea),Mileştii de Jos,Parincea
Bacău,2570,Mileştii de Sus (Parincea),Mileştii de Sus,Parincea
Bacău,2648,Misihăneşti (Roşiori),Misihăneşti,Roşiori
Bacău,2455,Moineşti,Moineşti,
Bacău,2550,Motoc (Pânceşti),Motoc,Pânceşti
Bacău,2350,Motoceşti (Gura Văii),Motoceşti,Gura Văii
Bacău,2465,Motoşeni,Motoşeni,
Bacău,2634,Moviliţa (Răchitoasa),Moviliţa,Răchitoasa
Bacău,2344,Muncelu (Glăvăneşti),Muncelu,Glăvăneşti
Bacău,2752,Nadişa (Strugari),Nadişa,Strugari
Bacău,2571,Năneşti (Parincea),Năneşti,Parincea
Bacău,2572,Năstăseni (Parincea),Năstăseni,Parincea
Bacău,2829,Nazărioaia (Vultureni),Nazărioaia,Vultureni
Bacău,2744,Negoieşti (Ştefan cel Mare),Negoieşti,Ştefan cel Mare
Bacău,2612,Negreni (Poduri),Negreni,Poduri
Bacău,2475,Negri,Negri,
Bacău,2291,Neguleşti (Dealu Morii),Neguleşti,Dealu Morii
Bacău,2649,Neguşeni (Roşiori),Neguşeni,Roşiori
Bacău,2492,Nicolae Bălcescu,Nicolae Bălcescu,
Bacău,2563,Nicoreşti (Pârgăreşti),Nicoreşti,Pârgăreşti
Bacău,2388,Obârşia (Izvoru Berheciului),Obârşia,Izvoru Berheciului
Bacău,2376,Ocheni (Huruieşti),Ocheni,Huruieşti
Bacău,2511,Odobeşti,Odobeşti,
Bacău,2520,Oituz,Oituz,
Bacău,2525,Onceşti,Onceşti,
Bacău,2526,Onceştii Vechi (Onceşti),Onceştii Vechi,Onceşti
Bacău,2532,Oneşti,Oneşti,
Bacău,2320,Onişcani (Filipeşti),Onişcani,Filipeşti
Bacău,2635,Oprişeşti (Răchitoasa),Oprişeşti,Răchitoasa
Bacău,2410,Orăşa (Livezi),Orăşa,Livezi
Bacău,2535,Orbeni,Orbeni,
Bacău,2422,Osebiţi (Luizi-Călugăra),Osebiţi,Luizi-Călugăra
Bacău,2389,Oţeleşti (Izvoru Berheciului),Oţeleşti,Izvoru Berheciului
Bacău,2147,Pădureni (Bereşti-Bistriţa),Pădureni,Bereşti-Bistriţa
Bacău,2260,Pădureni (Dămieneşti),Pădureni,Dămieneşti
Bacău,2309,Pădureni (Filipeni),Pădureni,Filipeni
Bacău,2390,Pădureni (Izvoru Berheciului),Pădureni,Izvoru Berheciului
Bacău,2448,Pădureni (Mărgineni),Pădureni,Mărgineni
Bacău,2272,Păgubeni (Dărmăneşti),Păgubeni,Dărmăneşti
Bacău,2540,Pajiştea (Palanca),Pajiştea,Palanca
Bacău,2541,Palanca,Palanca,
Bacău,2351,Păltinata (Gura Văii),Păltinata,Gura Văii
Bacău,2128,Păltiniş (Asău),Păltiniş,Asău
Bacău,2669,Pănceşti (Sascut),Pănceşti,Sascut
Bacău,2564,Pârâu Boghii (Pârgăreşti),Pârâu Boghii,Pârgăreşti
Bacău,2558,Parava,Parava,
Bacău,2565,Pârgăreşti,Pârgăreşti,
Bacău,2573,Parincea,Parincea,
Bacău,2584,Pârjol,Pârjol,
Bacău,2439,Pârvuleşti (Mănăstirea Caşin),Pârvuleşti,Mănăstirea Caşin
Bacău,2377,Perchiu (Huruieşti),Perchiu,Huruieşti
Bacău,2553,Petreşti (Pânceşti),Petreşti,Pânceşti
Bacău,2753,Petricica (Strugari),Petricica,Strugari
Bacău,2592,Plopana,Plopana,
Bacău,2274,Plopu (Dărmăneşti),Plopu,Dărmăneşti
Bacău,2604,Plopu (Podu Turcului),Plopu,Podu Turcului
Bacău,2240,Podei (Comăneşti),Podei,Comăneşti
Bacău,2449,Podiş (Mărgineni),Podiş,Mărgineni
Bacău,2605,Podu Turcului,Podu Turcului,
Bacău,2613,Poduri,Poduri,
Bacău,2246,Pogleţ (Corbasca),Pogleţ,Corbasca
Bacău,2231,Poiana (Coloneşti),Poiana,Coloneşti
Bacău,2416,Poiana (Livezi),Poiana,Livezi
Bacău,2450,Poiana (Mărgineni),Poiana,Mărgineni
Bacău,2466,Poiana (Motoşeni),Poiana,Motoşeni
Bacău,2476,Poiana (Negri),Poiana,Negri
Bacău,2164,Poiana Negustorului (Blăgeşti),Poiana Negustorului,Blăgeşti
Bacău,2521,Poiana Sărată (Oituz),Poiana Sărată,Oituz
Bacău,2574,Poieni (Parincea),Poieni,Parincea
Bacău,2650,Poieni (Roşiori),Poieni,Roşiori
Bacău,2761,Poieni (Târgu Ocna),Poieni,Târgu Ocna
Bacău,2211,Popeni (Căiuţi),Popeni,Căiuţi
Bacău,2325,Popeşti (Găiceana),Popeşti,Găiceana
Bacău,2542,Popoiu (Palanca),Popoiu,Palanca
Bacău,2378,Prădaiş (Huruieşti),Prădaiş,Huruieşti
Bacău,2467,Praja (Motoşeni),Praja,Motoşeni
Bacău,2425,Prăjeşti (Măgireşti),Prăjeşti,Măgireşti
Bacău,2781,Prăjeşti (Traian),Prăjeşti,Traian
Bacău,2417,Prăjoaia (Livezi),Prăjoaia,Livezi
Bacău,2212,Pralea (Căiuţi),Pralea,Căiuţi
Bacău,2118,Preluci (Agăş),Preluci,Agăş
Bacău,2152,Prisaca (Bereşti-Tazlău),Prisaca,Bereşti-Tazlău
Bacău,2614,Prohozeşti (Poduri),Prohozeşti,Poduri
Bacău,2585,Pustiana (Pârjol),Pustiana,Pârjol
Bacău,2636,Putini (Răchitoasa),Putini,Răchitoasa
Bacău,2345,Putredeni (Glăvăneşti),Putredeni,Glăvăneşti
Bacău,2621,Răcăciuni,Răcăciuni,
Bacău,2367,Răcătău de Jos (Horgeşti),Răcătău de Jos,Horgeşti
Bacău,2368,Răcătău-Răzeşi (Horgeşti),Răcătău-Răzeşi,Horgeşti
Bacău,2191,Răcăuţi (Buciumi),Răcăuţi,Buciumi
Bacău,2337,Răchitiş (Ghimeş-Făget),Răchitiş,Ghimeş-Făget
Bacău,2754,Răchitişu (Strugari),Răchitişu,Strugari
Bacău,2637,Răchitoasa,Răchitoasa,
Bacău,2643,Racova,Racova,
Bacău,2606,Răcuşana (Podu Turcului),Răcuşana,Podu Turcului
Bacău,2745,Rădeana (Ştefan cel Mare),Rădeana,Ştefan cel Mare
Bacău,2559,Rădoaia (Parava),Rădoaia,Parava
Bacău,2394,Radomireşti (Letea Veche),Radomireşti,Letea Veche
Bacău,2622,Răstoaca (Răcăciuni),Răstoaca,Răcăciuni
Bacău,2346,Răzeşu (Glăvăneşti),Răzeşu,Glăvăneşti
Bacău,2369,Recea (Horgeşti),Recea,Horgeşti
Bacău,2830,Reprivăţ (Vultureni),Reprivăţ,Vultureni
Bacău,2247,Rogoaza (Corbasca),Rogoaza,Corbasca
Bacău,2153,Româneşti (Bereşti-Tazlău),Româneşti,Bereşti-Tazlău
Bacău,2652,Roşiori,Roşiori,
Bacău,2468,Rotăria (Motoşeni),Rotăria,Motoşeni
Bacău,2203,Runcu (Buhuşi),Runcu,Buhuşi
Bacău,2593,Rusenii de Sus (Plopana),Rusenii de Sus,Plopana
Bacău,2594,Rusenii Răzeşi (Plopana),Rusenii Răzeşi,Plopana
Bacău,2395,Ruşi-Ciutea (Letea Veche),Ruşi-Ciutea,Letea Veche
Bacău,2275,Sălătruc (Dărmăneşti),Sălătruc,Dărmăneşti
Bacău,2660,Sănduleni,Sănduleni,
Bacău,2498,Sărata (Nicolae Bălcescu),Sărata,Nicolae Bălcescu
Bacău,2716,Sărata (Solonţ),Sărata,Solonţ
Bacău,2607,Sârbi (Podu Turcului),Sârbi,Podu Turcului
Bacău,2670,Sascut,Sascut,
Bacău,2671,Sascut-Sat (Sascut),Sascut-Sat,Sascut
Bacău,2232,Satu Nou (Coloneşti),Satu Nou,Coloneşti
Bacău,2401,Satu Nou (Lipova),Satu Nou,Lipova
Bacău,2527,Satu Nou (Onceşti),Satu Nou,Onceşti
Bacău,2566,Satu Nou (Pârgăreşti),Satu Nou,Pârgăreşti
Bacău,2575,Satu Nou (Parincea),Satu Nou,Parincea
Bacău,2808,Satu Nou (Urecheşti),Satu Nou,Urecheşti
Bacău,2677,Săuceşti,Săuceşti,
Bacău,2418,Scăriga (Livezi),Scăriga,Livezi
Bacău,2248,Scărişoara (Corbasca),Scărişoara,Corbasca
Bacău,2672,Schineni (Sascut),Schineni,Sascut
Bacău,2678,Schineni (Săuceşti),Schineni,Săuceşti
Bacău,2136,Schitu Frumoasa (Balcani),Schitu Frumoasa,Balcani
Bacău,2689,Scorţeni,Scorţeni,
Bacău,2536,Scurta (Orbeni),Scurta,Orbeni
Bacău,2440,Scutaru (Mănăstirea Caşin),Scutaru,Mănăstirea Caşin
Bacău,2299,Seaca (Dofteana),Seaca,Dofteana
Bacău,2705,Secuieni,Secuieni,
Bacău,2469,Şendreşti (Motoşeni),Şendreşti,Motoşeni
Bacău,2679,Şerbeşti (Săuceşti),Şerbeşti,Săuceşti
Bacău,2690,Şerpeni (Scorţeni),Şerpeni,Scorţeni
Bacău,2426,Şesuri (Măgireşti),Şesuri,Măgireşti
Bacău,2396,Siretu (Letea Veche),Siretu,Letea Veche
Bacău,2680,Siretu (Săuceşti),Siretu,Săuceşti
Bacău,2713,Slănic-Moldova,Slănic-Moldova,
Bacău,2310,Slobozia (Filipeni),Slobozia,Filipeni
Bacău,2533,Slobozia (Oneşti),Slobozia,Oneşti
Bacău,2724,Slobozia (Stănişeşti),Slobozia,Stănişeşti
Bacău,2809,Slobozia (Urecheşti),Slobozia,Urecheşti
Bacău,2725,Slobozia Nouă (Stănişeşti),Slobozia Nouă,Stănişeşti
Bacău,2554,Soci (Pânceşti),Soci,Pânceşti
Bacău,2435,Sohodol (Măgura),Sohodol,Măgura
Bacău,2370,Sohodor (Horgeşti),Sohodor,Horgeşti
Bacău,2717,Solonţ,Solonţ,
Bacău,2219,Somuşca (Cleja),Somuşca,Cleja
Bacău,2233,Spria (Coloneşti),Spria,Coloneşti
Bacău,2427,Stăneşti (Măgireşti),Stăneşti,Măgireşti
Bacău,2726,Stănişeşti,Stănişeşti,
Bacău,2747,Ştefan cel Mare,Ştefan cel Mare,
Bacău,2300,Ştefan Vodă (Dofteana),Ştefan Vodă,Dofteana
Bacău,2691,Stejaru (Scorţeni),Stejaru,Scorţeni
Bacău,2129,Straja (Asău),Straja,Asău
Bacău,2595,Străminoasa (Plopana),Străminoasa,Plopana
Bacău,2755,Strugari,Strugari,
Bacău,2661,Stufu (Sănduleni),Stufu,Sănduleni
Bacău,2119,Sulţa (Agăş),Sulţa,Agăş
Bacău,2330,Şurina (Gârleni),Şurina,Gârleni
Bacău,2596,Ţâgâra (Plopana),Ţâgâra,Plopana
Bacău,2759,Tamaşi,Tamaşi,
Bacău,2255,Tămăşoaia (Coţofăneşti),Tămăşoaia,Coţofăneşti
Bacău,2586,Tărâţa (Pârjol),Tărâţa,Pârjol
Bacău,2166,Ţârdenii Mari (Blăgeşti),Ţârdenii Mari,Blăgeşti
Bacău,2762,Târgu Ocna,Târgu Ocna,
Bacău,2765,Târgu Trotuş,Târgu Trotuş,
Bacău,2338,Tărhăuşi (Ghimeş-Făget),Tărhăuşi,Ghimeş-Făget
Bacău,2528,Tarniţa (Onceşti),Tarniţa,Onceşti
Bacău,2774,Tătărăşti,Tătărăşti,
Bacău,2529,Taula (Onceşti),Taula,Onceşti
Bacău,2292,Tăvădăreşti (Dealu Morii),Tăvădăreşti,Dealu Morii
Bacău,2560,Teiuş (Parava),Teiuş,Parava
Bacău,2352,Temelia (Gura Văii),Temelia,Gura Văii
Bacău,2470,Ţepoaia (Motoşeni),Ţepoaia,Motoşeni
Bacău,2154,Tescani (Bereşti-Tazlău),Tescani,Bereşti-Tazlău
Bacău,2832,Ţigăneşti (Vultureni),Ţigăneşti,Vultureni
Bacău,2662,Tisa (Sănduleni),Tisa,Sănduleni
Bacău,2512,Tisa-Silvestri (Odobeşti),Tisa-Silvestri,Odobeşti
Bacău,2638,Tochilea (Răchitoasa),Tochilea,Răchitoasa
Bacău,2833,Tomozia (Vultureni),Tomozia,Vultureni
Bacău,2783,Traian,Traian,
Bacău,2451,Trebeş (Mărgineni),Trebeş,Mărgineni
Bacău,2155,Turluianu (Bereşti-Tazlău),Turluianu,Bereşti-Tazlău
Bacău,2766,Tuta (Târgu Trotuş),Tuta,Târgu Trotuş
Bacău,2775,Ungureni (Tătărăşti),Ungureni,Tătărăşti
Bacău,2810,Urecheşti,Urecheşti,
Bacău,2477,Ursoaia (Negri),Ursoaia,Negri
Bacău,2249,Vâlcele (Corbasca),Vâlcele,Corbasca
Bacău,2763,Vâlcele (Târgu Ocna),Vâlcele,Târgu Ocna
Bacău,2428,Valea Arinilor (Măgireşti),Valea Arinilor,Măgireşti
Bacău,2311,Valea Boţului (Filipeni),Valea Boţului,Filipeni
Bacău,2452,Valea Budului (Mărgineni),Valea Budului,Mărgineni
Bacău,2403,Valea Caselor (Lipova),Valea Caselor,Lipova
Bacău,2708,Valea Fânaţului (Secuieni),Valea Fânaţului,Secuieni
Bacău,2404,Valea Hogei (Lipova),Valea Hogei,Lipova
Bacău,2167,Valea lui Ion (Blăgeşti),Valea lui Ion,Blăgeşti
Bacău,2834,Valea Lupului (Vultureni),Valea Lupului,Vultureni
Bacău,2234,Valea Mare (Coloneşti),Valea Mare,Coloneşti
Bacău,2654,Valea Mare (Roşiori),Valea Mare,Roşiori
Bacău,2405,Valea Mărului (Lipova),Valea Mărului,Lipova
Bacău,2835,Valea Merilor (Vultureni),Valea Merilor,Vultureni
Bacău,2220,Valea Mică (Cleja),Valea Mică,Cleja
Bacău,2655,Valea Mică (Roşiori),Valea Mică,Roşiori
Bacău,2406,Valea Moşneagului (Lipova),Valea Moşneagului,Lipova
Bacău,2673,Valea Nacului (Sascut),Valea Nacului,Sascut
Bacău,2836,Valea Salciei (Vultureni),Valea Salciei,Vultureni
Bacău,2503,Valea Seacă (Nicolae Bălcescu),Valea Seacă,Nicolae Bălcescu
Bacău,2815,Valea Seacă,Valea Seacă,
Bacău,2615,Valea Şoşii (Poduri),Valea Şoşii,Poduri
Bacău,2576,Văleni (Parincea),Văleni,Parincea
Bacău,2709,Văleni (Secuieni),Văleni,Secuieni
Bacău,2727,Văleni (Stănişeşti),Văleni,Stănişeşti
Bacău,2241,Vermeşti (Comăneşti),Vermeşti,Comăneşti
Bacău,2663,Verşeşti (Sănduleni),Verşeşti,Sănduleni
Bacău,2803,Viforeni (Ungureni),Viforeni,Ungureni
Bacău,2748,Viişoara (Ştefan cel Mare),Viişoara,Ştefan cel Mare
Bacău,2767,Viişoara (Târgu Trotuş),Viişoara,Târgu Trotuş
Bacău,2577,Vladnic (Parincea),Vladnic,Parincea
Bacău,2213,Vrânceni (Căiuţi),Vrânceni,Căiuţi
Bacău,2837,Vultureni,Vultureni,
Bacău,2236,Zăpodia (Coloneşti),Zăpodia,Coloneşti
Bacău,2785,Zăpodia (Traian),Zăpodia,Traian
Bacău,2840,Zemeş,Zemeş,
Bacău,2804,Zlătari (Ungureni),Zlătari,Ungureni
Bihor,2843,Abram,Abram,
Bihor,2852,Abrămuţ,Abrămuţ,
Bihor,3452,Adoni (Tarcea),Adoni,Tarcea
Bihor,3296,Albeşti (Răbăgani),Albeşti,Răbăgani
Bihor,2973,Albiş (Buduslău),Albiş,Buduslău
Bihor,2857,Aleşd,Aleşd,
Bihor,2914,Almaşu Mare (Balc),Almaşu Mare,Balc
Bihor,2915,Almaşu Mic (Balc),Almaşu Mic,Balc
Bihor,3389,Almaşu Mic (Sârbi),Almaşu Mic,Sârbi
Bihor,3237,Alparea (Oşorhei),Alparea,Oşorhei
Bihor,2875,Ant (Avram Iancu),Ant,Avram Iancu
Bihor,3216,Apateu (Nojorid),Apateu,Nojorid
Bihor,2920,Arpăşel (Batăr),Arpăşel,Batăr
Bihor,2862,Aştileu,Aştileu,
Bihor,3015,Ateaş (Cefa),Ateaş,Cefa
Bihor,2867,Auşeu,Auşeu,
Bihor,2876,Avram Iancu,Avram Iancu,
Bihor,2910,Băile 1 Mai,Băile 1 Mai,
Bihor,2912,Băile Felix,Băile Felix,
Bihor,3224,Băiţa (Nucet),Băiţa,Nucet
Bihor,3225,Băiţa-Plai (Nucet),Băiţa-Plai,Nucet
Bihor,3467,Bălaia (Tileagd),Bălaia,Tileagd
Bihor,2916,Balc,Balc,
Bihor,3065,Bâlc (Criştioru de Jos),Bâlc,Criştioru de Jos
Bihor,3176,Băleni (Lazuri de Beiuş),Băleni,Lazuri de Beiuş
Bihor,3430,Bălnaca (Șuncuiuș),Bălnaca,Șuncuiuș
Bihor,3431,Bălnaca-Groşi (Șuncuiuș),Bălnaca-Groşi,Șuncuiuș
Bihor,2976,Baraj Lesu (Bulz),Baraj Lesu,Bulz
Bihor,2921,Batăr,Batăr,
Bihor,2925,Beiuş,Beiuş,
Bihor,3071,Beiuşele (Curăţele),Beiuşele,Curăţele
Bihor,3105,Belejeni (Drăgăneşti),Belejeni,Drăgăneşti
Bihor,3474,Belfir (Tinca),Belfir,Tinca
Bihor,3382,Berechiu (Sânnicolau Român),Berechiu,Sânnicolau Român
Bihor,3366,Betfia (Sânmartin),Betfia,Sânmartin
Bihor,2949,Beznea (Bratca),Beznea,Bratca
Bihor,3167,Bicăcel (Lăzăreni),Bicăcel,Lăzăreni
Bihor,3135,Bicaci (Gepiu),Bicaci,Gepiu
Bihor,2928,Biharia,Biharia,
Bihor,3491,Birtin (Vadu Crişului),Birtin,Vadu Crişului
Bihor,3273,Bistra (Popeşti),Bistra,Popeşti
Bihor,3456,Bogei (Tăuteu),Bogei,Tăuteu
Bihor,2931,Boianu Mare,Boianu Mare,
Bihor,3049,Boiu (Ciumeghiu),Boiu,Ciumeghiu
Bihor,2937,Borod,Borod,
Bihor,2938,Borozel (Borod),Borozel,Borod
Bihor,2944,Borş,Borş,
Bihor,3339,Borşa (Săcădat),Borşa,Săcădat
Bihor,3435,Borumlaca (Suplacu de Barcău),Borumlaca,Suplacu de Barcău
Bihor,3413,Borz (Şoimi),Borz,Şoimi
Bihor,3162,Botean (Ineu),Botean,Ineu
Bihor,2982,Brădet (Bunteşti),Brădet,Bunteşti
Bihor,2950,Bratca,Bratca,
Bihor,3297,Brăteşti (Răbăgani),Brăteşti,Răbăgani
Bihor,3186,Briheni (Lunca),Briheni,Lunca
Bihor,2956,Brusturi,Brusturi,
Bihor,3129,Brusturi (Finiş),Brusturi,Finiş
Bihor,3019,Bucium (Ceica),Bucium,Ceica
Bihor,3058,Bucuroaia (Copăcel),Bucuroaia,Copăcel
Bihor,3274,Budoi (Popeşti),Budoi,Popeşti
Bihor,2967,Budureasa,Budureasa,
Bihor,2974,Buduslău,Buduslău,
Bihor,2977,Bulz,Bulz,
Bihor,2983,Bunteşti,Bunteşti,
Bihor,2968,Burda (Budureasa),Burda,Budureasa
Bihor,3390,Burzuc (Sârbi),Burzuc,Sârbi
Bihor,3204,Butani (Măgeşti),Butani,Măgeşti
Bihor,2992,Căbeşti,Căbeşti,
Bihor,3205,Cacuciu Nou (Măgeşti),Cacuciu Nou,Măgeşti
Bihor,2868,Cacuciu Vechi (Auşeu),Cacuciu Vechi,Auşeu
Bihor,3343,Cadea (Săcueni),Cadea,Săcueni
Bihor,3230,Călacea (Olcea),Călacea,Olcea
Bihor,3468,Călătani (Tileagd),Călătani,Tileagd
Bihor,2863,Călăţea (Aştileu),Călăţea,Aştileu
Bihor,3168,Calea Mare (Lăzăreni),Calea Mare,Lăzăreni
Bihor,3010,Călugări (Cărpinet),Călugări,Cărpinet
Bihor,3503,Câmp (Vaşcău),Câmp,Vaşcău
Bihor,3504,Camp-Moti (Vaşcău),Camp-Moti,Vaşcău
Bihor,2998,Câmpani,Câmpani,
Bihor,3264,Câmpani de Pomezeu (Pomezeu),Câmpani de Pomezeu,Pomezeu
Bihor,3004,Căpâlna,Căpâlna,
Bihor,3169,Cărăndeni (Lăzăreni),Cărăndeni,Lăzăreni
Bihor,3170,Cărănzel (Lăzăreni),Cărănzel,Lăzăreni
Bihor,3053,Cărăsău (Cociuba Mare),Cărăsău,Cociuba Mare
Bihor,3011,Cărpinet,Cărpinet,
Bihor,2929,Cauaceu (Biharia),Cauaceu,Biharia
Bihor,3483,Căuaşd (Tulca),Căuaşd,Tulca
Bihor,3016,Cefa,Cefa,
Bihor,3020,Ceica,Ceica,
Bihor,3021,Ceişoara (Ceica),Ceişoara,Ceica
Bihor,3044,Cenaloş (Ciuhoi),Cenaloş,Ciuhoi
Bihor,3027,Cetariu,Cetariu,
Bihor,2939,Cetea (Borod),Cetea,Borod
Bihor,3032,Cherechiu,Cherechiu,
Bihor,3480,Cheresig (Toboliu),Cheresig,Toboliu
Bihor,3238,Cheriu (Oşorhei),Cheriu,Oşorhei
Bihor,3054,Cheşa (Cociuba Mare),Cheşa,Cociuba Mare
Bihor,3033,Cheşereu (Cherechiu),Cheşereu,Cherechiu
Bihor,3212,Cheţ (Marghita),Cheţ,Marghita
Bihor,3059,Chijic (Copăcel),Chijic,Copăcel
Bihor,3391,Chioag (Sârbi),Chioag,Sârbi
Bihor,3036,Chiraleu (Chişlaz),Chiraleu,Chişlaz
Bihor,3457,Chiribiş (Tăuteu),Chiribiş,Tăuteu
Bihor,3247,Chişcău (Pietroasa),Chişcău,Pietroasa
Bihor,3217,Chişirid (Nojorid),Chişirid,Nojorid
Bihor,3037,Chişlaz,Chişlaz,
Bihor,2864,Chistag (Aştileu),Chistag,Aştileu
Bihor,3368,Cihei (Sânmartin),Cihei,Sânmartin
Bihor,3344,Ciocaia (Săcueni),Ciocaia,Săcueni
Bihor,3045,Ciuhoi,Ciuhoi,
Bihor,3422,Ciuleşti (Spinuş),Ciuleşti,Spinuş
Bihor,3050,Ciumeghiu,Ciumeghiu,
Bihor,3458,Ciutelec (Tăuteu),Ciutelec,Tăuteu
Bihor,3055,Cociuba Mare,Cociuba Mare,
Bihor,3248,Cociuba Mică (Pietroasa),Cociuba Mică,Pietroasa
Bihor,2869,Codrişoru (Auşeu),Codrişoru,Auşeu
Bihor,3414,Codru (Şoimi),Codru,Şoimi
Bihor,2844,Cohani (Abram),Cohani,Abram
Bihor,3505,Coleşti (Vaşcău),Coleşti,Vaşcău
Bihor,3060,Copăcel,Copăcel,
Bihor,3359,Copăceni (Sâmbăta),Copăceni,Sâmbăta
Bihor,3022,Corbeşti (Ceica),Corbeşti,Ceica
Bihor,2932,Corboaia (Boianu Mare),Corboaia,Boianu Mare
Bihor,3370,Cordău (Sânmartin),Cordău,Sânmartin
Bihor,3090,Cornişeşti (Dobreşti),Cornişeşti,Dobreşti
Bihor,2940,Corniţel (Borod),Corniţel,Borod
Bihor,3265,Coşdeni (Pomezeu),Coşdeni,Pomezeu
Bihor,3023,Cotiglet (Ceica),Cotiglet,Ceica
Bihor,3091,Crânceşti (Dobreşti),Crânceşti,Dobreşti
Bihor,2853,Crestur (Abrămuţ),Crestur,Abrămuţ
Bihor,3072,Cresuia (Curăţele),Cresuia,Curăţele
Bihor,3066,Criştioru de Jos,Criştioru de Jos,
Bihor,3067,Criştioru de Sus (Criştioru de Jos),Criştioru de Sus,Criştioru de Jos
Bihor,3345,Cubulcut (Săcueni),Cubulcut,Săcueni
Bihor,3312,Cucuceni (Rieni),Cucuceni,Rieni
Bihor,2957,Cuieşd (Brusturi),Cuieşd,Brusturi
Bihor,3073,Curăţele,Curăţele,
Bihor,3077,Curtuişeni,Curtuişeni,
Bihor,3177,Cusuiuş (Lazuri de Beiuş),Cusuiuş,Lazuri de Beiuş
Bihor,3276,Cuzap (Popeşti),Cuzap,Popeşti
Bihor,2951,Damiş (Bratca),Damiş,Bratca
Bihor,2926,Delani (Beiuş),Delani,Beiuş
Bihor,3080,Derna,Derna,
Bihor,3081,Dernişoara (Derna),Dernişoara,Derna
Bihor,3123,Dicăneşti (Drăgeşti),Dicăneşti,Drăgeşti
Bihor,2845,Dijir (Abram),Dijir,Abram
Bihor,3086,Diosig,Diosig,
Bihor,3092,Dobreşti,Dobreşti,
Bihor,3206,Dobricioneşti (Măgeşti),Dobricioneşti,Măgeşti
Bihor,3436,Dolea (Suplacu de Barcău),Dolea,Suplacu de Barcău
Bihor,3107,Drăgăneşti,Drăgăneşti,
Bihor,3124,Drăgeşti,Drăgeşti,
Bihor,3303,Drăgoteni (Remetea),Drăgoteni,Remetea
Bihor,3147,Dumbrava (Holod),Dumbrava,Holod
Bihor,2984,Dumbrăvani (Bunteşti),Dumbrăvani,Bunteşti
Bihor,3148,Dumbrăviţa (Holod),Dumbrăviţa,Holod
Bihor,3415,Dumbrăviţa de Codru (Şoimi),Dumbrăviţa de Codru,Şoimi
Bihor,3024,Duşeşti (Ceica),Duşeşti,Ceica
Bihor,2999,Fânaţe (Câmpani),Fânaţe,Câmpani
Bihor,2854,Făncica (Abrămuţ),Făncica,Abrămuţ
Bihor,3498,Fâşca (Vârciorog),Fâşca,Vârciorog
Bihor,3392,Fegernic (Sârbi),Fegernic,Sârbi
Bihor,3393,Fegernicu Nou (Sârbi),Fegernicu Nou,Sârbi
Bihor,3239,Felcheriu (Oşorhei),Felcheriu,Oşorhei
Bihor,3258,Feneriş (Pocola),Feneriş,Pocola
Bihor,2985,Ferice (Bunteşti),Ferice,Bunteşti
Bihor,3130,Finiş,Finiş,
Bihor,3131,Fiziş (Finiş),Fiziş,Finiş
Bihor,3437,Foglaş (Suplacu de Barcău),Foglaş,Suplacu de Barcău
Bihor,3156,Fonău (Husasău de Tinca),Fonău,Husasău de Tinca
Bihor,3486,Forău (Uileacu de Beiuş),Forău,Uileacu de Beiuş
Bihor,3149,Forosig (Holod),Forosig,Holod
Bihor,3240,Fughiu (Oşorhei),Fughiu,Oşorhei
Bihor,3207,Gălăşeni (Măgeşti),Gălăşeni,Măgeşti
Bihor,3453,Galoşpetreu (Tarcea),Galoşpetreu,Tarcea
Bihor,3171,Gepiş (Lăzăreni),Gepiş,Lăzăreni
Bihor,3136,Gepiu,Gepiu,
Bihor,2870,Gheghie (Auşeu),Gheghie,Auşeu
Bihor,3213,Ghenetea (Marghita),Ghenetea,Marghita
Bihor,2917,Ghida (Balc),Ghida,Balc
Bihor,3313,Ghighişeni (Rieni),Ghighişeni,Rieni
Bihor,3051,Ghiorac (Ciumeghiu),Ghiorac,Ciumeghiu
Bihor,3005,Ginta (Căpâlna),Ginta,Căpâlna
Bihor,3138,Girişu de Criş,Girişu de Criş,
Bihor,3475,Girişu Negru (Tinca),Girişu Negru,Tinca
Bihor,3251,Giuleşti (Pietroasa),Giuleşti,Pietroasa
Bihor,2993,Goila (Căbeşti),Goila,Căbeşti
Bihor,3108,Grădinari (Drăgăneşti),Grădinari,Drăgăneşti
Bihor,2871,Groşi (Auşeu),Groşi,Auşeu
Bihor,3172,Gruilung (Lăzăreni),Gruilung,Lăzăreni
Bihor,3252,Gurani (Pietroasa),Gurani,Pietroasa
Bihor,3476,Gurbediu (Tinca),Gurbediu,Tinca
Bihor,2994,Gurbeşti (Căbeşti),Gurbeşti,Căbeşti
Bihor,3423,Gurbeşti (Spinuş),Gurbeşti,Spinuş
Bihor,3374,Haieu (Sânmartin),Haieu,Sânmartin
Bihor,3000,Hârseşti (Câmpani),Hârseşti,Câmpani
Bihor,3038,Hăuceşti (Chişlaz),Hăuceşti,Chişlaz
Bihor,3266,Hidiş (Pomezeu),Hidiş,Pomezeu
Bihor,3095,Hidişel (Dobreşti),Hidişel,Dobreşti
Bihor,3141,Hidişelu de Jos (Hidişelu de Sus),Hidişelu de Jos,Hidişelu de Sus
Bihor,3142,Hidişelu de Sus,Hidişelu de Sus,
Bihor,3178,Hinchiriş (Lazuri de Beiuş),Hinchiriş,Lazuri de Beiuş
Bihor,3150,Hodiş (Holod),Hodiş,Holod
Bihor,3231,Hodişel (Olcea),Hodişel,Olcea
Bihor,3353,Hodoş (Sălard),Hodoş,Sălard
Bihor,3151,Holod,Holod,
Bihor,3199,Homorog (Mădăras),Homorog,Mădăras
Bihor,3462,Hotar (Ţeţchea),Hotar,Ţeţchea
Bihor,3188,Hotărel (Lunca),Hotărel,Lunca
Bihor,3163,Husasău de Criş (Ineu),Husasău de Criş,Ineu
Bihor,3157,Husasău de Tinca,Husasău de Tinca,
Bihor,2933,Huta (Boianu Mare),Huta,Boianu Mare
Bihor,3408,Huta Voivozi (Şinteu),Huta Voivozi,Şinteu
Bihor,3087,Ianca (Diosig),Ianca,Diosig
Bihor,3200,Ianoşda (Mădăras),Ianoşda,Mădăras
Bihor,3017,Inand (Cefa),Inand,Cefa
Bihor,3025,Inceşti (Ceica),Inceşti,Ceica
Bihor,3164,Ineu,Ineu,
Bihor,3132,Ioaniş (Finiş),Ioaniş,Finiş
Bihor,2846,Iteu (Abram),Iteu,Abram
Bihor,2847,Iteu Nou (Abram),Iteu Nou,Abram
Bihor,3012,Izbuc (Cărpinet),Izbuc,Cărpinet
Bihor,3512,Izvoarele (Viișoara),Izvoarele,Viișoara
Bihor,2995,Josani (Căbeşti),Josani,Căbeşti
Bihor,3208,Josani (Măgeşti),Josani,Măgeşti
Bihor,3267,Lacu Sărat (Pomezeu),Lacu Sărat,Pomezeu
Bihor,3173,Lăzăreni,Lăzăreni,
Bihor,3322,Lazuri (Roşia),Lazuri,Roşia
Bihor,3179,Lazuri de Beiuş,Lazuri de Beiuş,
Bihor,3013,Leheceni (Cărpinet),Leheceni,Cărpinet
Bihor,2986,Leleşti (Bunteşti),Leleşti,Bunteşti
Bihor,3218,Leş (Nojorid),Leş,Nojorid
Bihor,3110,Livada Beiuşului (Drăgăneşti),Livada Beiuşului,Drăgăneşti
Bihor,3219,Livada de Bihor (Nojorid),Livada de Bihor,Nojorid
Bihor,2959,Loranta (Brusturi),Loranta,Brusturi
Bihor,2952,Lorău (Bratca),Lorău,Bratca
Bihor,3181,Lugaşu de Jos,Lugaşu de Jos,
Bihor,3182,Lugaşu de Sus (Lugaşu de Jos),Lugaşu de Sus,Lugaşu de Jos
Bihor,3190,Lunca,Lunca,
Bihor,3096,Luncasprie (Dobreşti),Luncasprie,Dobreşti
Bihor,2872,Luncşoara (Auşeu),Luncşoara,Auşeu
Bihor,3152,Lupoaia (Holod),Lupoaia,Holod
Bihor,3201,Mădăraş (Mădăras),Mădăraş,Mădăras
Bihor,3209,Măgeşti,Măgeşti,
Bihor,3253,Măgura (Pietroasa),Măgura,Pietroasa
Bihor,3214,Marghita,Marghita,
Bihor,2848,Margine (Abram),Margine,Abram
Bihor,3202,Marţihaz (Mădăras),Marţihaz,Mădăras
Bihor,3306,Meziad (Remetea),Meziad,Remetea
Bihor,3447,Mierag (Tărcaia),Mierag,Tărcaia
Bihor,3143,Mierlău (Hidişelu de Sus),Mierlău,Hidişelu de Sus
Bihor,3158,Miersig (Husasău de Tinca),Miersig,Husasău de Tinca
Bihor,3329,Mihai Bravu (Roşiori),Mihai Bravu,Roşiori
Bihor,3174,Miheleu (Lăzăreni),Miheleu,Lăzăreni
Bihor,3039,Mişca (Chişlaz),Mişca,Chişlaz
Bihor,3113,Mizieş (Drăgăneşti),Mizieş,Drăgăneşti
Bihor,3254,Moţeşti (Pietroasa),Moţeşti,Pietroasa
Bihor,2978,Munteni (Bulz),Munteni,Bulz
Bihor,3424,Nădar (Spinuş),Nădar,Spinuş
Bihor,3074,Nimăieşti (Curăţele),Nimăieşti,Curăţele
Bihor,3442,Niuved (Tămăşeu),Niuved,Tămăşeu
Bihor,3220,Nojorid,Nojorid,
Bihor,3228,Nucet,Nucet,
Bihor,3360,Ogeşti (Sâmbăta),Ogeşti,Sâmbăta
Bihor,3232,Olcea,Olcea,
Bihor,3346,Olosig (Săcueni),Olosig,Săcueni
Bihor,3235,Oradea,Oradea,
Bihor,3210,Ortiteag (Măgeşti),Ortiteag,Măgeşti
Bihor,2960,Orvişele (Brusturi),Orvişele,Brusturi
Bihor,3159,Oşand (Husasău de Tinca),Oşand,Husasău de Tinca
Bihor,3241,Oşorhei,Oşorhei,
Bihor,3350,Otomani (Sălacea),Otomani,Sălacea
Bihor,2858,Pădurea Neagră (Aleşd),Pădurea Neagră,Aleşd
Bihor,3514,Pădureni (Viișoara),Pădureni,Viișoara
Bihor,2934,Păgaia (Boianu Mare),Păgaia,Boianu Mare
Bihor,3243,Paleu,Paleu,
Bihor,3386,Palota (Sântandrei),Palota,Sântandrei
Bihor,3115,Păntăşeşti (Drăgăneşti),Păntăşeşti,Drăgăneşti
Bihor,3443,Parhida (Tămăşeu),Parhida,Tămăşeu
Bihor,2961,Păuleşti (Brusturi),Păuleşti,Brusturi
Bihor,3221,Păuşa (Nojorid),Păuşa,Nojorid
Bihor,2865,Peştere (Aştileu),Peştere,Aştileu
Bihor,2859,Peştiş (Aleşd),Peştiş,Aleşd
Bihor,3056,Petid (Cociuba Mare),Petid,Cociuba Mare
Bihor,3259,Petrani (Pocola),Petrani,Pocola
Bihor,3307,Petreasa (Remetea),Petreasa,Remetea
Bihor,2855,Petreu (Abrămuţ),Petreu,Abrămuţ
Bihor,3314,Petrileni (Rieni),Petrileni,Rieni
Bihor,2962,Picleu (Brusturi),Picleu,Brusturi
Bihor,3255,Pietroasa,Pietroasa,
Bihor,3075,Pociovelişte (Curăţele),Pociovelişte,Curăţele
Bihor,3040,Pocluşa de Barcău (Chişlaz),Pocluşa de Barcău,Chişlaz
Bihor,3416,Pocluşa de Beiuş (Şoimi),Pocluşa de Beiuş,Şoimi
Bihor,3260,Pocola,Pocola,
Bihor,3068,Poiana (Criştioru de Jos),Poiana,Criştioru de Jos
Bihor,3459,Poiana (Tăuteu),Poiana,Tăuteu
Bihor,3061,Poiana Tăşad (Copăcel),Poiana Tăşad,Copăcel
Bihor,2987,Poienii de Jos (Bunteşti),Poienii de Jos,Bunteşti
Bihor,2988,Poienii de Sus (Bunteşti),Poienii de Sus,Bunteşti
Bihor,3261,Poietari (Pocola),Poietari,Pocola
Bihor,3268,Pomezeu,Pomezeu,
Bihor,2953,Ponoară (Bratca),Ponoară,Bratca
Bihor,3285,Popeşti,Popeşti,
Bihor,3469,Poşoloaca (Tileagd),Poşoloaca,Tileagd
Bihor,3487,Prisaca (Uileacu de Beiuş),Prisaca,Uileacu de Beiuş
Bihor,3298,Răbăgani,Răbăgani,
Bihor,3098,Răcaş (Dobreşti),Răcaş,Dobreşti
Bihor,3477,Râpa (Tinca),Râpa,Tinca
Bihor,3515,Reghea (Viișoara),Reghea,Viișoara
Bihor,3308,Remetea,Remetea,
Bihor,2979,Remeţi (Bulz),Remeţi,Bulz
Bihor,3315,Rieni,Rieni,
Bihor,3361,Rogoz (Sâmbăta),Rogoz,Sâmbăta
Bihor,3006,Rohani (Căpâlna),Rohani,Căpâlna
Bihor,3383,Roit (Sânnicolau Român),Roit,Sânnicolau Român
Bihor,3376,Rontău (Sânmartin),Rontău,Sânmartin
Bihor,3325,Roşia,Roşia,
Bihor,3334,Roşiori,Roşiori,
Bihor,3362,Rotăreşti (Sâmbăta),Rotăreşti,Sâmbăta
Bihor,2935,Rugea (Boianu Mare),Rugea,Boianu Mare
Bihor,3340,Săbolciu (Săcădat),Săbolciu,Săcădat
Bihor,2969,Saca (Budureasa),Saca,Budureasa
Bihor,3341,Săcădat,Săcădat,
Bihor,3082,Sacalasău (Derna),Sacalasău,Derna
Bihor,3083,Sacalasău Nou (Derna),Sacalasău Nou,Derna
Bihor,3347,Săcueni,Săcueni,
Bihor,3351,Sălacea,Sălacea,
Bihor,3354,Sălard,Sălard,
Bihor,2918,Săldăbagiu de Barcău (Balc),Săldăbagiu de Barcău,Balc
Bihor,3244,Săldăbagiu de Munte (Paleu),Săldăbagiu de Munte,Paleu
Bihor,3007,Săldăbagiu Mic (Căpâlna),Săldăbagiu Mic,Căpâlna
Bihor,3425,Sălişte (Spinuş),Sălişte,Spinuş
Bihor,2970,Sălişte de Beiuş (Budureasa),Sălişte de Beiuş,Budureasa
Bihor,3299,Sălişte de Pomezeu (Răbăgani),Sălişte de Pomezeu,Răbăgani
Bihor,3069,Sălişte de Vaşcău (Criştioru de Jos),Sălişte de Vaşcău,Criştioru de Jos
Bihor,3357,Salonta,Salonta,
Bihor,3363,Sâmbăta,Sâmbăta,
Bihor,3046,Sâniob (Ciuhoi),Sâniob,Ciuhoi
Bihor,3041,Sânlazăr (Chişlaz),Sânlazăr,Chişlaz
Bihor,3378,Sânmartin,Sânmartin,
Bihor,3262,Sânmartin de Beiuş (Pocola),Sânmartin de Beiuş,Pocola
Bihor,3417,Sânnicolau de Beiuş (Şoimi),Sânnicolau de Beiuş,Şoimi
Bihor,3348,Sânnicolau de Munte (Săcueni),Sânnicolau de Munte,Săcueni
Bihor,3384,Sânnicolau Român,Sânnicolau Român,
Bihor,3387,Sântandrei,Sântandrei,
Bihor,2945,Santăul Mare (Borş),Santăul Mare,Borş
Bihor,2946,Santăul Mic (Borş),Santăul Mic,Borş
Bihor,3144,Sântelec (Hidişelu de Sus),Sântelec,Hidişelu de Sus
Bihor,3355,Sântimreu (Sălard),Sântimreu,Sălard
Bihor,2947,Sântion (Borş),Sântion,Borş
Bihor,3062,Sărand (Copăcel),Sărand,Copăcel
Bihor,3193,Sârbeşti (Lunca),Sârbeşti,Lunca
Bihor,3394,Sârbi,Sârbi,
Bihor,3395,Sarcău (Sârbi),Sarcău,Sârbi
Bihor,3042,Sărsig (Chişlaz),Sărsig,Chişlaz
Bihor,2849,Satu Barbă (Abram),Satu Barbă,Abram
Bihor,3444,Satu Nou (Tămăşeu),Satu Nou,Tămăşeu
Bihor,3222,Şauaieu (Nojorid),Şauaieu,Nojorid
Bihor,3300,Săucani (Răbăgani),Săucani,Răbăgani
Bihor,2989,Săud (Bunteşti),Săud,Bunteşti
Bihor,3117,Sebiş (Drăgăneşti),Sebiş,Drăgăneşti
Bihor,3194,Seghişte (Lunca),Seghişte,Lunca
Bihor,2941,Şerani (Borod),Şerani,Borod
Bihor,3499,Şerghiş (Vârciorog),Şerghiş,Vârciorog
Bihor,3047,Sfârnaş (Ciuhoi),Sfârnaş,Ciuhoi
Bihor,3001,Sighiştel (Câmpani),Sighiştel,Câmpani
Bihor,3403,Şilindru (Şimian),Şilindru,Şimian
Bihor,3404,Şimian,Şimian,
Bihor,3409,Şinteu,Şinteu,
Bihor,3028,Şişterea (Cetariu),Şişterea,Cetariu
Bihor,3269,Sitani (Pomezeu),Sitani,Pomezeu
Bihor,3160,Sititelec (Husasău de Tinca),Sititelec,Husasău de Tinca
Bihor,3410,Socet (Şinteu),Socet,Şinteu
Bihor,2996,Sohodol (Căbeşti),Sohodol,Căbeşti
Bihor,3418,Şoimi,Şoimi,
Bihor,3310,Şoimuş (Remetea),Şoimuş,Remetea
Bihor,3426,Spinuş,Spinuş,
Bihor,3270,Spinuş de Pomezeu (Pomezeu),Spinuş de Pomezeu,Pomezeu
Bihor,2990,Stânceşti (Bunteşti),Stânceşti,Bunteşti
Bihor,3428,Ştei,Ştei,
Bihor,3125,Stracoş (Drăgeşti),Stracoş,Drăgeşti
Bihor,3463,Subpiatră (Ţeţchea),Subpiatră,Ţeţchea
Bihor,3316,Sudrigiu (Rieni),Sudrigiu,Rieni
Bihor,2850,Suiug (Abram),Suiug,Abram
Bihor,3145,Şumugiu (Hidişelu de Sus),Şumugiu,Hidişelu de Sus
Bihor,3133,Şuncuiş (Finiş),Şuncuiş,Finiş
Bihor,3432,Șuncuiuș,Șuncuiuș,
Bihor,3438,Suplacu de Barcău,Suplacu de Barcău,
Bihor,3008,Suplacu de Tinca (Căpâlna),Suplacu de Tinca,Căpâlna
Bihor,3063,Surduc (Copăcel),Surduc,Copăcel
Bihor,3500,Surducel (Vârciorog),Surducel,Vârciorog
Bihor,3196,Şuştiu (Lunca),Şuştiu,Lunca
Bihor,3029,Şuşturogi (Cetariu),Şuşturogi,Cetariu
Bihor,3119,Talpe (Drăgăneşti),Talpe,Drăgăneşti
Bihor,2922,Talpoş (Batăr),Talpoş,Batăr
Bihor,2902,Tămaşda (Avram Iancu),Tămaşda,Avram Iancu
Bihor,3445,Tămăşeu,Tămăşeu,
Bihor,3448,Tărcaia,Tărcaia,
Bihor,3449,Tărcăiţa (Tărcaia),Tărcăiţa,Tărcaia
Bihor,3454,Tarcea,Tarcea,
Bihor,3034,Târguşor (Cherechiu),Târguşor,Cherechiu
Bihor,3139,Tărian (Girişu de Criş),Tărian,Girişu de Criş
Bihor,3126,Tăşad (Drăgeşti),Tăşad,Drăgeşti
Bihor,2923,Tăut (Batăr),Tăut,Batăr
Bihor,3030,Tăutelec (Cetariu),Tăutelec,Cetariu
Bihor,3460,Tăuteu,Tăuteu,
Bihor,2971,Teleac (Budureasa),Teleac,Budureasa
Bihor,3464,Telechiu (Ţeţchea),Telechiu,Ţeţchea
Bihor,3465,Ţeţchea,Ţeţchea,
Bihor,3120,Ţigăneştii de Beiuş (Drăgăneşti),Ţigăneştii de Beiuş,Drăgăneşti
Bihor,2964,Ţigăneştii de Criş (Brusturi),Ţigăneştii de Criş,Brusturi
Bihor,3470,Tileagd,Tileagd,
Bihor,3471,Tilecuş (Tileagd),Tilecuş,Tileagd
Bihor,2860,Tinăud (Aleşd),Tinăud,Aleşd
Bihor,3478,Tinca,Tinca,
Bihor,3481,Toboliu,Toboliu,
Bihor,3492,Tomnatic (Vadu Crişului),Tomnatic,Vadu Crişului
Bihor,3493,Topa de Criş (Vadu Crişului),Topa de Criş,Vadu Crişului
Bihor,3100,Topa de Jos (Dobreşti),Topa de Jos,Dobreşti
Bihor,3101,Topa de Sus (Dobreşti),Topa de Sus,Dobreşti
Bihor,3127,Topeşti (Drăgeşti),Topeşti,Drăgeşti
Bihor,3450,Totoreni (Tărcaia),Totoreni,Tărcaia
Bihor,3084,Tria (Derna),Tria,Derna
Bihor,3484,Tulca,Tulca,
Bihor,3233,Ucuriş (Olcea),Ucuriş,Olcea
Bihor,3488,Uileacu de Beiuş,Uileacu de Beiuş,
Bihor,3472,Uileacu de Criş (Tileagd),Uileacu de Criş,Tileagd
Bihor,3245,Uileacu de Munte (Paleu),Uileacu de Munte,Paleu
Bihor,3419,Ursad (Şoimi),Ursad,Şoimi
Bihor,3183,Urvind (Lugaşu de Jos),Urvind,Lugaşu de Jos
Bihor,3420,Urviş de Beiuş (Şoimi),Urviş de Beiuş,Şoimi
Bihor,3494,Vadu Crişului,Vadu Crişului,
Bihor,3335,Vaida (Roşiori),Vaida,Roşiori
Bihor,3271,Vălani de Pomezeu (Pomezeu),Vălani de Pomezeu,Pomezeu
Bihor,3489,Vălanii de Beiuş (Uileacu de Beiuş),Vălanii de Beiuş,Uileacu de Beiuş
Bihor,3439,Vâlcelele (Suplacu de Barcău),Vâlcelele,Suplacu de Barcău
Bihor,3440,Valea Cerului (Suplacu de Barcău),Valea Cerului,Suplacu de Barcău
Bihor,2954,Valea Crişului (Bratca),Valea Crişului,Bratca
Bihor,3317,Valea de Jos (Rieni),Valea de Jos,Rieni
Bihor,3002,Valea de Sus (Câmpani),Valea de Sus,Câmpani
Bihor,2980,Valea Iadului (Bulz),Valea Iadului,Bulz
Bihor,3496,Valea lui Mihai,Valea lui Mihai,
Bihor,3153,Valea Mare de Codru (Holod),Valea Mare de Codru,Holod
Bihor,2942,Valea Mare de Criş (Borod),Valea Mare de Criş,Borod
Bihor,3411,Valea Târnei (Şinteu),Valea Târnei,Şinteu
Bihor,2965,Varasău (Brusturi),Varasău,Brusturi
Bihor,3301,Vărăşeni (Răbăgani),Vărăşeni,Răbăgani
Bihor,3501,Vârciorog,Vârciorog,
Bihor,3292,Varviz (Popeşti),Varviz,Popeşti
Bihor,3293,Vărzari (Popeşti),Vărzari,Popeşti
Bihor,3506,Vărzarii de Jos (Vaşcău),Vărzarii de Jos,Vaşcău
Bihor,3507,Vărzarii de Sus (Vaşcău),Vărzarii de Sus,Vaşcău
Bihor,3078,Văşad (Curtuişeni),Văşad,Curtuişeni
Bihor,3508,Vaşcău,Vaşcău,
Bihor,3519,Viişoara (Viișoara),Viişoara,Viișoara
Bihor,3154,Vintere (Holod),Vintere,Holod
Bihor,3294,Voivozi (Popeşti),Voivozi,Popeşti
Bihor,3406,Voivozi (Şimian),Voivozi,Şimian
Bihor,3364,Zăvoiu (Sâmbăta),Zăvoiu,Sâmbăta
Bihor,3433,Zece Hotare (Șuncuiuș),Zece Hotare,Șuncuiuș
Bistrița-Năsăud,3819,Agrieş (Târlişua),Agrieş,Târlişua
Bistrița-Năsăud,3820,Agrieşel (Târlişua),Agrieşel,Târlişua
Bistrița-Năsăud,3784,Agrişu de Jos (Şieu-Odorhei),Agrişu de Jos,Şieu-Odorhei
Bistrița-Năsăud,3785,Agrişu de Sus (Şieu-Odorhei),Agrişu de Sus,Şieu-Odorhei
Bistrița-Năsăud,3624,Albeştii Bistriţei (Galaţii Bistriţei),Albeştii Bistriţei,Galaţii Bistriţei
Bistrița-Năsăud,3864,Alunişul (Zagra),Alunişul,Zagra
Bistrița-Năsăud,3670,Anieş (Maieru),Anieş,Maieru
Bistrița-Năsăud,3588,Apatiu (Chiochiş),Apatiu,Chiochiş
Bistrița-Năsăud,3776,Arcalia (Şieu-Măgheruş),Arcalia,Şieu-Măgheruş
Bistrița-Năsăud,3830,Archiud (Teaca),Archiud,Teaca
Bistrița-Năsăud,3771,Ardan (Şieu),Ardan,Şieu
Bistrița-Năsăud,3667,Arşiţa (Măgura Ilvei),Arşiţa,Măgura Ilvei
Bistrița-Năsăud,3673,Bârla (Mărişelu),Bârla,Mărişelu
Bistrița-Năsăud,3731,Baţa (Petru Rareş),Baţa,Petru Rareş
Bistrița-Năsăud,3524,Beclean,Beclean,
Bistrița-Năsăud,3721,Beudiu (Nuşeni),Beudiu,Nuşeni
Bistrița-Năsăud,3837,Bichigiu (Telciu),Bichigiu,Telciu
Bistrița-Năsăud,3681,Bidiu (Matei),Bidiu,Matei
Bistrița-Năsăud,3533,Bistriţa,Bistriţa,
Bistrița-Năsăud,3541,Bistriţa Bârgăului,Bistriţa Bârgăului,
Bistrița-Năsăud,3542,Bistrita Bargaului Fabrici (Bistriţa Bârgăului),Bistrita Bargaului Fabrici,Bistriţa Bârgăului
Bistrița-Năsăud,3802,Blăjenii de Jos (Şintereag),Blăjenii de Jos,Şintereag
Bistrița-Năsăud,3803,Blăjenii de Sus (Şintereag),Blăjenii de Sus,Şintereag
Bistrița-Năsăud,3821,Borleasa (Târlişua),Borleasa,Târlişua
Bistrița-Năsăud,3589,Bozieş (Chiochiş),Bozieş,Chiochiş
Bistrița-Năsăud,3545,Braniştea,Braniştea,
Bistrița-Năsăud,3761,Brăteni (Sânmihaiu de Câmpie),Brăteni,Sânmihaiu de Câmpie
Bistrița-Năsăud,3706,Breaza (Negrileşti),Breaza,Negrileşti
Bistrița-Năsăud,3786,Bretea (Şieu-Odorhei),Bretea,Şieu-Odorhei
Bistrița-Năsăud,3555,Budacu de Jos,Budacu de Jos,
Bistrița-Năsăud,3617,Budacu de Sus (Dumitriţa),Budacu de Sus,Dumitriţa
Bistrița-Năsăud,3566,Budeşti,Budeşti,
Bistrița-Năsăud,3567,Budeşti-Fânaţe (Budeşti),Budeşti-Fânaţe,Budeşti
Bistrița-Năsăud,3831,Budurleni (Teaca),Budurleni,Teaca
Bistrița-Năsăud,3556,Buduş (Budacu de Jos),Buduş,Budacu de Jos
Bistrița-Năsăud,3640,Bungard (Lechinţa),Bungard,Lechinţa
Bistrița-Năsăud,3590,Buza Cătun (Chiochiş),Buza Cătun,Chiochiş
Bistrița-Năsăud,3577,Căianu Mare (Căianu Mic),Căianu Mare,Căianu Mic
Bistrița-Năsăud,3578,Căianu Mic,Căianu Mic,
Bistrița-Năsăud,3804,Caila (Şintereag),Caila,Şintereag
Bistrița-Năsăud,3853,Câmp (Urmeniş),Câmp,Urmeniş
Bistrița-Năsăud,3613,Cepari (Dumitra),Cepari,Dumitra
Bistrița-Năsăud,3582,Cetate,Cetate,
Bistrița-Năsăud,3591,Cheţiu (Chiochiş),Cheţiu,Chiochiş
Bistrița-Năsăud,3777,Chintelnic (Şieu-Măgheruş),Chintelnic,Şieu-Măgheruş
Bistrița-Năsăud,3592,Chiochiş,Chiochiş,
Bistrița-Năsăud,3641,Chiraleş (Lechinţa),Chiraleş,Lechinţa
Bistrița-Năsăud,3599,Chiuza,Chiuza,
Bistrița-Năsăud,3607,Ciceu-Corabia (Ciceu-Mihăieşti),Ciceu-Corabia,Ciceu-Mihăieşti
Bistrița-Năsăud,3604,Ciceu-Giurgeşti,Ciceu-Giurgeşti,
Bistrița-Năsăud,3608,Ciceu-Mihăieşti,Ciceu-Mihăieşti,
Bistrița-Năsăud,3579,Ciceu-Poieni (Căianu Mic),Ciceu-Poieni,Căianu Mic
Bistrița-Năsăud,3842,Ciosa (Tiha Bârgăului),Ciosa,Tiha Bârgăului
Bistrița-Năsăud,3822,Cireaşi (Târlişua),Cireaşi,Târlişua
Bistrița-Năsăud,3546,Cireşoaia (Braniştea),Cireşoaia,Braniştea
Bistrița-Năsăud,3787,Coasta (Şieu-Odorhei),Coasta,Şieu-Odorhei
Bistrița-Năsăud,3805,Cociu (Şintereag),Cociu,Şintereag
Bistrița-Năsăud,3527,Coldău (Beclean),Coldău,Beclean
Bistrița-Năsăud,3543,Colibiţa (Bistriţa Bârgăului),Colibiţa,Bistriţa Bârgăului
Bistrița-Năsăud,3692,Comlod (Milaş),Comlod,Milaş
Bistrița-Năsăud,3757,Cormaia (Sângeorz-Băi),Cormaia,Sângeorz-Băi
Bistrița-Năsăud,3682,Corvineşti (Matei),Corvineşti,Matei
Bistrița-Năsăud,3611,Coşbuc,Coşbuc,
Bistrița-Năsăud,3854,Coşeriu (Urmeniş),Coşeriu,Urmeniş
Bistrița-Năsăud,3778,Crainimăt (Şieu-Măgheruş),Crainimăt,Şieu-Măgheruş
Bistrița-Năsăud,3848,Cristeştii Ciceului (Uriu),Cristeştii Ciceului,Uriu
Bistrița-Năsăud,3788,Cristur-Şieu (Şieu-Odorhei),Cristur-Şieu,Şieu-Odorhei
Bistrița-Năsăud,3651,Cuşma (Livezile),Cuşma,Livezile
Bistrița-Năsăud,3750,Dealu Ştefăniţei (Romuli),Dealu Ştefăniţei,Romuli
Bistrița-Năsăud,3855,Delureni (Urmeniş),Delureni,Urmeniş
Bistrița-Năsăud,3625,Dipşa (Galaţii Bistriţei),Dipşa,Galaţii Bistriţei
Bistrița-Năsăud,3580,Dobric (Căianu Mic),Dobric,Căianu Mic
Bistrița-Năsăud,3810,Dobricel (Spermezeu),Dobricel,Spermezeu
Bistrița-Năsăud,3674,Domneşti (Mărişelu),Domneşti,Mărişelu
Bistrița-Năsăud,3653,Dorolea (Livezile),Dorolea,Livezile
Bistrița-Năsăud,3797,Draga (Silivaşu de Câmpie),Draga,Silivaşu de Câmpie
Bistrița-Năsăud,3654,Dumbrava (Livezile),Dumbrava,Livezile
Bistrița-Năsăud,3722,Dumbrava (Nuşeni),Dumbrava,Nuşeni
Bistrița-Năsăud,3605,Dumbrăveni (Ciceu-Giurgeşti),Dumbrăveni,Ciceu-Giurgeşti
Bistrița-Năsăud,3811,Dumbrăviţa (Spermezeu),Dumbrăviţa,Spermezeu
Bistrița-Năsăud,3614,Dumitra,Dumitra,
Bistrița-Năsăud,3618,Dumitriţa,Dumitriţa,
Bistrița-Năsăud,3693,După Deal (Milaş),După Deal,Milaş
Bistrița-Năsăud,3683,Enciu (Matei),Enciu,Matei
Bistrița-Năsăud,3856,Fânaţe (Urmeniş),Fânaţe,Urmeniş
Bistrița-Năsăud,3798,Fânaţele Silivaşului (Silivaşu de Câmpie),Fânaţele Silivaşului,Silivaşu de Câmpie
Bistrița-Năsăud,3684,Fântânele (Matei),Fântânele,Matei
Bistrița-Năsăud,3688,Fântâniţa (Miceştii de Câmpie),Fântâniţa,Miceştii de Câmpie
Bistrița-Năsăud,3621,Feldru,Feldru,
Bistrița-Năsăud,3723,Feleac (Nuşeni),Feleac,Nuşeni
Bistrița-Năsăud,3838,Fiad (Telciu),Fiad,Telciu
Bistrița-Năsăud,3528,Figa (Beclean),Figa,Beclean
Bistrița-Năsăud,3711,Floreşti (Nimigea),Floreşti,Nimigea
Bistrița-Năsăud,3626,Galaţii Bistriţei,Galaţii Bistriţei,
Bistrița-Năsăud,3742,Gersa I (Rebrişoara),Gersa I,Rebrişoara
Bistrița-Năsăud,3743,Gersa II (Rebrişoara),Gersa II,Rebrişoara
Bistrița-Năsăud,3694,Ghemeş (Milaş),Ghemeş,Milaş
Bistrița-Năsăud,3534,Ghinda (Bistriţa),Ghinda,Bistriţa
Bistrița-Năsăud,3699,Gledin (Monor),Gledin,Monor
Bistrița-Năsăud,3812,Hălmăsău (Spermezeu),Hălmăsău,Spermezeu
Bistrița-Năsăud,3849,Hăşmaşu Ciceului (Uriu),Hăşmaşu Ciceului,Uriu
Bistrița-Năsăud,3627,Herina (Galaţii Bistriţei),Herina,Galaţii Bistriţei
Bistrița-Năsăud,3695,Hirean (Milaş),Hirean,Milaş
Bistrița-Năsăud,3850,Ilişua (Uriu),Ilişua,Uriu
Bistrița-Năsăud,3630,Ilva Mare,Ilva Mare,
Bistrița-Năsăud,3633,Ilva Mică,Ilva Mică,
Bistrița-Năsăud,3631,Ivăneasa (Ilva Mare),Ivăneasa,Ilva Mare
Bistrița-Năsăud,3675,Jeica (Mărişelu),Jeica,Mărişelu
Bistrița-Năsăud,3557,Jelna (Budacu de Jos),Jelna,Budacu de Jos
Bistrița-Năsăud,3593,Jimbor (Chiochiş),Jimbor,Chiochiş
Bistrița-Năsăud,3635,Josenii Bârgăului,Josenii Bârgăului,
Bistrița-Năsăud,3762,La Curte (Sânmihaiu de Câmpie),La Curte,Sânmihaiu de Câmpie
Bistrița-Năsăud,3642,Lechinţa,Lechinţa,
Bistrița-Năsăud,3609,Leleşti (Ciceu-Mihăieşti),Leleşti,Ciceu-Mihăieşti
Bistrița-Năsăud,3648,Leşu,Leşu,
Bistrița-Năsăud,3658,Livezile,Livezile,
Bistrița-Năsăud,3702,Liviu Rebreanu (Năsăud),Liviu Rebreanu,Năsăud
Bistrița-Năsăud,3792,Lunca (Şieuţ),Lunca,Şieuţ
Bistrița-Năsăud,3813,Lunca Borlesei (Spermezeu),Lunca Borlesei,Spermezeu
Bistrița-Năsăud,3665,Lunca Ilvei,Lunca Ilvei,
Bistrița-Năsăud,3649,Lunca Leşului (Leşu),Lunca Leşului,Leşu
Bistrița-Năsăud,3823,Lunca Sătească (Târlişua),Lunca Sătească,Târlişua
Bistrița-Năsăud,3703,Luşca (Năsăud),Luşca,Năsăud
Bistrița-Năsăud,3668,Măgura Ilvei,Măgura Ilvei,
Bistrița-Năsăud,3676,Măgurele (Mărişelu),Măgurele,Mărişelu
Bistrița-Năsăud,3671,Maieru,Maieru,
Bistrița-Năsăud,3724,Malin (Nuşeni),Malin,Nuşeni
Bistrița-Năsăud,3550,Măluţ (Braniştea),Măluţ,Braniştea
Bistrița-Năsăud,3594,Manic (Chiochiş),Manic,Chiochiş
Bistrița-Năsăud,3677,Mărişelu,Mărişelu,
Bistrița-Năsăud,3685,Matei,Matei,
Bistrița-Năsăud,3689,Miceştii de Câmpie,Miceştii de Câmpie,
Bistrița-Năsăud,3636,Mijlocenii Bârgăului (Josenii Bârgăului),Mijlocenii Bârgăului,Josenii Bârgăului
Bistrița-Năsăud,3696,Milaş,Milaş,
Bistrița-Năsăud,3712,Mintiu (Nimigea),Mintiu,Nimigea
Bistrița-Năsăud,3600,Mireş (Chiuza),Mireş,Chiuza
Bistrița-Năsăud,3713,Mititei (Nimigea),Mititei,Nimigea
Bistrița-Năsăud,3714,Mocod (Nimigea),Mocod,Nimigea
Bistrița-Năsăud,3715,Mogoşeni (Nimigea),Mogoşeni,Nimigea
Bistrița-Năsăud,3824,Molişet (Târlişua),Molişet,Târlişua
Bistrița-Năsăud,3558,Monariu (Budacu de Jos),Monariu,Budacu de Jos
Bistrița-Năsăud,3700,Monor,Monor,
Bistrița-Năsăud,3686,Moruţ (Matei),Moruţ,Matei
Bistrița-Năsăud,3843,Mureşenii Bârgăului (Tiha Bârgăului),Mureşenii Bârgăului,Tiha Bârgăului
Bistrița-Năsăud,3704,Năsăud,Năsăud,
Bistrița-Năsăud,3707,Negrileşti,Negrileşti,
Bistrița-Năsăud,3622,Nepos (Feldru),Nepos,Feldru
Bistrița-Năsăud,3678,Neţeni (Mărişelu),Neţeni,Mărişelu
Bistrița-Năsăud,3716,Nimigea,Nimigea,
Bistrița-Năsăud,3717,Nimigea de Jos (Nimigea),Nimigea de Jos,Nimigea
Bistrița-Năsăud,3718,Nimigea de Sus (Nimigea),Nimigea de Sus,Nimigea
Bistrița-Năsăud,3725,Nuşeni,Nuşeni,
Bistrița-Năsăud,3825,Oarzina (Târlişua),Oarzina,Târlişua
Bistrița-Năsăud,3832,Ocniţa (Teaca),Ocniţa,Teaca
Bistrița-Năsăud,3584,Orheiu Bistriţei (Cetate),Orheiu Bistriţei,Cetate
Bistrița-Năsăud,3697,Orosfaia (Milaş),Orosfaia,Milaş
Bistrița-Năsăud,3814,Păltineasa (Spermezeu),Păltineasa,Spermezeu
Bistrița-Năsăud,3729,Parva,Parva,
Bistrița-Năsăud,3865,Perişor (Zagra),Perişor,Zagra
Bistrița-Năsăud,3585,Petriş (Cetate),Petriş,Cetate
Bistrița-Năsăud,3732,Petru Rareş,Petru Rareş,
Bistrița-Năsăud,3601,Piatra (Chiuza),Piatra,Chiuza
Bistrița-Năsăud,3844,Piatra Fântânele (Tiha Bârgăului),Piatra Fântânele,Tiha Bârgăului
Bistrița-Năsăud,3833,Pinticu (Teaca),Pinticu,Teaca
Bistrița-Năsăud,3857,Podenii (Urmeniş),Podenii,Urmeniş
Bistrița-Năsăud,3744,Poderei (Rebrişoara),Poderei,Rebrişoara
Bistrița-Năsăud,3779,Podirei (Şieu-Măgheruş),Podirei,Şieu-Măgheruş
Bistrița-Năsăud,3735,Poiana Ilvei,Poiana Ilvei,
Bistrița-Năsăud,3866,Poienile Zagrei (Zagra),Poienile Zagrei,Zagra
Bistrița-Năsăud,3799,Porumbenii (Silivaşu de Câmpie),Porumbenii,Silivaşu de Câmpie
Bistrița-Năsăud,3772,Posmuş (Şieu),Posmuş,Şieu
Bistrița-Năsăud,3737,Prundu Bârgăului,Prundu Bârgăului,
Bistrița-Năsăud,3708,Purcărete (Negrileşti),Purcărete,Negrileşti
Bistrița-Năsăud,3826,Răcăteşu (Târlişua),Răcăteşu,Târlişua
Bistrița-Năsăud,3619,Ragla (Dumitriţa),Ragla,Dumitriţa
Bistrița-Năsăud,3740,Rebra,Rebra,
Bistrița-Năsăud,3745,Rebrişoara,Rebrişoara,
Bistrița-Năsăud,3733,Reteag (Petru Rareş),Reteag,Petru Rareş
Bistrița-Năsăud,3747,Rodna,Rodna,
Bistrița-Năsăud,3751,Romuli,Romuli,
Bistrița-Năsăud,3753,Runcu Salvei,Runcu Salvei,
Bistrița-Năsăud,3793,Ruştior (Şieuţ),Ruştior,Şieuţ
Bistrița-Năsăud,3637,Rusu Bârgăului (Josenii Bârgăului),Rusu Bârgăului,Josenii Bârgăului
Bistrița-Năsăud,3531,Rusu de Jos (Beclean),Rusu de Jos,Beclean
Bistrița-Năsăud,3726,Rusu de Sus (Nuşeni),Rusu de Sus,Nuşeni
Bistrița-Năsăud,3763,Sălcuţa (Sânmihaiu de Câmpie),Sălcuţa,Sânmihaiu de Câmpie
Bistrița-Năsăud,3755,Salva,Salva,
Bistrița-Năsăud,3758,Sângeorz-Băi,Sângeorz-Băi,
Bistrița-Năsăud,3643,Sângeorzu Nou (Lechinţa),Sângeorzu Nou,Lechinţa
Bistrița-Năsăud,3644,Sâniacob (Lechinţa),Sâniacob,Lechinţa
Bistrița-Năsăud,3764,Sânmihaiu de Câmpie,Sânmihaiu de Câmpie,
Bistrița-Năsăud,3595,Sânnicoară (Chiochiş),Sânnicoară,Chiochiş
Bistrița-Năsăud,3768,Şanţ,Şanţ,
Bistrița-Năsăud,3679,Sântioana (Mărişelu),Sântioana,Mărişelu
Bistrița-Năsăud,3535,Sărata (Bistriţa),Sărata,Bistriţa
Bistrița-Năsăud,3780,Sărăţel (Şieu-Măgheruş),Sărăţel,Şieu-Măgheruş
Bistrița-Năsăud,3602,Săsarm (Chiuza),Săsarm,Chiuza
Bistrița-Năsăud,3586,Satu Nou (Cetate),Satu Nou,Cetate
Bistrița-Năsăud,3858,Scoabe (Urmeniş),Scoabe,Urmeniş
Bistrița-Năsăud,3794,Sebiş (Şieuţ),Sebiş,Şieuţ
Bistrița-Năsăud,3827,Şendroaia (Târlişua),Şendroaia,Târlişua
Bistrița-Năsăud,3815,Şesuri Spermezeu-Vale (Spermezeu),Şesuri Spermezeu-Vale,Spermezeu
Bistrița-Năsăud,3773,Şieu,Şieu,
Bistrița-Năsăud,3781,Şieu-Măgheruş,Şieu-Măgheruş,
Bistrița-Năsăud,3789,Şieu-Odorhei,Şieu-Odorhei,
Bistrița-Năsăud,3806,Şieu-Sfântu (Şintereag),Şieu-Sfântu,Şintereag
Bistrița-Năsăud,3795,Şieuţ,Şieuţ,
Bistrița-Năsăud,3536,Sigmir (Bistriţa),Sigmir,Bistriţa
Bistrița-Năsăud,3800,Silivaşu de Câmpie,Silivaşu de Câmpie,
Bistrița-Năsăud,3559,Simioneşti (Budacu de Jos),Simioneşti,Budacu de Jos
Bistrița-Năsăud,3807,Şintereag,Şintereag,
Bistrița-Năsăud,3808,Şintereag-Gară (Şintereag),Şintereag-Gară,Şintereag
Bistrița-Năsăud,3790,Şirioara (Şieu-Odorhei),Şirioara,Şieu-Odorhei
Bistrița-Năsăud,3816,Sita (Spermezeu),Sita,Spermezeu
Bistrița-Năsăud,3537,Slătiniţa (Bistriţa),Slătiniţa,Bistriţa
Bistrița-Năsăud,3774,Şoimuş (Şieu),Şoimuş,Şieu
Bistrița-Năsăud,3859,Şopteriu (Urmeniş),Şopteriu,Urmeniş
Bistrița-Năsăud,3817,Spermezeu,Spermezeu,
Bistrița-Năsăud,3638,Strâmba (Josenii Bârgăului),Strâmba,Josenii Bârgăului
Bistrița-Năsăud,3596,Strugureni (Chiochiş),Strugureni,Chiochiş
Bistrița-Năsăud,3765,Stupini (Sânmihaiu de Câmpie),Stupini,Sânmihaiu de Câmpie
Bistrița-Năsăud,3867,Suplai (Zagra),Suplai,Zagra
Bistrița-Năsăud,3738,Susenii Bârgăului (Prundu Bârgăului),Susenii Bârgăului,Prundu Bârgăului
Bistrița-Năsăud,3574,Ţăgşoru (Budeşti),Ţăgşoru,Budeşti
Bistrița-Năsăud,3575,Ţagu (Budeşti),Ţagu,Budeşti
Bistrița-Năsăud,3828,Târlişua,Târlişua,
Bistrița-Năsăud,3615,Tărpiu (Dumitra),Tărpiu,Dumitra
Bistrița-Năsăud,3719,Tăure (Nimigea),Tăure,Nimigea
Bistrița-Năsăud,3834,Teaca,Teaca,
Bistrița-Năsăud,3839,Telcişor (Telciu),Telcişor,Telciu
Bistrița-Năsăud,3840,Telciu,Telciu,
Bistrița-Năsăud,3597,Ţentea (Chiochiş),Ţentea,Chiochiş
Bistrița-Năsăud,3645,Ţigău (Lechinţa),Ţigău,Lechinţa
Bistrița-Năsăud,3845,Tiha Bârgăului,Tiha Bârgăului,
Bistrița-Năsăud,3628,Tonciu (Galaţii Bistriţei),Tonciu,Galaţii Bistriţei
Bistrița-Năsăud,3846,Tureac (Tiha Bârgăului),Tureac,Tiha Bârgăului
Bistrița-Năsăud,3538,Unirea (Bistriţa),Unirea,Bistriţa
Bistrița-Năsăud,3851,Uriu,Uriu,
Bistrița-Năsăud,3860,Urmeniş,Urmeniş,
Bistrița-Năsăud,3861,Valea (Urmeniş),Valea,Urmeniş
Bistrița-Năsăud,3759,Valea Borcutului (Sângeorz-Băi),Valea Borcutului,Sângeorz-Băi
Bistrița-Năsăud,3782,Valea Măgheruşului (Şieu-Măgheruş),Valea Măgheruşului,Şieu-Măgheruş
Bistrița-Năsăud,3769,Valea Mare (Şanţ),Valea Mare,Şanţ
Bistrița-Năsăud,3862,Valea Mare (Urmeniş),Valea Mare,Urmeniş
Bistrița-Năsăud,3662,Valea Poenii (Livezile),Valea Poenii,Livezile
Bistrița-Năsăud,3748,Valea Vinului (Rodna),Valea Vinului,Rodna
Bistrița-Năsăud,3646,Vermeş (Lechinţa),Vermeş,Lechinţa
Bistrița-Năsăud,3835,Viile Tecii (Teaca),Viile Tecii,Teaca
Bistrița-Năsăud,3539,Viişoara (Bistriţa),Viişoara,Bistriţa
Bistrița-Năsăud,3690,Visuia (Miceştii de Câmpie),Visuia,Miceştii de Câmpie
Bistrița-Năsăud,3727,Viţa (Nuşeni),Viţa,Nuşeni
Bistrița-Năsăud,3868,Zagra,Zagra,
Bistrița-Năsăud,3766,Zoreni (Sânmihaiu de Câmpie),Zoreni,Sânmihaiu de Câmpie
Botoșani,3871,Adăşeni,Adăşeni,
Botoșani,4016,Agafton (Curteşti),Agafton,Curteşti
Botoșani,4120,Alba (Hudeşti),Alba,Hudeşti
Botoșani,3874,Albeşti,Albeşti,
Botoșani,4082,Arborea (George Enescu),Arborea,George Enescu
Botoșani,3898,Aurel Vlaicu (Avrămeni),Aurel Vlaicu,Avrămeni
Botoșani,3993,Avram Iancu (Coţuşca),Avram Iancu,Coţuşca
Botoșani,3899,Avrămeni,Avrămeni,
Botoșani,4063,Băbiceni (Durneşti),Băbiceni,Durneşti
Botoșani,4271,Bădărăi (Santa Mare),Bădărăi,Santa Mare
Botoșani,4297,Bădiuţi (Ştefăneşti),Bădiuţi,Ştefăneşti
Botoșani,4017,Băiceni (Curteşti),Băiceni,Curteşti
Botoșani,4177,Baisa (Mihai Eminescu),Baisa,Mihai Eminescu
Botoșani,4027,Bajura (Darabani),Bajura,Darabani
Botoșani,4103,Balinţi (Havârna),Balinţi,Havârna
Botoșani,3978,Balta Arsă (Corni),Balta Arsă,Corni
Botoșani,3906,Băluşeni,Băluşeni,
Botoșani,3907,Băluşenii Noi (Băluşeni),Băluşenii Noi,Băluşeni
Botoșani,4010,Baranca (Cristineşti),Baranca,Cristineşti
Botoșani,4121,Baranca (Hudeşti),Baranca,Hudeşti
Botoșani,4064,Bârsăneşti (Durneşti),Bârsăneşti,Durneşti
Botoșani,4088,Bătrâneşti (Gorbăneşti),Bătrâneşti,Gorbăneşti
Botoșani,4139,Belcea (Leorda),Belcea,Leorda
Botoșani,4272,Berza (Santa Mare),Berza,Santa Mare
Botoșani,4038,Bivolari (Dobârceni),Bivolari,Dobârceni
Botoșani,3913,Blândeşti,Blândeşti,
Botoșani,4298,Bobuleşti (Ştefăneşti),Bobuleşti,Ştefăneşti
Botoșani,4280,Bodeasa (Săveni),Bodeasa,Săveni
Botoșani,4273,Bogdăneşti (Santa Mare),Bogdăneşti,Santa Mare
Botoșani,3937,Bohoghina (Bucecea),Bohoghina,Bucecea
Botoșani,4166,Bold (Manoleasa),Bold,Manoleasa
Botoșani,4097,Borolea (Hăneşti),Borolea,Hăneşti
Botoșani,4345,Borzeşti (Ungureni),Borzeşti,Ungureni
Botoșani,4075,Boscoteni (Frumuşica),Boscoteni,Frumuşica
Botoșani,3917,Botoşani,Botoşani,
Botoșani,4281,Bozieni (Săveni),Bozieni,Săveni
Botoșani,3920,Brăeşti,Brăeşti,
Botoșani,4039,Brăteni (Dobârceni),Brăteni,Dobârceni
Botoșani,4393,Brehuieşti (Vlădeni),Brehuieşti,Vlădeni
Botoșani,3934,Broscăuţi,Broscăuţi,
Botoșani,4065,Broşteni (Durneşti),Broşteni,Durneşti
Botoșani,3938,Bucecea,Bucecea,
Botoșani,3989,Buda (Coşula),Buda,Coşula
Botoșani,4334,Buhăceni (Truşeşti),Buhăceni,Truşeşti
Botoșani,3879,Buimăceni (Albeşti),Buimăceni,Albeşti
Botoșani,4362,Burla (Unţeni),Burla,Unţeni
Botoșani,4363,Burleşti (Unţeni),Burleşti,Unţeni
Botoșani,3908,Buzeni (Băluşeni),Buzeni,Băluşeni
Botoșani,3942,Călăraşi (Călărași),Călăraşi,Călărași
Botoșani,3939,Călineşti (Bucecea),Călineşti,Bucecea
Botoșani,4187,Călineşti (Mihăileni),Călineşti,Mihăileni
Botoșani,4348,Călugăreni (Ungureni),Călugăreni,Ungureni
Botoșani,4349,Călugărenii Noi (Ungureni),Călugărenii Noi,Ungureni
Botoșani,4233,Câmpeni (Prăjeni),Câmpeni,Prăjeni
Botoșani,3950,Cândeşti,Cândeşti,
Botoșani,4199,Caraiman (Mihălăşeni),Caraiman,Mihălăşeni
Botoșani,3973,Carasa (Corlăteni),Carasa,Corlăteni
Botoșani,4178,Cătămăreşti (Mihai Eminescu),Cătămăreşti,Mihai Eminescu
Botoșani,4179,Cătămăreşti-Deal (Mihai Eminescu),Cătămăreşti-Deal,Mihai Eminescu
Botoșani,3965,Cerbu (Copălău),Cerbu,Copălău
Botoșani,3914,Cerchejeni (Blândeşti),Cerchejeni,Blândeşti
Botoșani,4328,Cerneşti (Todireni),Cerneşti,Todireni
Botoșani,4180,Cerviceşti (Mihai Eminescu),Cerviceşti,Mihai Eminescu
Botoșani,4181,Cerviceşti-Deal (Mihai Eminescu),Cerviceşti-Deal,Mihai Eminescu
Botoșani,4324,Cheliş (Suliţa),Cheliş,Suliţa
Botoșani,4282,Chişcăreni (Săveni),Chişcăreni,Săveni
Botoșani,4069,Chiţoveni (Flămânzi),Chiţoveni,Flămânzi
Botoșani,4253,Cinghiniia (Ripiceni),Cinghiniia,Ripiceni
Botoșani,4335,Ciritei (Truşeşti),Ciritei,Truşeşti
Botoșani,4040,Cişmăneşti (Dobârceni),Cişmăneşti,Dobârceni
Botoșani,4238,Cişmea (Răchiţi),Cişmea,Răchiţi
Botoșani,4206,Codreni (Mileanca),Codreni,Mileanca
Botoșani,3962,Conceşti,Conceşti,
Botoșani,3966,Copălău,Copălău,
Botoșani,3970,Cordăreni,Cordăreni,
Botoșani,4110,Corjăuţi (Hilişeu-Horia),Corjăuţi,Hilişeu-Horia
Botoșani,3974,Corlăteni,Corlăteni,
Botoșani,3979,Corni,Corni,
Botoșani,4239,Costeşti (Răchiţi),Costeşti,Răchiţi
Botoșani,4140,Costineşti (Leorda),Costineşti,Leorda
Botoșani,3882,Coştiugeni (Albeşti),Coştiugeni,Albeşti
Botoșani,3990,Coşula,Coşula,
Botoșani,3909,Coşuleni (Băluşeni),Coşuleni,Băluşeni
Botoșani,4261,Cotârgaci (Roma),Cotârgaci,Roma
Botoșani,3967,Cotu (Copălău),Cotu,Copălău
Botoșani,3994,Cotu Miculinţi (Coţuşca),Cotu Miculinţi,Coţuşca
Botoșani,3995,Coţuşca,Coţuşca,
Botoșani,3996,Crasnaleuca (Coţuşca),Crasnaleuca,Coţuşca
Botoșani,4003,Cristeşti,Cristeşti,
Botoșani,4011,Cristineşti,Cristineşti,
Botoșani,4182,Cucorăni (Mihai Eminescu),Cucorăni,Mihai Eminescu
Botoșani,4066,Cucuteni (Durneşti),Cucuteni,Durneşti
Botoșani,4018,Curteşti,Curteşti,
Botoșani,4378,Cuza Vodă (Viișoara),Cuza Vodă,Viișoara
Botoșani,4221,Cuzlău (Păltiniş),Cuzlău,Păltiniş
Botoșani,4213,Dacia (Nicşeni),Dacia,Nicşeni
Botoșani,4265,Dămideni (Româneşti),Dămideni,Româneşti
Botoșani,4022,Dângeni,Dângeni,
Botoșani,4028,Darabani,Darabani,
Botoșani,4406,Davidoaia (Vorniceni),Davidoaia,Vorniceni
Botoșani,4407,Dealu Crucii (Vorniceni),Dealu Crucii,Vorniceni
Botoșani,4045,Dealu Mare (Dorohoi),Dealu Mare,Dorohoi
Botoșani,4032,Dersca,Dersca,
Botoșani,4034,Dimăcheni,Dimăcheni,
Botoșani,3900,Dimitrie Cantemir (Avrămeni),Dimitrie Cantemir,Avrămeni
Botoșani,4041,Dobârceni,Dobârceni,
Botoșani,4247,Doina (Răuseni),Doina,Răuseni
Botoșani,4141,Dolina (Leorda),Dolina,Leorda
Botoșani,4214,Dorobanţi (Nicşeni),Dorobanţi,Nicşeni
Botoșani,4046,Dorohoi,Dorohoi,
Botoșani,4325,Dracşani (Suliţa),Dracşani,Suliţa
Botoșani,4012,Dragalina (Cristineşti),Dragalina,Cristineşti
Botoșani,4116,Dragalina (Hlipiceni),Dragalina,Hlipiceni
Botoșani,4053,Drăguşeni,Drăguşeni,
Botoșani,3910,Draxini (Băluşeni),Draxini,Băluşeni
Botoșani,4336,Drislea (Truşeşti),Drislea,Truşeşti
Botoșani,4128,Dumbrăviţa (Ibăneşti),Dumbrăviţa,Ibăneşti
Botoșani,4083,Dumeni (George Enescu),Dumeni,George Enescu
Botoșani,4274,Durneşti (Santa Mare),Durneşti,Santa Mare
Botoșani,4350,Durneşti (Ungureni),Durneşti,Ungureni
Botoșani,4029,Eşanca (Darabani),Eşanca,Darabani
Botoșani,4070,Flămânzi,Flămânzi,
Botoșani,4167,Flondora (Manoleasa),Flondora,Manoleasa
Botoșani,4329,Floreşti (Todireni),Floreşti,Todireni
Botoșani,4076,Frumuşica,Frumuşica,
Botoșani,4013,Fundu Herţii (Cristineşti),Fundu Herţii,Cristineşti
Botoșani,4104,Galbeni (Havârna),Galbeni,Havârna
Botoșani,4105,Gârbeni (Havârna),Gârbeni,Havârna
Botoșani,4330,Gârbeşti (Todireni),Gârbeşti,Todireni
Botoșani,4089,George Coşbuc (Gorbăneşti),George Coşbuc,Gorbăneşti
Botoșani,4084,George Enescu,George Enescu,
Botoșani,3997,Ghireni (Coţuşca),Ghireni,Coţuşca
Botoșani,4090,Gorbăneşti,Gorbăneşti,
Botoșani,4370,Gorovei (Văculeşti),Gorovei,Văculeşti
Botoșani,3971,Griviţa (Cordăreni),Griviţa,Cordăreni
Botoșani,4067,Guranda (Durneşti),Guranda,Durneşti
Botoșani,4098,Hăneşti,Hăneşti,
Botoșani,4106,Havârna,Havârna,
Botoșani,4111,Hilişeu-Cloşca (Hilişeu-Horia),Hilişeu-Cloşca,Hilişeu-Horia
Botoșani,4112,Hilişeu-Crişan (Hilişeu-Horia),Hilişeu-Crişan,Hilişeu-Horia
Botoșani,4113,Hilişeu-Horia,Hilişeu-Horia,
Botoșani,4117,Hlipiceni,Hlipiceni,
Botoșani,4211,Horia (Mitoc),Horia,Mitoc
Botoșani,4288,Horlăceni (Şendriceni),Horlăceni,Şendriceni
Botoșani,4223,Horodiştea (Păltiniş),Horodiştea,Păltiniş
Botoșani,4395,Hrişcani (Vlădeni),Hrişcani,Vlădeni
Botoșani,4122,Hudeşti,Hudeşti,
Botoșani,4019,Hudum (Curteşti),Hudum,Curteşti
Botoșani,4023,Hulub (Dângeni),Hulub,Dângeni
Botoșani,4229,Hulubeşti (Pomârla),Hulubeşti,Pomârla
Botoșani,4396,Huţani (Vlădeni),Huţani,Vlădeni
Botoșani,4024,Iacobeni (Dângeni),Iacobeni,Dângeni
Botoșani,4313,Ibăneasa (Ştiubieni),Ibăneasa,Ştiubieni
Botoșani,4129,Ibăneşti,Ibăneşti,
Botoșani,3901,Ichimeni (Avrămeni),Ichimeni,Avrămeni
Botoșani,4410,Icuşeni (Vorona),Icuşeni,Vorona
Botoșani,4114,Iezer (Hilişeu-Horia),Iezer,Hilişeu-Horia
Botoșani,4275,Ilişeni (Santa Mare),Ilişeni,Santa Mare
Botoșani,4337,Ionăşeni (Truşeşti),Ionăşeni,Truşeşti
Botoșani,4374,Ionăşeni (Vârfu Câmpului),Ionăşeni,Vârfu Câmpului
Botoșani,4168,Iorga (Manoleasa),Iorga,Manoleasa
Botoșani,4183,Ipoteşti (Mihai Eminescu),Ipoteşti,Mihai Eminescu
Botoșani,4331,Iureşti (Todireni),Iureşti,Todireni
Botoșani,4317,Izvoare (Suharău),Izvoare,Suharău
Botoșani,3887,Jijia (Albeşti),Jijia,Albeşti
Botoșani,4411,Joldeşti (Vorona),Joldeşti,Vorona
Botoșani,4254,Lehneşti (Ripiceni),Lehneşti,Ripiceni
Botoșani,4142,Leorda,Leorda,
Botoșani,3944,Libertatea (Călărași),Libertatea,Călărași
Botoșani,4030,Lismanita (Darabani),Lismanita,Darabani
Botoșani,4318,Lişna (Suharău),Lişna,Suharău
Botoșani,4042,Livada (Dobârceni),Livada,Dobârceni
Botoșani,4169,Liveni (Manoleasa),Liveni,Manoleasa
Botoșani,4170,Loturi (Manoleasa),Loturi,Manoleasa
Botoșani,4047,Loturi Enescu (Dorohoi),Loturi Enescu,Dorohoi
Botoșani,4146,Lozna,Lozna,
Botoșani,4157,Lunca,Lunca,
Botoșani,4375,Lunca (Vârfu Câmpului),Lunca,Vârfu Câmpului
Botoșani,4234,Lupăria (Prăjeni),Lupăria,Prăjeni
Botoșani,20966,Maghera (Vârfu Câmpului),Maghera,Vârfu Câmpului
Botoșani,4020,Mănăstirea Doamnei (Curteşti),Mănăstirea Doamnei,Curteşti
Botoșani,4364,Mânăstireni (Unţeni),Mânăstireni,Unţeni
Botoșani,4352,Mândreşti (Ungureni),Mândreşti,Ungureni
Botoșani,4398,Mândreşti (Vlădeni),Mândreşti,Vlădeni
Botoșani,4171,Manoleasa,Manoleasa,
Botoșani,4172,Manoleasa-Prut (Manoleasa),Manoleasa-Prut,Manoleasa
Botoșani,4184,Manoleşti (Mihai Eminescu),Manoleşti,Mihai Eminescu
Botoșani,3889,Măşcăteni (Albeşti),Măşcăteni,Albeşti
Botoșani,4035,Mateieni (Dimăcheni),Mateieni,Dimăcheni
Botoșani,3981,Mesteacăn (Corni),Mesteacăn,Corni
Botoșani,4091,Mihai Eminescu (Gorbăneşti),Mihai Eminescu,Gorbăneşti
Botoșani,4353,Mihai Viteazu (Ungureni),Mihai Viteazu,Ungureni
Botoșani,3998,Mihail Kogălniceanu (Coţuşca),Mihail Kogălniceanu,Coţuşca
Botoșani,4190,Mihăileni,Mihăileni,
Botoșani,4200,Mihălăşeni,Mihălăşeni,
Botoșani,4207,Mileanca,Mileanca,
Botoșani,4235,Miletin (Prăjeni),Miletin,Prăjeni
Botoșani,4243,Miorcani (Rădăuţi-Prut),Miorcani,Rădăuţi-Prut
Botoșani,4402,Miron Costin (Vlăsineşti),Miron Costin,Vlăsineşti
Botoșani,4143,Mitoc (Leorda),Mitoc,Leorda
Botoșani,4123,Mlenăuţi (Hudeşti),Mlenăuţi,Hudeşti
Botoșani,4099,Moara Jorii (Hăneşti),Moara Jorii,Hăneşti
Botoșani,4255,Movila Ruptă (Ripiceni),Movila Ruptă,Ripiceni
Botoșani,3963,Movileni (Conceşti),Movileni,Conceşti
Botoșani,4043,Murguţa (Dobârceni),Murguţa,Dobârceni
Botoșani,4201,Năstase (Mihălăşeni),Năstase,Mihălăşeni
Botoșani,4314,Negreni (Ştiubieni),Negreni,Ştiubieni
Botoșani,4202,Negreşti (Mihălăşeni),Negreşti,Mihălăşeni
Botoșani,3999,Nichiteni (Coţuşca),Nichiteni,Coţuşca
Botoșani,4000,Nicolae Bălcescu (Coţuşca),Nicolae Bălcescu,Coţuşca
Botoșani,4071,Nicolae Bălcescu (Flămânzi),Nicolae Bălcescu,Flămânzi
Botoșani,4215,Nicşeni,Nicşeni,
Botoșani,4107,Niculcea (Havârna),Niculcea,Havârna
Botoșani,4005,Oneaga (Cristeşti),Oneaga,Cristeşti
Botoșani,4217,Orăşeni-Deal (Orăşeni),Orăşeni-Deal,Orăşeni
Botoșani,4218,Orăşeni-Vale (Orăşeni),Orăşeni-Vale,Orăşeni
Botoșani,4319,Oroftiana (Suharău),Oroftiana,Suharău
Botoșani,3968,Pădureni (Copălău),Pădureni,Copălău
Botoșani,4289,Pădureni (Şendriceni),Pădureni,Şendriceni
Botoșani,4225,Păltiniş,Păltiniş,
Botoșani,3902,Panaitoaia (Avrămeni),Panaitoaia,Avrămeni
Botoșani,4193,Pârâu Negru (Mihăileni),Pârâu Negru,Mihăileni
Botoșani,4338,Păsăteni (Truşeşti),Păsăteni,Truşeşti
Botoșani,4203,Păun (Mihălăşeni),Păun,Mihălăşeni
Botoșani,4284,Petricani (Săveni),Petricani,Săveni
Botoșani,3945,Pleşani (Călărași),Pleşani,Călărași
Botoșani,4320,Plevna (Suharău),Plevna,Suharău
Botoșani,4354,Plopenii Mari (Ungureni),Plopenii Mari,Ungureni
Botoșani,4355,Plopenii Mici (Ungureni),Plopenii Mici,Ungureni
Botoșani,3975,Podeni (Corlăteni),Podeni,Corlăteni
Botoșani,4059,Podriga (Drăguşeni),Podriga,Drăguşeni
Botoșani,4248,Pogorăşti (Răuseni),Pogorăşti,Răuseni
Botoșani,3928,Poiana (Brăeşti),Poiana,Brăeşti
Botoșani,4014,Poiana (Cristineşti),Poiana,Cristineşti
Botoșani,4072,Poiana (Flămânzi),Poiana,Flămânzi
Botoșani,4412,Poiana (Vorona),Poiana,Vorona
Botoșani,4230,Pomârla,Pomârla,
Botoșani,3929,Popeni (Brăeşti),Popeni,Brăeşti
Botoșani,4085,Popeni (George Enescu),Popeni,George Enescu
Botoșani,4256,Popoaia (Ripiceni),Popoaia,Ripiceni
Botoșani,4236,Prăjeni,Prăjeni,
Botoșani,4073,Prisăcani (Flămânzi),Prisăcani,Flămânzi
Botoșani,4048,Progresul (Dorohoi),Progresul,Dorohoi
Botoșani,4001,Puţureni (Coţuşca),Puţureni,Coţuşca
Botoșani,4240,Răchiţi,Răchiţi,
Botoșani,4231,Racovăţ (Pomârla),Racovăţ,Pomârla
Botoșani,4244,Rădăuţi-Prut,Rădăuţi-Prut,
Botoșani,4077,Rădeni (Frumuşica),Rădeni,Frumuşica
Botoșani,4276,Rânghileşti (Santa Mare),Rânghileşti,Santa Mare
Botoșani,4277,Rânghileşti-Deal (Santa Mare),Rânghileşti-Deal,Santa Mare
Botoșani,4257,Râşca (Ripiceni),Râşca,Ripiceni
Botoșani,4249,Răuseni,Răuseni,
Botoșani,4036,Recia-Verbia (Dimăcheni),Recia-Verbia,Dimăcheni
Botoșani,4245,Rediu (Rădăuţi-Prut),Rediu,Rădăuţi-Prut
Botoșani,4250,Rediu (Răuseni),Rediu,Răuseni
Botoșani,4258,Ripiceni,Ripiceni,
Botoșani,4259,Ripicenii Vechi (Ripiceni),Ripicenii Vechi,Ripiceni
Botoșani,4195,Rogojeşti (Mihăileni),Rogojeşti,Mihăileni
Botoșani,4262,Roma,Roma,
Botoșani,4266,Româneşti,Româneşti,
Botoșani,4267,Româneşti-Vale (Româneşti),Româneşti-Vale,Româneşti
Botoșani,4241,Roşiori (Răchiţi),Roşiori,Răchiţi
Botoșani,4173,Sadoveni (Manoleasa),Sadoveni,Manoleasa
Botoșani,4278,Santa Mare,Santa Mare,
Botoșani,3984,Sarafineşti (Corni),Sarafineşti,Corni
Botoșani,4268,Sărata (Româneşti),Sărata,Româneşti
Botoșani,4100,Sărata-Basarab (Hăneşti),Sărata-Basarab,Hăneşti
Botoșani,4060,Sarata-Drăguşeni (Drăguşeni),Sarata-Drăguşeni,Drăguşeni
Botoșani,4403,Sârbi (Vlăsineşti),Sârbi,Vlăsineşti
Botoșani,4285,Sat Nou (Săveni),Sat Nou,Săveni
Botoșani,4371,Sauceniţa (Văculeşti),Sauceniţa,Văculeşti
Botoșani,4286,Săveni,Săveni,
Botoșani,4006,Schit-Orăşeni (Cristeşti),Schit-Orăşeni,Cristeşti
Botoșani,4208,Scutari (Mileanca),Scutari,Mileanca
Botoșani,4209,Seliştea (Mileanca),Seliştea,Mileanca
Botoșani,4078,Şendreni (Frumuşica),Şendreni,Frumuşica
Botoșani,4290,Şendriceni,Şendriceni,
Botoșani,4174,Şerpeniţa (Manoleasa),Şerpeniţa,Manoleasa
Botoșani,4092,Silişcani (Gorbăneşti),Silişcani,Gorbăneşti
Botoșani,4292,Siliştea (Stăuceni),Siliştea,Stăuceni
Botoșani,3935,Slobozia (Broscăuţi),Slobozia,Broscăuţi
Botoșani,4227,Slobozia (Păltiniş),Slobozia,Păltiniş
Botoșani,4101,Slobozia Hăneşti (Hăneşti),Slobozia Hăneşti,Hăneşti
Botoșani,4204,Slobozia Silişcani (Mihălăşeni),Slobozia Silişcani,Mihălăşeni
Botoșani,4321,Smârdan (Suharău),Smârdan,Suharău
Botoșani,4093,Socrujeni (Gorbăneşti),Socrujeni,Gorbăneşti
Botoșani,3915,Şoldăneşti (Blândeşti),Şoldăneşti,Blândeşti
Botoșani,4365,Soroceni (Unţeni),Soroceni,Unţeni
Botoșani,4086,Stânca (George Enescu),Stânca,George Enescu
Botoșani,4305,Stânca (Ştefăneşti),Stânca,Ştefăneşti
Botoșani,4185,Stânceşti (Mihai Eminescu),Stânceşti,Mihai Eminescu
Botoșani,4293,Stăuceni,Stăuceni,
Botoșani,4306,Ştefăneşti,Ştefăneşti,
Botoșani,4307,Ştefăneşti-Sat (Ştefăneşti),Ştefăneşti-Sat,Ştefăneşti
Botoșani,4315,Ştiubieni,Ştiubieni,
Botoșani,4251,Stolniceni (Răuseni),Stolniceni,Răuseni
Botoșani,4079,Storeşti (Frumuşica),Storeşti,Frumuşica
Botoșani,4025,Strahotin (Dângeni),Strahotin,Dângeni
Botoșani,4148,Străteni (Lozna),Străteni,Lozna
Botoșani,4162,Stroieşti (Lunca),Stroieşti,Lunca
Botoșani,4322,Suharău,Suharău,
Botoșani,4326,Suliţa,Suliţa,
Botoșani,3991,Şupitca (Coşula),Şupitca,Coşula
Botoșani,3956,Talpa (Cândeşti),Talpa,Cândeşti
Botoșani,4108,Tătărăşeni (Havârna),Tătărăşeni,Havârna
Botoșani,4356,Tăuteşti (Ungureni),Tăuteşti,Ungureni
Botoșani,3903,Timuş (Avrămeni),Timuş,Avrămeni
Botoșani,4294,Tocileni (Stăuceni),Tocileni,Stăuceni
Botoșani,4332,Todireni,Todireni,
Botoșani,4339,Truşeşti,Truşeşti,
Botoșani,3892,Tudor Vladimirescu (Albeşti),Tudor Vladimirescu,Albeşti
Botoșani,3904,Tudor Vladimirescu (Avrămeni),Tudor Vladimirescu,Avrămeni
Botoșani,4341,Tudora,Tudora,
Botoșani,4357,Ungureni,Ungureni,
Botoșani,4007,Unguroaia (Cristeşti),Unguroaia,Cristeşti
Botoșani,4366,Unţeni,Unţeni,
Botoșani,4372,Văculeşti,Văculeşti,
Botoșani,3932,Vâlcelele (Brăeşti),Vâlcelele,Brăeşti
Botoșani,4367,Valea Grajdului (Unţeni),Valea Grajdului,Unţeni
Botoșani,4094,Vânători (Gorbăneşti),Vânători,Gorbăneşti
Botoșani,4376,Vârfu Câmpului,Vârfu Câmpului,
Botoșani,4358,Vicoleni (Ungureni),Vicoleni,Ungureni
Botoșani,4118,Victoria (Hlipiceni),Victoria,Hlipiceni
Botoșani,4295,Victoria (Stăuceni),Victoria,Stăuceni
Botoșani,4095,Viforeni (Gorbăneşti),Viforeni,Gorbăneşti
Botoșani,4387,Viişoara (Viișoara),Viişoara,Viișoara
Botoșani,4388,Viişoara Mică (Viișoara),Viişoara Mică,Viișoara
Botoșani,3960,Viţcani (Cândeşti),Viţcani,Cândeşti
Botoșani,3976,Vlădeni (Corlăteni),Vlădeni,Corlăteni
Botoșani,4400,Vlădeni,Vlădeni,
Botoșani,4080,Vlădeni-Deal (Frumuşica),Vlădeni-Deal,Frumuşica
Botoșani,4404,Vlăsineşti,Vlăsineşti,
Botoșani,4408,Vorniceni,Vorniceni,
Botoșani,4413,Vorona,Vorona,
Botoșani,4414,Vorona Mare (Vorona),Vorona Mare,Vorona
Botoșani,4415,Vorona-Teodoru (Vorona),Vorona-Teodoru,Vorona
Botoșani,4368,Vultureni (Unţeni),Vultureni,Unţeni
Botoșani,4175,Zahoreni (Manoleasa),Zahoreni,Manoleasa
Botoșani,3911,Zăiceşti (Băluşeni),Zăiceşti,Băluşeni
Botoșani,4164,Zlătunoaia (Lunca),Zlătunoaia,Lunca
Botoșani,3872,Zoiţani (Adăşeni),Zoiţani,Adăşeni
Buzău,5519,Albeşti (Smeeni),Albeşti,Smeeni
Buzău,5115,Aldeni (Cernăteşti),Aldeni,Cernăteşti
Buzău,5070,Alexandru Odobescu (Buda),Alexandru Odobescu,Buda
Buzău,5417,Aliceni (Poşta Câlnău),Aliceni,Poşta Câlnău
Buzău,5161,Aluniş (Colţi),Aluniş,Colţi
Buzău,4978,Amara (Balta Albă),Amara,Balta Albă
Buzău,4969,Amaru,Amaru,
Buzău,5188,Anini (Cozieni),Anini,Cozieni
Buzău,4983,Arbănaşi (Beceni),Arbănaşi,Beceni
Buzău,5507,Arcanu (Scutelnici),Arcanu,Scutelnici
Buzău,5553,Băbeni (Topliceni),Băbeni,Topliceni
Buzău,4993,Băceni (Berca),Băceni,Berca
Buzău,5051,Bădeni (Breaza),Bădeni,Breaza
Buzău,5372,Bădila (Pârscov),Bădila,Pârscov
Buzău,5116,Băeşti (Cernăteşti),Băeşti,Cernăteşti
Buzău,4979,Băile (Balta Albă),Băile,Balta Albă
Buzău,5576,Băjani (Vadu Paşii),Băjani,Vadu Paşii
Buzău,4976,Bălăceanu,Bălăceanu,
Buzău,5520,Bălaia (Smeeni),Bălaia,Smeeni
Buzău,5189,Bălăneşti (Cozieni),Bălăneşti,Cozieni
Buzău,5080,Bâlhacu (C.A. Rosetti),Bâlhacu,C.A. Rosetti
Buzău,4980,Balta Albă,Balta Albă,
Buzău,5495,Balta Tocila (Scorţoasa),Balta Tocila,Scorţoasa
Buzău,5007,Băltăgari (Bisoca),Băltăgari,Bisoca
Buzău,5562,Băltăreţi (Ulmeni),Băltăreţi,Ulmeni
Buzău,5081,Bălteni (C.A. Rosetti),Bălteni,C.A. Rosetti
Buzău,5465,Băniţa (Săgeata),Băniţa,Săgeata
Buzău,5149,Bărăşti (Cislău),Bărăşti,Cislău
Buzău,5541,Bărbunceşti (Tisău),Bărbunceşti,Tisău
Buzău,5136,Bâsca Chiojdului (Chiojdu),Bâsca Chiojdului,Chiojdu
Buzău,5332,Basca Rozilei (Nehoiu),Basca Rozilei,Nehoiu
Buzău,5091,Bâscenii de Jos (Calvini),Bâscenii de Jos,Calvini
Buzău,5092,Bâscenii de Sus (Calvini),Bâscenii de Sus,Calvini
Buzău,5322,Batogu (Murgeşti),Batogu,Murgeşti
Buzău,4984,Beceni,Beceni,
Buzău,5496,Beciu (Scorţoasa),Beciu,Scorţoasa
Buzău,5356,Begu (Pănătău),Begu,Pănătău
Buzău,5466,Beilic (Săgeata),Beilic,Săgeata
Buzău,5211,Bentu (Gălbinaşi),Bentu,Gălbinaşi
Buzău,4994,Berca,Berca,
Buzău,5190,Berceşti (Cozieni),Berceşti,Cozieni
Buzău,5275,Beşlii (Mânzăleşti),Beşlii,Mânzăleşti
Buzău,5008,Bisoca,Bisoca,
Buzău,5016,Blăjani,Blăjani,
Buzău,5155,Boboc (Cochirleanca),Boboc,Cochirleanca
Buzău,5606,Bodineşti (Vintilă Vodă),Bodineşti,Vintilă Vodă
Buzău,5019,Boldu,Boldu,
Buzău,5467,Borduşani (Săgeata),Borduşani,Săgeata
Buzău,5021,Bozioru,Bozioru,
Buzău,5594,Brădeanca (Verneşti),Brădeanca,Verneşti
Buzău,5032,Brădeanu,Brădeanu,
Buzău,5037,Brăeşti,Brăeşti,
Buzău,5508,Brăgăreasa (Scutelnici),Brăgăreasa,Scutelnici
Buzău,5038,Brătileşti (Brăeşti),Brătileşti,Brăeşti
Buzău,5052,Breaza,Breaza,
Buzău,5253,Brebu (Lopătari),Brebu,Lopătari
Buzău,5071,Buda,Buda,
Buzău,5150,Buda Crăciuneşti (Cislău),Buda Crăciuneşti,Cislău
Buzău,5128,Budeşti (Chiliile),Budeşti,Chiliile
Buzău,5168,Budişteni (Costeşti),Budişteni,Costeşti
Buzău,5445,Budrea (Racoviţeni),Budrea,Racoviţeni
Buzău,5022,Buduile (Bozioru),Buduile,Bozioru
Buzău,5276,Buştea (Mânzăleşti),Buştea,Mânzăleşti
Buzău,5078,Buzău,Buzău,
Buzău,5082,C.A. Rosetti,C.A. Rosetti,
Buzău,5414,Căldărăşti (Pogoanele),Căldărăşti,Pogoanele
Buzău,5117,Căldăruşa (Cernăteşti),Căldăruşa,Cernăteşti
Buzău,5221,Caldaruseanca (Glodeanu Sărat),Caldaruseanca,Glodeanu Sărat
Buzău,5385,Calea Chiojdului (Pătârlagele),Calea Chiojdului,Pătârlagele
Buzău,5401,Câlţeşti (Pietroasele),Câlţeşti,Pietroasele
Buzău,5521,Călţuna (Smeeni),Călţuna,Smeeni
Buzău,5093,Calvini,Calvini,
Buzău,4970,Câmpeni (Amaru),Câmpeni,Amaru
Buzău,5294,Câmpulungeanca (Mărgăriteşti),Câmpulungeanca,Mărgăriteşti
Buzău,5595,Cândeşti (Verneşti),Cândeşti,Verneşti
Buzău,5097,Căneşti,Căneşti,
Buzău,5290,Căpăţâneşti (Mărăcineni),Căpăţâneşti,Mărăcineni
Buzău,5343,Capu Satului (Odăile),Capu Satului,Odăile
Buzău,5265,Caragele (Luciu),Caragele,Luciu
Buzău,5481,Cărătnău de Jos (Săruleşti),Cărătnău de Jos,Săruleşti
Buzău,5482,Cărătnău de Sus (Săruleşti),Cărătnău de Sus,Săruleşti
Buzău,5226,Cârligu Mare (Glodeanu-Siliştea),Cârligu Mare,Glodeanu-Siliştea
Buzău,5227,Cârligu Mic (Glodeanu-Siliştea),Cârligu Mic,Glodeanu-Siliştea
Buzău,5596,Cârlomăneşti (Verneşti),Cârlomăneşti,Verneşti
Buzău,4985,Cărpiniştea (Beceni),Cărpiniştea,Beceni
Buzău,5512,Caşoca (Siriu),Caşoca,Siriu
Buzău,5228,Casota (Glodeanu-Siliştea),Casota,Glodeanu-Siliştea
Buzău,5137,Cătiaşu (Chiojdu),Cătiaşu,Chiojdu
Buzău,5104,Cătina,Cătina,
Buzău,5554,Ceairu (Topliceni),Ceairu,Topliceni
Buzău,5118,Cernăteşti,Cernăteşti,
Buzău,5129,Chiliile,Chiliile,
Buzău,5138,Chiojdu,Chiojdu,
Buzău,5366,Chiperu (Pardoşi),Chiperu,Pardoşi
Buzău,5333,Chirleşti (Nehoiu),Chirleşti,Nehoiu
Buzău,5143,Cilibia,Cilibia,
Buzău,5298,Ciobănoaia (Merei),Ciobănoaia,Merei
Buzău,5191,Ciocăneşti (Cozieni),Ciocăneşti,Cozieni
Buzău,5318,Cioranca (Movila Banului),Cioranca,Movila Banului
Buzău,5277,Cireşu (Mânzăleşti),Cireşu,Mânzăleşti
Buzău,5151,Cislău,Cislău,
Buzău,5268,Ciuta (Măgura),Ciuta,Măgura
Buzău,5564,Clondiru (Ulmeni),Clondiru,Ulmeni
Buzău,5402,Clondiru de Sus (Pietroasele),Clondiru de Sus,Pietroasele
Buzău,5607,Coca-Antimiresti (Vintilă Vodă),Coca-Antimiresti,Vintilă Vodă
Buzău,5608,Coca-Niculesti (Vintilă Vodă),Coca-Niculesti,Vintilă Vodă
Buzău,5192,Cocârceni (Cozieni),Cocârceni,Cozieni
Buzău,5156,Cochirleanca,Cochirleanca,
Buzău,5418,Coconari (Poşta Câlnău),Coconari,Poşta Câlnău
Buzău,4995,Cojanu (Berca),Cojanu,Berca
Buzău,5450,Colibaşi (Râmnicelu),Colibaşi,Râmnicelu
Buzău,5310,Colţăneni (Mihăileşti),Colţăneni,Mihăileşti
Buzău,5193,Colţeni (Cozieni),Colţeni,Cozieni
Buzău,5162,Colţi,Colţi,
Buzău,5163,Colţii de Jos (Colţi),Colţii de Jos,Colţi
Buzău,5513,Colţu Pietrii (Siriu),Colţu Pietrii,Siriu
Buzău,5623,Comisoaia (Zărneşti),Comisoaia,Zărneşti
Buzău,5106,Corbu (Cătina),Corbu,Cătina
Buzău,5229,Corbu (Glodeanu-Siliştea),Corbu,Glodeanu-Siliştea
Buzău,5344,Corneanu (Odăile),Corneanu,Odăile
Buzău,5170,Costeşti,Costeşti,
Buzău,5630,Costieni (Ziduri),Costieni,Ziduri
Buzău,5367,Costomiru (Pardoşi),Costomiru,Pardoşi
Buzău,5408,Coţatcu (Podgoria),Coţatcu,Podgoria
Buzău,5230,Cotorca (Glodeanu-Siliştea),Cotorca,Glodeanu-Siliştea
Buzău,5084,Cotu Ciorii (C.A. Rosetti),Cotu Ciorii,C.A. Rosetti
Buzău,5194,Cozieni,Cozieni,
Buzău,5386,Crâng (Pătârlagele),Crâng,Pătârlagele
Buzău,5130,Creveleşti (Chiliile),Creveleşti,Chiliile
Buzău,5631,Cuculeasa (Ziduri),Cuculeasa,Ziduri
Buzău,5373,Curcăneşti (Pârscov),Curcăneşti,Pârscov
Buzău,5334,Curmătura (Nehoiu),Curmătura,Nehoiu
Buzău,5497,Dâlma (Scorţoasa),Dâlma,Scorţoasa
Buzău,5468,Dâmbroca (Săgeata),Dâmbroca,Săgeata
Buzău,5072,Dănuleşti (Buda),Dănuleşti,Buda
Buzău,5403,Dara (Pietroasele),Dara,Pietroasele
Buzău,5429,Dăscăleşti (Puieşti),Dăscăleşti,Puieşti
Buzău,5299,Dealu Viei (Merei),Dealu Viei,Merei
Buzău,5555,Deduleşti (Topliceni),Deduleşti,Topliceni
Buzău,5498,Deleni (Scorţoasa),Deleni,Scorţoasa
Buzău,5300,Dobrileşti (Merei),Dobrileşti,Merei
Buzău,4986,Dogari (Beceni),Dogari,Beceni
Buzău,4971,Dulbanu (Amaru),Dulbanu,Amaru
Buzău,5295,Fântânele (Mărgăriteşti),Fântânele,Mărgăriteşti
Buzău,5326,Fântânele (Năeni),Fântânele,Năeni
Buzău,5195,Faţa lui Nan (Cozieni),Faţa lui Nan,Cozieni
Buzău,5327,Finţeşti (Năeni),Finţeşti,Năeni
Buzău,5023,Fişici (Bozioru),Fişici,Bozioru
Buzău,4987,Floreşti (Beceni),Floreşti,Beceni
Buzău,5209,Florica,Florica,
Buzău,5577,Focşănei (Vadu Paşii),Focşănei,Vadu Paşii
Buzău,5452,Fotin (Râmnicelu),Fotin,Râmnicelu
Buzău,5094,Frăsinet (Calvini),Frăsinet,Calvini
Buzău,5120,Fulga (Cernăteşti),Fulga,Cernăteşti
Buzău,5254,Fundata (Lopătari),Fundata,Lopătari
Buzău,5387,Fundăturile (Pătârlagele),Fundăturile,Pătârlagele
Buzău,5624,Fundeni (Zărneşti),Fundeni,Zărneşti
Buzău,5242,Furtuneşti (Gura Teghii),Furtuneşti,Gura Teghii
Buzău,5473,Găgeni (Săhăteni),Găgeni,Săhăteni
Buzău,5212,Gălbinaşi,Gălbinaşi,
Buzău,5157,Gara Bobocu (Cochirleanca),Gara Bobocu,Cochirleanca
Buzău,5144,Gara Cilibia (Cilibia),Gara Cilibia,Cilibia
Buzău,5024,Găvanele (Bozioru),Găvanele,Bozioru
Buzău,5469,Găvănesti (Săgeata),Găvănesti,Săgeata
Buzău,5215,Gherăseni,Gherăseni,
Buzău,5218,Ghergheasa,Ghergheasa,
Buzău,5131,Ghiocari (Chiliile),Ghiocari,Chiliile
Buzău,5278,Ghizdita (Mânzăleşti),Ghizdita,Mânzăleşti
Buzău,5222,Glodeanu Sărat,Glodeanu Sărat,
Buzău,5231,Glodeanu-Siliştea,Glodeanu-Siliştea,
Buzău,5132,Glodu-Petcari (Chiliile),Glodu-Petcari,Chiliile
Buzău,5196,Glodurile (Cozieni),Glodurile,Cozieni
Buzău,5483,Goicelu (Săruleşti),Goicelu,Săruleşti
Buzău,5041,Goideşti (Brăeşti),Goideşti,Brăeşti
Buzău,5499,Golu Grabicina (Scorţoasa),Golu Grabicina,Scorţoasa
Buzău,5173,Gomoeşti (Costeşti),Gomoeşti,Costeşti
Buzău,5098,Gonţeşti (Căneşti),Gonţeşti,Căneşti
Buzău,5345,Gorani (Odăile),Gorani,Odăile
Buzău,5388,Gornet (Pătârlagele),Gornet,Pătârlagele
Buzău,5500,Grabicina de Jos (Scorţoasa),Grabicina de Jos,Scorţoasa
Buzău,5501,Grabicina de Sus (Scorţoasa),Grabicina de Sus,Scorţoasa
Buzău,5542,Grăjdana (Tisău),Grăjdana,Tisău
Buzău,5235,Grebănu,Grebănu,
Buzău,5058,Greceanca (Breaza),Greceanca,Breaza
Buzău,5025,Gresia (Bozioru),Gresia,Bozioru
Buzău,5174,Groşani (Costeşti),Groşani,Costeşti
Buzău,5279,Gura Bădicului (Mânzăleşti),Gura Bădicului,Mânzăleşti
Buzău,5152,Gura Bâscei (Cislău),Gura Bâscei,Cislău
Buzău,5578,Gura Câlnăului (Vadu Paşii),Gura Câlnăului,Vadu Paşii
Buzău,4988,Gura Dimienii (Beceni),Gura Dimienii,Beceni
Buzău,5556,Gura Făgetului (Topliceni),Gura Făgetului,Topliceni
Buzău,5301,Gura Sărăţii (Merei),Gura Sărăţii,Merei
Buzău,5514,Gura Siriului (Siriu),Gura Siriului,Siriu
Buzău,5243,Gura Teghii,Gura Teghii,
Buzău,5502,Gura Văii (Scorţoasa),Gura Văii,Scorţoasa
Buzău,5543,Haleş (Tisău),Haleş,Tisău
Buzău,5632,Heliade Rădulescu (Ziduri),Heliade Rădulescu,Ziduri
Buzău,5236,Homeşti (Grebănu),Homeşti,Grebănu
Buzău,5223,Ileana (Glodeanu Sărat),Ileana,Glodeanu Sărat
Buzău,5474,Istriţa de Jos (Săhăteni),Istriţa de Jos,Săhăteni
Buzău,5042,Ivăneţu (Brăeşti),Ivăneţu,Brăeşti
Buzău,5026,Izvoarele (Bozioru),Izvoarele,Bozioru
Buzău,5544,Izvoranu (Tisău),Izvoranu,Tisău
Buzău,5197,Izvoru (Cozieni),Izvoru,Cozieni
Buzău,5545,Izvoru (Tisău),Izvoru,Tisău
Buzău,4989,Izvoru Dulce (Beceni),Izvoru Dulce,Beceni
Buzău,5302,Izvoru Dulce (Merei),Izvoru Dulce,Merei
Buzău,5280,Jghiab (Mânzăleşti),Jghiab,Mânzăleşti
Buzău,4996,Joseni (Berca),Joseni,Berca
Buzău,5346,Lacu (Odăile),Lacu,Odăile
Buzău,5357,Lacu cu Anini (Pănătău),Lacu cu Anini,Pănătău
Buzău,4972,Lacu Sinaia (Amaru),Lacu Sinaia,Amaru
Buzău,5009,Lacurile (Bisoca),Lacurile,Bisoca
Buzău,5633,Lanurile (Ziduri),Lanurile,Ziduri
Buzău,5250,Largu,Largu,
Buzău,5546,Leiculeşti (Tisău),Leiculeşti,Tisău
Buzău,5139,Lera (Chiojdu),Lera,Chiojdu
Buzău,5319,Limpeziş (Movila Banului),Limpeziş,Movila Banului
Buzău,5509,Lipănescu (Scutelnici),Lipănescu,Scutelnici
Buzău,5303,Lipia (Merei),Lipia,Merei
Buzău,5237,Livada (Grebănu),Livada,Grebănu
Buzău,5238,Livada Mică (Grebănu),Livada Mică,Grebănu
Buzău,5010,Lopătăreasa (Bisoca),Lopătăreasa,Bisoca
Buzău,5255,Lopătari,Lopătari,
Buzău,5266,Luciu,Luciu,
Buzău,4973,Lunca (Amaru),Lunca,Amaru
Buzău,5086,Lunca (C.A. Rosetti),Lunca,C.A. Rosetti
Buzău,5389,Lunca (Pătârlagele),Lunca,Pătârlagele
Buzău,5435,Lunca (Puieşti),Lunca,Puieşti
Buzău,5374,Lunca Frumoasă (Pârscov),Lunca Frumoasă,Pârscov
Buzău,5515,Lunca Jariştei (Siriu),Lunca Jariştei,Siriu
Buzău,5335,Lunca Priporului (Nehoiu),Lunca Priporului,Nehoiu
Buzău,5256,Luncile (Lopătari),Luncile,Lopătari
Buzău,5198,Lungeşti (Cozieni),Lungeşti,Cozieni
Buzău,5436,Măcrina (Puieşti),Măcrina,Puieşti
Buzău,5272,Măgura,Măgura,
Buzău,5358,Măguricea (Pănătău),Măguricea,Pănătău
Buzău,5121,Manasia (Cernăteşti),Manasia,Cernăteşti
Buzău,5390,Mănăstirea (Pătârlagele),Mănăstirea,Pătârlagele
Buzău,4997,Mânăstirea Răteşti (Berca),Mânăstirea Răteşti,Berca
Buzău,5281,Mânzăleşti,Mânzăleşti,
Buzău,5145,Mânzu (Cilibia),Mânzu,Cilibia
Buzău,5291,Mărăcineni,Mărăcineni,
Buzău,5296,Mărgăriteşti,Mărgăriteşti,
Buzău,4990,Mărgăriţi (Beceni),Mărgăriţi,Beceni
Buzău,5312,Mărgineanu (Mihăileşti),Mărgineanu,Mihăileşti
Buzău,5391,Mărunţişu (Pătârlagele),Mărunţişu,Pătârlagele
Buzău,5478,Măteşti (Săpoca),Măteşti,Săpoca
Buzău,5536,Maxenu (Ţinteşti),Maxenu,Ţinteşti
Buzău,5304,Merei,Merei,
Buzău,5597,Mierea (Verneşti),Mierea,Verneşti
Buzău,5313,Mihăileşti,Mihăileşti,
Buzău,5033,Mitropolia (Brădeanu),Mitropolia,Brădeanu
Buzău,5336,Mlăjet (Nehoiu),Mlăjet,Nehoiu
Buzău,5590,Modreni (Valea Salciei),Modreni,Valea Salciei
Buzău,5522,Moisica (Smeeni),Moisica,Smeeni
Buzău,5459,Moşeşti (Robeasca),Moşeşti,Robeasca
Buzău,5320,Movila Banului,Movila Banului,
Buzău,5146,Movila Oii (Cilibia),Movila Oii,Cilibia
Buzău,5470,Moviliţa (Săgeata),Moviliţa,Săgeata
Buzău,5073,Muceşti-Dănuleşti (Buda),Muceşti-Dănuleşti,Buda
Buzău,5323,Murgeşti,Murgeşti,
Buzău,5392,Muşcel (Pătârlagele),Muşcel,Pătârlagele
Buzău,5616,Muscel (Vipereşti),Muscel,Vipereşti
Buzău,5164,Muscelu Cărămăneşti (Colţi),Muscelu Cărămăneşti,Colţi
Buzău,5516,Muşceluşa (Siriu),Muşceluşa,Siriu
Buzău,5328,Năeni,Năeni,
Buzău,5099,Negoşina (Căneşti),Negoşina,Căneşti
Buzău,5337,Nehoiaşu (Nehoiu),Nehoiaşu,Nehoiu
Buzău,5338,Nehoiu,Nehoiu,
Buzău,5244,Nemertea (Gura Teghii),Nemertea,Gura Teghii
Buzău,5598,Nenciu (Verneşti),Nenciu,Verneşti
Buzău,5305,Nenciuleşti (Merei),Nenciuleşti,Merei
Buzău,5437,Nicoleşti (Puieşti),Nicoleşti,Puieşti
Buzău,5609,Niculeşti (Vintilă Vodă),Niculeşti,Vintilă Vodă
Buzău,5599,Nişcov (Verneşti),Nişcov,Verneşti
Buzău,5199,Nistoreşti (Cozieni),Nistoreşti,Cozieni
Buzău,5027,Nucu (Bozioru),Nucu,Bozioru
Buzău,5537,Odaia Banului (Ţinteşti),Odaia Banului,Ţinteşti
Buzău,5347,Odăile,Odăile,
Buzău,5306,Ogrăzile (Merei),Ogrăzile,Merei
Buzău,20965,Ojasca,Ojasca,
Buzău,5095,Olari (Calvini),Olari,Calvini
Buzău,5375,Oleşeşti (Pârscov),Oleşeşti,Pârscov
Buzău,5409,Oratia (Podgoria),Oratia,Podgoria
Buzău,5586,Oreavul (Valea Râmnicului),Oreavul,Valea Râmnicului
Buzău,4998,Pâclele (Berca),Pâclele,Berca
Buzău,5100,Păcurile (Căneşti),Păcurile,Căneşti
Buzău,5354,Padina,Padina,
Buzău,5547,Pădurenii (Tisău),Pădurenii,Tisău
Buzău,5617,Pălici (Vipereşti),Pălici,Vipereşti
Buzău,5339,Păltineni (Nehoiu),Păltineni,Nehoiu
Buzău,5245,Păltiniş (Gura Teghii),Păltiniş,Gura Teghii
Buzău,5359,Pănătău,Pănătău,
Buzău,5368,Pardoşi,Pardoşi,
Buzău,5376,Pârjoleşti (Pârscov),Pârjoleşti,Pârscov
Buzău,5377,Pârscov,Pârscov,
Buzău,5043,Pârscovelu (Brăeşti),Pârscovelu,Brăeşti
Buzău,5393,Pătârlagele,Pătârlagele,
Buzău,5257,Pestriţu (Lopătari),Pestriţu,Lopătari
Buzău,5610,Petrăcheşti (Vintilă Vodă),Petrăcheşti,Vintilă Vodă
Buzău,5446,Petrişoru (Racoviţeni),Petrişoru,Racoviţeni
Buzău,5348,Piatra Albă (Odăile),Piatra Albă,Odăile
Buzău,5200,Pietraru (Cozieni),Pietraru,Cozieni
Buzău,5404,Pietroasa Mică (Pietroasele),Pietroasa Mică,Pietroasele
Buzău,5405,Pietroasele,Pietroasele,
Buzău,5179,Pietrosu (Costeşti),Pietrosu,Costeşti
Buzău,5044,Pinu (Brăeşti),Pinu,Brăeşti
Buzău,5224,Pitulicea (Glodeanu Sărat),Pitulicea,Glodeanu Sărat
Buzău,5360,Plăişor (Pănătău),Plăişor,Pănătău
Buzău,5258,Plaiu Nucului (Lopătari),Plaiu Nucului,Lopătari
Buzău,5282,Plavăţu (Mânzăleşti),Plavăţu,Mânzăleşti
Buzău,5140,Plescioara (Chiojdu),Plescioara,Chiojdu
Buzău,4999,Pleşcoi (Berca),Pleşcoi,Berca
Buzău,5000,Pleşeşti (Berca),Pleşeşti,Berca
Buzău,5410,Pleşeşti (Podgoria),Pleşeşti,Podgoria
Buzău,5011,Pleşi (Bisoca),Pleşi,Bisoca
Buzău,5239,Plevna (Grebănu),Plevna,Grebănu
Buzău,5503,Plopeasa (Scorţoasa),Plopeasa,Scorţoasa
Buzău,5438,Plopi (Puieşti),Plopi,Puieşti
Buzău,5259,Ploştina (Lopătari),Ploştina,Lopătari
Buzău,5411,Podgoria,Podgoria,
Buzău,5611,Podu Muncii (Vintilă Vodă),Podu Muncii,Vintilă Vodă
Buzău,5141,Poeniţele (Chiojdu),Poeniţele,Chiojdu
Buzău,5415,Pogoanele,Pogoanele,
Buzău,5538,Pogonele (Ţinteşti),Pogonele,Ţinteşti
Buzău,5133,Poiana Pletari (Chiliile),Poiana Pletari,Chiliile
Buzău,5283,Poiana Vâlcului (Mânzăleşti),Poiana Vâlcului,Mânzăleşti
Buzău,5394,Poienile (Pătârlagele),Poienile,Pătârlagele
Buzău,5504,Policiori (Scorţoasa),Policiori,Scorţoasa
Buzău,5349,Posobeşti (Odăile),Posobeşti,Odăile
Buzău,5147,Poşta (Cilibia),Poşta,Cilibia
Buzău,5557,Poşta (Topliceni),Poşta,Topliceni
Buzău,5419,Poşta Câlnău,Poşta Câlnău,
Buzău,5420,Potârnicheşti (Poşta Câlnău),Potârnicheşti,Poşta Câlnău
Buzău,5260,Potecu (Lopătari),Potecu,Lopătari
Buzău,5292,Potoceni (Mărăcineni),Potoceni,Mărăcineni
Buzău,5329,Proşca (Năeni),Proşca,Năeni
Buzău,5625,Pruneni (Zărneşti),Pruneni,Zărneşti
Buzău,5439,Puieşti,Puieşti,
Buzău,5440,Puieştii de Jos (Puieşti),Puieştii de Jos,Puieşti
Buzău,5441,Puieştii de Sus (Puieşti),Puieştii de Sus,Puieşti
Buzău,5201,Punga (Cozieni),Punga,Cozieni
Buzău,5447,Racoviţeni,Racoviţeni,
Buzău,5558,Răduceşti (Topliceni),Răduceşti,Topliceni
Buzău,5454,Râmnicelu,Râmnicelu,
Buzău,5457,Râmnicu Sărat,Râmnicu Sărat,
Buzău,5361,Râpile (Pănătău),Râpile,Pănătău
Buzău,5001,Răteşti (Berca),Răteşti,Berca
Buzău,5012,Recea (Bisoca),Recea,Bisoca
Buzău,5460,Robeasca,Robeasca,
Buzău,5378,Robeşti (Pârscov),Robeşti,Pârscov
Buzău,5158,Roşioru (Cochirleanca),Roşioru,Cochirleanca
Buzău,5587,Rubla (Valea Râmnicului),Rubla,Valea Râmnicului
Buzău,5048,Ruginoasa (Brăeşti),Ruginoasa,Brăeşti
Buzău,5379,Runcu (Pârscov),Runcu,Pârscov
Buzău,5618,Ruşavăţ (Vipereşti),Ruşavăţ,Vipereşti
Buzău,5462,Ruşeţu,Ruşeţu,
Buzău,5471,Săgeata,Săgeata,
Buzău,5475,Săhăteni,Săhăteni,
Buzău,5548,Salcia (Tisău),Salcia,Tisău
Buzău,5219,Sălcioara (Ghergheasa),Sălcioara,Ghergheasa
Buzău,5479,Săpoca,Săpoca,
Buzău,5406,Şarânga (Pietroasele),Şarânga,Pietroasele
Buzău,5566,Sărata (Ulmeni),Sărata,Ulmeni
Buzău,5307,Sărata-Monteoru (Merei),Sărata-Monteoru,Merei
Buzău,5612,Sârbeşti (Vintilă Vodă),Sârbeşti,Vintilă Vodă
Buzău,5261,Săreni (Lopătari),Săreni,Lopătari
Buzău,5013,Sările (Bisoca),Sările,Bisoca
Buzău,5487,Sările-Cătun (Săruleşti),Sările-Cătun,Săruleşti
Buzău,5488,Săruleşti,Săruleşti,
Buzău,5600,Săsenii Noi (Verneşti),Săsenii Noi,Verneşti
Buzău,5601,Săsenii pe Vale (Verneşti),Săsenii pe Vale,Verneşti
Buzău,5602,Săsenii Vechi (Verneşti),Săsenii Vechi,Verneşti
Buzău,5232,Satu Nou (Glodeanu-Siliştea),Satu Nou,Glodeanu-Siliştea
Buzău,5316,Satu Nou (Mihăileşti),Satu Nou,Mihăileşti
Buzău,5284,Satu Vechi (Mânzăleşti),Satu Vechi,Mânzăleşti
Buzău,5002,Sătuc (Berca),Sătuc,Berca
Buzău,5028,Scăeni (Bozioru),Scăeni,Bozioru
Buzău,5153,Scărişoara (Cislău),Scărişoara,Cislău
Buzău,5251,Scărlăteşti (Largu),Scărlăteşti,Largu
Buzău,5350,Scoroşeşti (Odăile),Scoroşeşti,Odăile
Buzău,4974,Scorţeanca (Amaru),Scorţeanca,Amaru
Buzău,5505,Scorţoasa,Scorţoasa,
Buzău,5579,Scurteşti (Vadu Paşii),Scurteşti,Vadu Paşii
Buzău,5510,Scutelnici,Scutelnici,
Buzău,5246,Secuiu (Gura Teghii),Secuiu,Gura Teghii
Buzău,5463,Sergent Ionel Ştefan (Ruşeţu),Sergent Ionel Ştefan,Ruşeţu
Buzău,5362,Sibiciu de Jos (Pănătău),Sibiciu de Jos,Pănătău
Buzău,5395,Sibiciu de Sus (Pătârlagele),Sibiciu de Sus,Pătârlagele
Buzău,5014,Şindrila (Bisoca),Şindrila,Bisoca
Buzău,5517,Siriu,Siriu,
Buzău,5110,Slobozia (Cătina),Slobozia,Cătina
Buzău,5034,Smârdan (Brădeanu),Smârdan,Brădeanu
Buzău,5523,Smeeni,Smeeni,
Buzău,5613,Smeeşti (Vintilă Vodă),Smeeşti,Vintilă Vodă
Buzău,5017,Soreşti (Blăjani),Soreşti,Blăjani
Buzău,5184,Spătaru (Costeşti),Spătaru,Costeşti
Buzău,5074,Spidele (Buda),Spidele,Buda
Buzău,5527,Stâlpu,Stâlpu,
Buzău,5580,Stănceşti (Vadu Paşii),Stănceşti,Vadu Paşii
Buzău,5340,Stănila (Nehoiu),Stănila,Nehoiu
Buzău,4981,Stăvărăşti (Balta Albă),Stăvărăşti,Balta Albă
Buzău,5455,Ştiubei (Râmnicelu),Ştiubei,Râmnicelu
Buzău,5549,Strezeni (Tisău),Strezeni,Tisău
Buzău,5396,Stroeşti (Pătârlagele),Stroeşti,Pătârlagele
Buzău,5101,Şuchea (Căneşti),Şuchea,Căneşti
Buzău,5216,Sudiţi (Gherăseni),Sudiţi,Gherăseni
Buzău,5421,Sudiţi (Poşta Câlnău),Sudiţi,Poşta Câlnău
Buzău,5412,Tăbăcari (Podgoria),Tăbăcari,Podgoria
Buzău,5213,Tăbărăşti (Gălbinaşi),Tăbărăşti,Gălbinaşi
Buzău,5380,Târcov (Pârscov),Târcov,Pârscov
Buzău,5159,Târlele (Cochirleanca),Târlele,Cochirleanca
Buzău,5003,Tâţârligu (Berca),Tâţârligu,Berca
Buzău,5534,Tătuleşti,Tătuleşti,
Buzău,5363,Tega (Pănătău),Tega,Pănătău
Buzău,5202,Teişu (Cozieni),Teişu,Cozieni
Buzău,5262,Terca (Lopătari),Terca,Lopătari
Buzău,5539,Ţinteşti,Ţinteşti,
Buzău,5550,Tisău,Tisău,
Buzău,5381,Tocileni (Pârscov),Tocileni,Pârscov
Buzău,5559,Topliceni,Topliceni,
Buzău,5075,Toropăleşti (Buda),Toropăleşti,Buda
Buzău,5203,Trestia (Cozieni),Trestia,Cozieni
Buzău,5382,Trestieni (Pârscov),Trestieni,Pârscov
Buzău,5134,Trestioara (Chiliile),Trestioara,Chiliile
Buzău,5285,Trestioara (Mânzăleşti),Trestioara,Mânzăleşti
Buzău,5619,Tronari (Vipereşti),Tronari,Vipereşti
Buzău,5204,Tulburea (Cozieni),Tulburea,Cozieni
Buzău,5524,Udaţi-Lucieni (Smeeni),Udaţi-Lucieni,Smeeni
Buzău,5525,Udaţi-Mânzu (Smeeni),Udaţi-Mânzu,Smeeni
Buzău,5570,Ulmeni,Ulmeni,
Buzău,5029,Ulmet (Bozioru),Ulmet,Bozioru
Buzău,5574,Unguriu,Unguriu,
Buzău,5620,Ursoaia (Vipereşti),Ursoaia,Vipereşti
Buzău,5233,Văcăreasca (Glodeanu-Siliştea),Văcăreasca,Glodeanu-Siliştea
Buzău,5247,Vadu Oii (Gura Teghii),Vadu Oii,Gura Teghii
Buzău,5581,Vadu Paşii,Vadu Paşii,
Buzău,5627,Vadu Soreşti (Zărneşti),Vadu Soreşti,Zărneşti
Buzău,5571,Vâlcele (Ulmeni),Vâlcele,Ulmeni
Buzău,5584,Vâlcelele,Vâlcelele,
Buzău,5205,Valea Banului (Cozieni),Valea Banului,Cozieni
Buzău,5112,Valea Cătinei (Cătina),Valea Cătinei,Cătina
Buzău,5286,Valea Cotoarei (Mânzăleşti),Valea Cotoarei,Mânzăleşti
Buzău,5351,Valea Fântânei (Odăile),Valea Fântânei,Odăile
Buzău,5076,Valea Largă (Buda),Valea Largă,Buda
Buzău,5492,Valea Largă-Săruleşti (Săruleşti),Valea Largă-Săruleşti,Săruleşti
Buzău,5369,Valea Lui Lalu (Pardoşi),Valea Lui Lalu,Pardoşi
Buzău,5397,Valea Lupului (Pătârlagele),Valea Lupului,Pătârlagele
Buzău,5004,Valea Nucului (Berca),Valea Nucului,Berca
Buzău,4991,Valea Părului (Beceni),Valea Părului,Beceni
Buzău,5383,Valea Purcarului (Pârscov),Valea Purcarului,Pârscov
Buzău,5308,Valea Putului Merei (Merei),Valea Putului Merei,Merei
Buzău,5588,Valea Râmnicului,Valea Râmnicului,
Buzău,5324,Valea Ratei (Murgeşti),Valea Ratei,Murgeşti
Buzău,5206,Valea Roatei (Cozieni),Valea Roatei,Cozieni
Buzău,5591,Valea Salciei,Valea Salciei,
Buzău,5592,Valea Salciei-Cătun (Valea Salciei),Valea Salciei-Cătun,Valea Salciei
Buzău,5551,Valea Sălciilor (Tisău),Valea Sălciilor,Tisău
Buzău,5370,Valea Şchiopului (Pardoşi),Valea Şchiopului,Pardoşi
Buzău,5398,Valea Sibiciului (Pătârlagele),Valea Sibiciului,Pătârlagele
Buzău,5493,Valea Stânei (Săruleşti),Valea Stânei,Săruleşti
Buzău,5352,Valea Ştefanului (Odăile),Valea Ştefanului,Odăile
Buzău,5287,Valea Ursului (Mânzăleşti),Valea Ursului,Mânzăleşti
Buzău,5102,Valea Verzei (Căneşti),Valea Verzei,Căneşti
Buzău,5399,Valea Viei (Pătârlagele),Valea Viei,Pătârlagele
Buzău,5067,Văleanca-Vilăneşti (Breaza),Văleanca-Vilăneşti,Breaza
Buzău,5330,Vârf (Năeni),Vârf,Năeni
Buzău,5248,Varlaam (Gura Teghii),Varlaam,Gura Teghii
Buzău,5263,Vârteju (Lopătari),Vârteju,Lopătari
Buzău,5030,Văvălucile (Bozioru),Văvălucile,Bozioru
Buzău,5603,Verneşti,Verneşti,
Buzău,5005,Viforâta (Berca),Viforâta,Berca
Buzău,5341,Vineţişu (Nehoiu),Vineţişu,Nehoiu
Buzău,5614,Vintilă Vodă,Vintilă Vodă,
Buzău,5476,Vintileanca (Săhăteni),Vintileanca,Săhăteni
Buzău,5621,Vipereşti,Vipereşti,
Buzău,5068,Vispeşti (Breaza),Vispeşti,Breaza
Buzău,5089,Vizireni (C.A. Rosetti),Vizireni,C.A. Rosetti
Buzău,5125,Vlădeni (Cernăteşti),Vlădeni,Cernăteşti
Buzău,5364,Zahareşti (Pănătău),Zahareşti,Pănătău
Buzău,5240,Zăplazi (Grebănu),Zăplazi,Grebănu
Buzău,5207,Zăpodia (Cozieni),Zăpodia,Cozieni
Buzău,5628,Zărneşti,Zărneşti,
Buzău,5126,Zărneştii de Slănic (Cernăteşti),Zărneştii de Slănic,Cernăteşti
Buzău,5113,Zeletin (Cătina),Zeletin,Cătina
Buzău,5634,Ziduri,Ziduri,
Buzău,5422,Zilişteanca (Poşta Câlnău),Zilişteanca,Poşta Câlnău
Buzău,5635,Zoiţa (Ziduri),Zoiţa,Ziduri
Buzău,5604,Zoreşti (Verneşti),Zoreşti,Verneşti
Caraș-Severin,6369,23 August (Zăvoi),23 August,Zăvoi
Caraș-Severin,6227,Agadici (Oraviţa),Agadici,Oraviţa
Caraș-Severin,5973,Anina,Anina,
Caraș-Severin,6022,Apadia (Brebu),Apadia,Brebu
Caraș-Severin,5976,Armeniş,Armeniş,
Caraș-Severin,6083,Arsuri (Cornereva),Arsuri,Cornereva
Caraș-Severin,5982,Băile Herculane,Băile Herculane,
Caraș-Severin,5985,Bănia,Bănia,
Caraș-Severin,6263,Bărbosu (Ramna),Bărbosu,Ramna
Caraș-Severin,6127,Bârz (Dalboşeţ),Bârz,Dalboşeţ
Caraș-Severin,6346,Bârza (Topleţ),Bârza,Topleţ
Caraș-Severin,5988,Băuţar,Băuţar,
Caraș-Severin,6313,Baziaş (Socol),Baziaş,Socol
Caraș-Severin,6248,Belobreşca (Pojejena),Belobreşca,Pojejena
Caraș-Severin,5993,Berlişte,Berlişte,
Caraș-Severin,5999,Berzasca,Berzasca,
Caraș-Severin,6005,Berzovia,Berzovia,
Caraș-Severin,6000,Bigăr (Berzasca),Bigăr,Berzasca
Caraș-Severin,6135,Biniş (Doclin),Biniş,Doclin
Caraș-Severin,6009,Bocşa,Bocşa,
Caraș-Severin,6084,Bogâltin (Cornereva),Bogâltin,Cornereva
Caraș-Severin,6282,Bogodinţ (Sasca Montană),Bogodinţ,Sasca Montană
Caraș-Severin,6128,Boina (Dalboşeţ),Boina,Dalboşeţ
Caraș-Severin,6129,Boiniţa (Dalboşeţ),Boiniţa,Dalboşeţ
Caraș-Severin,6085,Bojia (Cornereva),Bojia,Cornereva
Caraș-Severin,6014,Bolvaşniţa,Bolvaşniţa,
Caraș-Severin,6349,Borlova (Turnu Ruieni),Borlova,Turnu Ruieni
Caraș-Severin,6254,Borlovenii Noi (Prigor),Borlovenii Noi,Prigor
Caraș-Severin,6255,Borlovenii Vechi (Prigor),Borlovenii Vechi,Prigor
Caraș-Severin,6086,Borugi (Cornereva),Borugi,Cornereva
Caraș-Severin,6017,Bozovici,Bozovici,
Caraș-Severin,6228,Brădişoru de Jos (Oraviţa),Brădişoru de Jos,Oraviţa
Caraș-Severin,6332,Bratova (Târnova),Bratova,Târnova
Caraș-Severin,6023,Brebu,Brebu,
Caraș-Severin,6030,Brebu Nou,Brebu Nou,
Caraș-Severin,6288,Brestelnic (Sicheviţa),Brestelnic,Sicheviţa
Caraș-Severin,6157,Brezon (Forotic),Brezon,Forotic
Caraș-Severin,6229,Broşteni (Oraviţa),Broşteni,Oraviţa
Caraș-Severin,6033,Buchin,Buchin,
Caraș-Severin,6039,Bucoşniţa,Bucoşniţa,
Caraș-Severin,5989,Bucova (Băuţar),Bucova,Băuţar
Caraș-Severin,6139,Calina (Dognecea),Calina,Dognecea
Caraș-Severin,6267,Câlnic (Reşiţa),Câlnic,Reşiţa
Caraș-Severin,6087,Camena (Cornereva),Camena,Cornereva
Caraș-Severin,6289,Cameniţa (Sicheviţa),Cameniţa,Sicheviţa
Caraș-Severin,6314,Câmpia (Socol),Câmpia,Socol
Caraș-Severin,6142,Cănicea (Domaşnea),Cănicea,Domaşnea
Caraș-Severin,6044,Caransebeş,Caransebeş,
Caraș-Severin,6047,Carașova,Carașova,
Caraș-Severin,6051,Cărbunari,Cărbunari,
Caraș-Severin,6341,Cârnecea (Ticvaniu Mare),Cârnecea,Ticvaniu Mare
Caraș-Severin,6319,Cârşa Roşie (Şopotu Nou),Cârşa Roşie,Şopotu Nou
Caraș-Severin,6290,Cârşie (Sicheviţa),Cârşie,Sicheviţa
Caraș-Severin,6065,Căvăran (Constantin Daicoviciu),Căvăran,Constantin Daicoviciu
Caraș-Severin,6350,Cicleni (Turnu Ruieni),Cicleni,Turnu Ruieni
Caraș-Severin,6230,Ciclova Montana (Oraviţa),Ciclova Montana,Oraviţa
Caraș-Severin,6054,Ciclova Română,Ciclova Română,
Caraș-Severin,6365,Ciortea (Vrani),Ciortea,Vrani
Caraș-Severin,6235,Cireşa (Oţelu Roşu),Cireşa,Oţelu Roşu
Caraș-Severin,6088,Cireşel (Cornereva),Cireşel,Cornereva
Caraș-Severin,6058,Ciuchici,Ciuchici,
Caraș-Severin,6062,Ciudanoviţa,Ciudanoviţa,
Caraș-Severin,6220,Ciuta (Obreja),Ciuta,Obreja
Caraș-Severin,6194,Clocotici (Lupac),Clocotici,Lupac
Caraș-Severin,6158,Comorâşte (Forotic),Comorâşte,Forotic
Caraș-Severin,6066,Constantin Daicoviciu,Constantin Daicoviciu,
Caraș-Severin,6073,Copăcele,Copăcele,
Caraș-Severin,6078,Cornea,Cornea,
Caraș-Severin,6089,Cornereva,Cornereva,
Caraș-Severin,5990,Cornişoru (Băuţar),Cornişoru,Băuţar
Caraș-Severin,6239,Cornuţel (Păltiniş),Cornuţel,Păltiniş
Caraș-Severin,6124,Coronini,Coronini,
Caraș-Severin,6090,Costiş (Cornereva),Costiş,Cornereva
Caraș-Severin,6091,Cozia (Cornereva),Cozia,Cornereva
Caraș-Severin,6001,Cozla (Berzasca),Cozla,Berzasca
Caraș-Severin,6291,Cracu Almăj (Sicheviţa),Cracu Almăj,Sicheviţa
Caraș-Severin,6092,Cracu Mare (Cornereva),Cracu Mare,Cornereva
Caraș-Severin,6093,Cracu Teiului (Cornereva),Cracu Teiului,Cornereva
Caraș-Severin,6079,Cruşovăţ (Cornea),Cruşovăţ,Cornea
Caraș-Severin,6292,Cruşoviţa (Sicheviţa),Cruşoviţa,Sicheviţa
Caraș-Severin,6080,Cuptoare (Cornea),Cuptoare,Cornea
Caraș-Severin,6268,Cuptoare (Reşiţa),Cuptoare,Reşiţa
Caraș-Severin,6293,Curmătura (Sicheviţa),Curmătura,Sicheviţa
Caraș-Severin,6130,Dalboşeţ,Dalboşeţ,
Caraș-Severin,6351,Dalci (Turnu Ruieni),Dalci,Turnu Ruieni
Caraș-Severin,6241,Delineşti (Păltiniş),Delineşti,Păltiniş
Caraș-Severin,6150,Dezeşti (Fârliug),Dezeşti,Fârliug
Caraș-Severin,6249,Divici (Pojejena),Divici,Pojejena
Caraș-Severin,6094,Dobraia (Cornereva),Dobraia,Cornereva
Caraș-Severin,6136,Doclin,Doclin,
Caraș-Severin,6140,Dognecea,Dognecea,
Caraș-Severin,6095,Dolina (Cornereva),Dolina,Cornereva
Caraș-Severin,6269,Doman (Reşiţa),Doman,Reşiţa
Caraș-Severin,6143,Domaşnea,Domaşnea,
Caraș-Severin,6002,Drencova (Berzasca),Drencova,Berzasca
Caraș-Severin,6320,Driştie (Şopotu Nou),Driştie,Şopotu Nou
Caraș-Severin,6151,Duleu (Fârliug),Duleu,Fârliug
Caraș-Severin,6145,Eftimie Murgu,Eftimie Murgu,
Caraș-Severin,6361,Ersig (Vermeş),Ersig,Vermeş
Caraș-Severin,6147,Ezeriş,Ezeriş,
Caraș-Severin,6152,Fârliug,Fârliug,
Caraș-Severin,5977,Feneş (Armeniş),Feneş,Armeniş
Caraș-Severin,6006,Fizeş (Berzovia),Fizeş,Berzovia
Caraș-Severin,6159,Forotic,Forotic,
Caraș-Severin,6294,Frăsiniş (Sicheviţa),Frăsiniş,Sicheviţa
Caraș-Severin,6031,Gărâna (Brebu Nou),Gărâna,Brebu Nou
Caraș-Severin,5986,Gârbovăţ (Bănia),Gârbovăţ,Bănia
Caraș-Severin,6167,Gârlişte (Goruia),Gârlişte,Goruia
Caraș-Severin,6162,Gârnic,Gârnic,
Caraș-Severin,6007,Gherteniş (Berzovia),Gherteniş,Berzovia
Caraș-Severin,6168,Giurgiova (Goruia),Giurgiova,Goruia
Caraș-Severin,6165,Glimboca,Glimboca,
Caraș-Severin,6179,Globu Craiovei (Iablaniţa),Globu Craiovei,Iablaniţa
Caraș-Severin,6205,Globurău (Mehadia),Globurău,Mehadia
Caraș-Severin,6040,Goleţ (Bucoşniţa),Goleţ,Bucoşniţa
Caraș-Severin,6295,Gornea (Sicheviţa),Gornea,Sicheviţa
Caraș-Severin,6169,Goruia,Goruia,
Caraș-Severin,6171,Grădinari,Grădinari,
Caraș-Severin,6172,Greoni (Grădinari),Greoni,Grădinari
Caraș-Severin,6096,Gruni (Cornereva),Gruni,Cornereva
Caraș-Severin,6097,Hora Mare (Cornereva),Hora Mare,Cornereva
Caraș-Severin,6098,Hora Mică (Cornereva),Hora Mică,Cornereva
Caraș-Severin,6048,Iabalcea (Carașova),Iabalcea,Carașova
Caraș-Severin,6180,Iablaniţa,Iablaniţa,
Caraș-Severin,5994,Iam (Berlişte),Iam,Berlişte
Caraș-Severin,6221,Iaz (Obreja),Iaz,Obreja
Caraș-Severin,6366,Iertof (Vrani),Iertof,Vrani
Caraș-Severin,6055,Ilidia (Ciclova Română),Ilidia,Ciclova Română
Caraș-Severin,6308,Ilova (Slatina-Timiş),Ilova,Slatina-Timiş
Caraș-Severin,6099,Ineleţ (Cornereva),Ineleţ,Cornereva
Caraș-Severin,6362,Izgar (Vermeş),Izgar,Vermeş
Caraș-Severin,6100,Izvor (Cornereva),Izvor,Cornereva
Caraș-Severin,6063,Jitin (Ciudanoviţa),Jitin,Ciudanoviţa
Caraș-Severin,6045,Jupa (Caransebeş),Jupa,Caransebeş
Caraș-Severin,6183,Lăpuşnicel,Lăpuşnicel,
Caraș-Severin,6187,Lăpuşnicu Mare,Lăpuşnicu Mare,
Caraș-Severin,6217,Lescoviţa (Naidăş),Lescoviţa,Naidăş
Caraș-Severin,6296,Liborajdea (Sicheviţa),Liborajdea,Sicheviţa
Caraș-Severin,6034,Lindenfeld (Buchin),Lindenfeld,Buchin
Caraș-Severin,6003,Liubcova (Berzasca),Liubcova,Berzasca
Caraș-Severin,6297,Lucacevăţ (Sicheviţa),Lucacevăţ,Sicheviţa
Caraș-Severin,6101,Lunca Florii (Cornereva),Lunca Florii,Cornereva
Caraș-Severin,6102,Lunca Zaicii (Cornereva),Lunca Zaicii,Cornereva
Caraș-Severin,6190,Luncaviţa,Luncaviţa,
Caraș-Severin,6195,Lupac,Lupac,
Caraș-Severin,6212,Măceşti (Moldova Nouă),Măceşti,Moldova Nouă
Caraș-Severin,6067,Maciova (Constantin Daicoviciu),Maciova,Constantin Daicoviciu
Caraș-Severin,6081,Macovişte (Cornea),Macovişte,Cornea
Caraș-Severin,6370,Măgura (Zăvoi),Măgura,Zăvoi
Caraș-Severin,6236,Mal (Oţelu Roşu),Mal,Oţelu Roşu
Caraș-Severin,6199,Marga,Marga,
Caraș-Severin,6231,Marila (Oraviţa),Marila,Oraviţa
Caraș-Severin,6298,Martinovăţ (Sicheviţa),Martinovăţ,Sicheviţa
Caraș-Severin,6371,Măru (Zăvoi),Măru,Zăvoi
Caraș-Severin,6068,Mâtnicu Mare (Constantin Daicoviciu),Mâtnicu Mare,Constantin Daicoviciu
Caraș-Severin,6202,Măureni,Măureni,
Caraș-Severin,6206,Mehadia,Mehadia,
Caraș-Severin,6210,Mehadica,Mehadica,
Caraș-Severin,6358,Mercina (Vărădia),Mercina,Vărădia
Caraș-Severin,6103,Mesteacăn (Cornereva),Mesteacăn,Cornereva
Caraș-Severin,5995,Milcoveni (Berlişte),Milcoveni,Berlişte
Caraș-Severin,6188,Moceriş (Lăpuşnicu Mare),Moceriş,Lăpuşnicu Mare
Caraș-Severin,6213,Moldova Nouă,Moldova Nouă,
Caraș-Severin,6214,Moldova Veche (Moldova Nouă),Moldova Veche,Moldova Nouă
Caraș-Severin,6215,Moldoviţa (Moldova Nouă),Moldoviţa,Moldova Nouă
Caraș-Severin,6270,Moniom (Reşiţa),Moniom,Reşiţa
Caraș-Severin,6218,Naidăş,Naidăş,
Caraș-Severin,6104,Negiudin (Cornereva),Negiudin,Cornereva
Caraș-Severin,6049,Nermed (Carașova),Nermed,Carașova
Caraș-Severin,6059,Nicolinţ (Ciuchici),Nicolinţ,Ciuchici
Caraș-Severin,6105,Obiţa (Cornereva),Obiţa,Cornereva
Caraș-Severin,6222,Obreja,Obreja,
Caraș-Severin,6225,Ocna de Fier,Ocna de Fier,
Caraș-Severin,6299,Ogaşu Podului (Sicheviţa),Ogaşu Podului,Sicheviţa
Caraș-Severin,6074,Ohaba-Mâtnic (Copăcele),Ohaba-Mâtnic,Copăcele
Caraș-Severin,6243,Ohabiţa (Păltiniş),Ohabiţa,Păltiniş
Caraș-Severin,6232,Oraviţa,Oraviţa,
Caraș-Severin,6237,Oţelu Roşu,Oţelu Roşu,
Caraș-Severin,6163,Padina Matei (Gârnic),Padina Matei,Gârnic
Caraș-Severin,6244,Păltiniş,Păltiniş,
Caraș-Severin,6315,Pârneaura (Socol),Pârneaura,Socol
Caraș-Severin,6184,Pârvova (Lăpuşnicel),Pârvova,Lăpuşnicel
Caraș-Severin,6256,Pătaş (Prigor),Pătaş,Prigor
Caraș-Severin,5983,Pecinişca (Băile Herculane),Pecinişca,Băile Herculane
Caraș-Severin,6069,Peştere (Constantin Daicoviciu),Peştere,Constantin Daicoviciu
Caraș-Severin,6181,Petnic (Iablaniţa),Petnic,Iablaniţa
Caraș-Severin,6060,Petrilova (Ciuchici),Petrilova,Ciuchici
Caraș-Severin,6041,Petroşniţa (Bucoşniţa),Petroşniţa,Bucoşniţa
Caraș-Severin,5978,Plopu (Armeniş),Plopu,Armeniş
Caraș-Severin,6207,Plugova (Mehadia),Plugova,Mehadia
Caraș-Severin,6106,Pogara (Cornereva),Pogara,Cornereva
Caraș-Severin,6107,Pogara de Sus (Cornereva),Pogara de Sus,Cornereva
Caraș-Severin,6035,Poiana (Buchin),Poiana,Buchin
Caraș-Severin,6108,Poiana Lungă (Cornereva),Poiana Lungă,Cornereva
Caraș-Severin,6372,Poiana Mărului (Zăvoi),Poiana Mărului,Zăvoi
Caraș-Severin,6321,Poienile Boinei (Şopotu Nou),Poienile Boinei,Şopotu Nou
Caraș-Severin,6250,Pojejena,Pojejena,
Caraș-Severin,6018,Poneasca (Bozovici),Poneasca,Bozovici
Caraș-Severin,6283,Potoc (Sasca Montană),Potoc,Sasca Montană
Caraș-Severin,5991,Preveciori (Băuţar),Preveciori,Băuţar
Caraș-Severin,6257,Prigor,Prigor,
Caraș-Severin,6019,Prilipeţ (Bozovici),Prilipeţ,Bozovici
Caraș-Severin,6070,Prisaca (Constantin Daicoviciu),Prisaca,Constantin Daicoviciu
Caraș-Severin,6109,Prisăcina (Cornereva),Prisăcina,Cornereva
Caraș-Severin,6036,Prisian (Buchin),Prisian,Buchin
Caraș-Severin,6110,Prislop (Cornereva),Prislop,Cornereva
Caraș-Severin,6131,Prislop (Dalboşeţ),Prislop,Dalboşeţ
Caraș-Severin,6258,Putna (Prigor),Putna,Prigor
Caraș-Severin,6260,Răcăşdia,Răcăşdia,
Caraș-Severin,6322,Răchita (Şopotu Nou),Răchita,Şopotu Nou
Caraș-Severin,6233,Răchitova (Oraviţa),Răchitova,Oraviţa
Caraș-Severin,6251,Radimna (Pojejena),Radimna,Pojejena
Caraș-Severin,6196,Rafnic (Lupac),Rafnic,Lupac
Caraș-Severin,6264,Ramna,Ramna,
Caraș-Severin,6323,Ravensca (Şopotu Nou),Ravensca,Şopotu Nou
Caraș-Severin,6153,Remetea-Pogănici (Fârliug),Remetea-Pogănici,Fârliug
Caraș-Severin,6271,Reşiţa,Reşiţa,
Caraș-Severin,6132,Reşiţa Mică (Dalboşeţ),Reşiţa Mică,Dalboşeţ
Caraș-Severin,6245,Rugi (Păltiniş),Rugi,Păltiniş
Caraș-Severin,6075,Ruginosu (Copăcele),Ruginosu,Copăcele
Caraș-Severin,6338,Rusca (Teregova),Rusca,Teregova
Caraș-Severin,6275,Rusca Montană,Rusca Montană,
Caraș-Severin,6276,Ruşchiţa (Rusca Montană),Ruşchiţa,Rusca Montană
Caraș-Severin,5996,Rusova Nouă (Berlişte),Rusova Nouă,Berlişte
Caraș-Severin,5997,Rusova Veche (Berlişte),Rusova Veche,Berlişte
Caraș-Severin,6111,Ruştin (Cornereva),Ruştin,Cornereva
Caraș-Severin,6278,Sacu,Sacu,
Caraș-Severin,6309,Sadova Nouă (Slatina-Timiş),Sadova Nouă,Slatina-Timiş
Caraș-Severin,6310,Sadova Veche (Slatina-Timiş),Sadova Veche,Slatina-Timiş
Caraș-Severin,6279,Sălbăgelu Nou (Sacu),Sălbăgelu Nou,Sacu
Caraș-Severin,6284,Sasca Montană,Sasca Montană,
Caraș-Severin,6285,Sasca Română (Sasca Montană),Sasca Română,Sasca Montană
Caraș-Severin,5979,Sat Bătrân (Armeniş),Sat Bătrân,Armeniş
Caraș-Severin,6154,Scăiuş (Fârliug),Scăiuş,Fârliug
Caraș-Severin,6112,Scărişoara (Cornereva),Scărişoara,Cornereva
Caraș-Severin,6342,Secăşeni (Ticvaniu Mare),Secăşeni,Ticvaniu Mare
Caraș-Severin,6272,Secu (Reşiţa),Secu,Reşiţa
Caraș-Severin,6125,Sfânta Elena (Coronini),Sfânta Elena,Coronini
Caraș-Severin,6300,Sicheviţa,Sicheviţa,
Caraș-Severin,6286,Slatina-Nera (Sasca Montană),Slatina-Nera,Sasca Montană
Caraș-Severin,6311,Slatina-Timiş,Slatina-Timiş,
Caraș-Severin,6148,Soceni (Ezeriş),Soceni,Ezeriş
Caraș-Severin,6316,Socol,Socol,
Caraș-Severin,6056,Socolari (Ciclova Română),Socolari,Ciclova Română
Caraș-Severin,6324,Şopotu Nou,Şopotu Nou,
Caraș-Severin,6133,Şopotu Vechi (Dalboşeţ),Şopotu Vechi,Dalboşeţ
Caraș-Severin,6203,Şoşdea (Măureni),Şoşdea,Măureni
Caraș-Severin,6325,Stăncilova (Şopotu Nou),Stăncilova,Şopotu Nou
Caraș-Severin,5974,Steierdorf (Anina),Steierdorf,Anina
Caraș-Severin,6052,Ştinăpari (Cărbunari),Ştinăpari,Cărbunari
Caraș-Severin,6301,Streneac (Sicheviţa),Streneac,Sicheviţa
Caraș-Severin,6113,Strugasca (Cornereva),Strugasca,Cornereva
Caraș-Severin,6114,Studena (Cornereva),Studena,Cornereva
Caraș-Severin,6115,Sub Crâng (Cornereva),Sub Crâng,Cornereva
Caraș-Severin,5980,Sub Margine (Armeniş),Sub Margine,Armeniş
Caraș-Severin,6116,Sub Plai (Cornereva),Sub Plai,Cornereva
Caraș-Severin,6185,Şumiţa (Lăpuşnicel),Şumiţa,Lăpuşnicel
Caraș-Severin,6160,Surducu Mare (Forotic),Surducu Mare,Forotic
Caraș-Severin,6252,Şuşca (Pojejena),Şuşca,Pojejena
Caraș-Severin,6336,Târnova,Târnova,
Caraș-Severin,6117,Ţaţu (Cornereva),Ţaţu,Cornereva
Caraș-Severin,6339,Teregova,Teregova,
Caraș-Severin,6273,Terova (Reşiţa),Terova,Reşiţa
Caraș-Severin,6343,Ticvaniu Mare,Ticvaniu Mare,
Caraș-Severin,6344,Ticvaniu Mic (Ticvaniu Mare),Ticvaniu Mic,Ticvaniu Mare
Caraș-Severin,6280,Tincova (Sacu),Tincova,Sacu
Caraș-Severin,6137,Tirol (Doclin),Tirol,Doclin
Caraș-Severin,6118,Topla (Cornereva),Topla,Cornereva
Caraș-Severin,6347,Topleţ,Topleţ,
Caraș-Severin,6352,Turnu Ruieni,Turnu Ruieni,
Caraș-Severin,6326,Urcu (Şopotu Nou),Urcu,Şopotu Nou
Caraș-Severin,6373,Valea Bistrei (Zăvoi),Valea Bistrei,Zăvoi
Caraș-Severin,6208,Valea Bolvaşniţa (Mehadia),Valea Bolvaşniţa,Mehadia
Caraș-Severin,6155,Valea Mare (Fârliug),Valea Mare,Fârliug
Caraș-Severin,6020,Valea Minişului (Bozovici),Valea Minişului,Bozovici
Caraș-Severin,6302,Valea Oreviţa (Sicheviţa),Valea Oreviţa,Sicheviţa
Caraș-Severin,6327,Valea Răchitei (Şopotu Nou),Valea Răchitei,Şopotu Nou
Caraș-Severin,6303,Valea Ravensca (Sicheviţa),Valea Ravensca,Sicheviţa
Caraș-Severin,6328,Valea Roşie (Şopotu Nou),Valea Roşie,Şopotu Nou
Caraș-Severin,6304,Valea Sicheviţei (Sicheviţa),Valea Sicheviţei,Sicheviţa
Caraș-Severin,6037,Valea Timişului (Buchin),Valea Timişului,Buchin
Caraș-Severin,6028,Valeadeni (Brebu),Valeadeni,Brebu
Caraș-Severin,6265,Valeapai (Ramna),Valeapai,Ramna
Caraș-Severin,6042,Vălişoara (Bucoşniţa),Vălişoara,Bucoşniţa
Caraș-Severin,6356,Văliug,Văliug,
Caraș-Severin,6200,Vama Marga (Marga),Vama Marga,Marga
Caraș-Severin,6223,Var (Obreja),Var,Obreja
Caraș-Severin,6359,Vărădia,Vărădia,
Caraș-Severin,6015,Vârciorova (Bolvaşniţa),Vârciorova,Bolvaşniţa
Caraș-Severin,6192,Verendin (Luncaviţa),Verendin,Luncaviţa
Caraș-Severin,6363,Vermeş,Vermeş,
Caraș-Severin,6197,Vodnic (Lupac),Vodnic,Lupac
Caraș-Severin,6374,Voislova (Zăvoi),Voislova,Zăvoi
Caraș-Severin,6367,Vrani,Vrani,
Caraș-Severin,6261,Vrăniuţ (Răcăşdia),Vrăniuţ,Răcăşdia
Caraș-Severin,6071,Zăgujeni (Constantin Daicoviciu),Zăgujeni,Constantin Daicoviciu
Caraș-Severin,6119,Zănogi (Cornereva),Zănogi,Cornereva
Caraș-Severin,6305,Zănou (Sicheviţa),Zănou,Sicheviţa
Caraș-Severin,6306,Zăsloane (Sicheviţa),Zăsloane,Sicheviţa
Caraș-Severin,6375,Zăvoi,Zăvoi,
Caraș-Severin,6120,Zbegu (Cornereva),Zbegu,Cornereva
Caraș-Severin,6353,Zerveşti (Turnu Ruieni),Zerveşti,Turnu Ruieni
Caraș-Severin,6354,Zlagna (Turnu Ruieni),Zlagna,Turnu Ruieni
Caraș-Severin,6317,Zlatiţa (Socol),Zlatiţa,Socol
Caraș-Severin,6121,Zmogotin (Cornereva),Zmogotin,Cornereva
Caraș-Severin,6122,Zoina (Cornereva),Zoina,Cornereva
Caraș-Severin,6076,Zorile (Copăcele),Zorile,Copăcele
Caraș-Severin,6377,Zorlencior (Zorlenţu Mare),Zorlencior,Zorlenţu Mare
Caraș-Severin,6378,Zorlenţu Mare,Zorlenţu Mare,
Cluj,6500,Agârbiciu (Căpuşu Mare),Agârbiciu,Căpuşu Mare
Cluj,6381,Aghireşu,Aghireşu,
Cluj,6382,Aghiresu-Fabrici (Aghireşu),Aghiresu-Fabrici,Aghireşu
Cluj,6686,Agriş (Iara),Agriş,Iara
Cluj,6393,Aiton,Aiton,
Cluj,6396,Aluniş,Aluniş,
Cluj,6853,Alunişu (Sâncraiu),Alunişu,Sâncraiu
Cluj,6536,Andici (Ceanu Mare),Andici,Ceanu Mare
Cluj,6447,Antăş (Bobâlna),Antăş,Bobâlna
Cluj,6405,Apahida,Apahida,
Cluj,6732,Ardeova (Mănăstireni),Ardeova,Mănăstireni
Cluj,6383,Arghişu (Aghireşu),Arghişu,Aghireşu
Cluj,6900,Aruncuta (Suatu),Aruncuta,Suatu
Cluj,6414,Așchileu,Așchileu,
Cluj,6415,Aşchileu Mare (Așchileu),Aşchileu Mare,Așchileu
Cluj,6416,Aşchileu Mic (Așchileu),Aşchileu Mic,Așchileu
Cluj,6448,Băbdiu (Bobâlna),Băbdiu,Bobâlna
Cluj,6956,Băbuţiu (Vultureni),Băbuţiu,Vultureni
Cluj,6421,Baciu,Baciu,
Cluj,6785,Bădeni (Moldoveneşti),Bădeni,Moldoveneşti
Cluj,6957,Bădeşti (Vultureni),Bădeşti,Vultureni
Cluj,6796,Băgaciu (Pălatca),Băgaciu,Pălatca
Cluj,6384,Băgara (Aghireşu),Băgara,Aghireşu
Cluj,6429,Băişoara,Băişoara,
Cluj,6674,Băiţa (Gherla),Băiţa,Gherla
Cluj,6439,Bălceşti (Beliș),Bălceşti,Beliș
Cluj,6501,Bălceşti (Căpuşu Mare),Bălceşti,Căpuşu Mare
Cluj,6474,Bărăi (Căianu),Bărăi,Căianu
Cluj,6591,Bârlea (Corneşti),Bârlea,Corneşti
Cluj,6925,Batin (Unguraș),Batin,Unguraș
Cluj,6733,Bedeciu (Mănăstireni),Bedeciu,Mănăstireni
Cluj,6440,Beliş (Beliș),Beliş,Beliș
Cluj,6652,Berchieşu (Frata),Berchieşu,Frata
Cluj,6878,Berindu (Sânpaul),Berindu,Sânpaul
Cluj,6734,Bica (Mănăstireni),Bica,Mănăstireni
Cluj,6683,Bicălatu (Huedin),Bicălatu,Huedin
Cluj,6449,Blidăreşti (Bobâlna),Blidăreşti,Bobâlna
Cluj,6450,Bobâlna,Bobâlna,
Cluj,6739,Bociu (Mărgău),Bociu,Mărgău
Cluj,6406,Bodrog (Apahida),Bodrog,Apahida
Cluj,6481,Bogata (Călăraşi),Bogata,Călăraşi
Cluj,6931,Bogata de Jos (Vad),Bogata de Jos,Vad
Cluj,6932,Bogata de Sus (Vad),Bogata de Sus,Vad
Cluj,6537,Boian (Ceanu Mare),Boian,Ceanu Mare
Cluj,6582,Boj-Cătun (Cojocna),Boj-Cătun,Cojocna
Cluj,6583,Boju (Cojocna),Boju,Cojocna
Cluj,6538,Bolduţ (Ceanu Mare),Bolduţ,Ceanu Mare
Cluj,6821,Bologa (Poieni),Bologa,Poieni
Cluj,6630,Bonţ (Fizeşu Gherlii),Bonţ,Fizeşu Gherlii
Cluj,6459,Bonţida (Bonțida),Bonţida,Bonțida
Cluj,6465,Borşa (Borșa),Borşa,Borșa
Cluj,6466,Borşa-Cătun (Borșa),Borşa-Cătun,Borșa
Cluj,6467,Borşa-Crestaia (Borșa),Borşa-Crestaia,Borșa
Cluj,6687,Borzeşti (Iara),Borzeşti,Iara
Cluj,6775,Boteni (Mociu),Boteni,Mociu
Cluj,6854,Brăişoru (Sâncraiu),Brăişoru,Sâncraiu
Cluj,6792,Bucea (Negreni),Bucea,Negreni
Cluj,6768,Buneşti (Mintiu Gherlii),Buneşti,Mintiu Gherlii
Cluj,6688,Buru (Iara),Buru,Iara
Cluj,6740,Buteni (Mărgău),Buteni,Mărgău
Cluj,6471,Buza,Buza,
Cluj,6689,Cacova Ierii (Iara),Cacova Ierii,Iara
Cluj,6475,Căianu,Căianu,
Cluj,6476,Căianu Mic (Căianu),Căianu Mic,Căianu
Cluj,6477,Căianu-Vamă (Căianu),Căianu-Vamă,Căianu
Cluj,6482,Călăraşi,Călăraşi,
Cluj,6483,Călăraşi-Gară (Călăraşi),Călăraşi-Gară,Călăraşi
Cluj,6488,Călata (Călăţele),Călata,Călăţele
Cluj,6489,Călăţele,Călăţele,
Cluj,6933,Calna (Vad),Calna,Vad
Cluj,6494,Cămăraşu,Cămăraşu,
Cluj,6407,Câmpeneşti (Apahida),Câmpeneşti,Apahida
Cluj,6498,Câmpia Turzii,Câmpia Turzii,
Cluj,6839,Căprioara (Recea-Cristur),Căprioara,Recea-Cristur
Cluj,6502,Căpuşu Mare,Căpuşu Mare,
Cluj,6503,Căpuşu Mic (Căpuşu Mare),Căpuşu Mic,Căpuşu Mare
Cluj,6584,Cara (Cojocna),Cara,Cojocna
Cluj,6510,Căşeiu,Căşeiu,
Cluj,6624,Casele Miceşti (Feleacu),Casele Miceşti,Feleacu
Cluj,6802,Cătălina (Panticeu),Cătălina,Panticeu
Cluj,6521,Câţcău (Câțcău),Câţcău,Câțcău
Cluj,6525,Cătina,Cătina,
Cluj,6863,Ceaba (Sânmartin),Ceaba,Sânmartin
Cluj,6539,Ceanu Mare,Ceanu Mare,
Cluj,6919,Ceanu Mic (Tureni),Ceanu Mic,Tureni
Cluj,6822,Cerbeşti (Poieni),Cerbeşti,Poieni
Cluj,6939,Cerc (Valea Ierii),Cerc,Valea Ierii
Cluj,6934,Cetan (Vad),Cetan,Vad
Cluj,6763,Cheia (Mihai Viteazu),Cheia,Mihai Viteazu
Cluj,6776,Chesău (Mociu),Chesău,Mociu
Cluj,6959,Chidea (Vultureni),Chidea,Vultureni
Cluj,6550,Chinteni,Chinteni,
Cluj,6667,Chiriş (Geaca),Chiriş,Geaca
Cluj,6560,Chiuieşti,Chiuieşti,
Cluj,6840,Ciubanca (Recea-Cristur),Ciubanca,Recea-Cristur
Cluj,6841,Ciubăncuţa (Recea-Cristur),Ciubăncuţa,Recea-Cristur
Cluj,6568,Ciucea,Ciucea,
Cluj,6741,Ciuleni (Mărgău),Ciuleni,Mărgău
Cluj,6468,Ciumăfaia (Borșa),Ciumăfaia,Borșa
Cluj,6540,Ciurgău (Ceanu Mare),Ciurgău,Ceanu Mare
Cluj,6571,Ciurila,Ciurila,
Cluj,6910,Clapa (Tritenii de Jos),Clapa,Tritenii de Jos
Cluj,6580,Cluj-Napoca,Cluj-Napoca,
Cluj,6460,Coasta (Bonțida),Coasta,Bonțida
Cluj,6711,Codor (Jichişu de Jos),Codor,Jichişu de Jos
Cluj,6585,Cojocna,Cojocna,
Cluj,6911,Colonia (Tritenii de Jos),Colonia,Tritenii de Jos
Cluj,6511,Comorâţa (Căşeiu),Comorâţa,Căşeiu
Cluj,6920,Comşeşti (Tureni),Comşeşti,Tureni
Cluj,6859,Copăceni (Sănduleşti),Copăceni,Sănduleşti
Cluj,6512,Coplean (Căşeiu),Coplean,Căşeiu
Cluj,6526,Copru (Cătina),Copru,Cătina
Cluj,6397,Corneni (Aluniş),Corneni,Aluniş
Cluj,6594,Corneşti,Corneşti,
Cluj,6661,Corneşti (Gârbău),Corneşti,Gârbău
Cluj,6764,Corneşti (Mihai Viteazu),Corneşti,Mihai Viteazu
Cluj,6408,Corpadea (Apahida),Corpadea,Apahida
Cluj,6422,Coruşu (Baciu),Coruşu,Baciu
Cluj,6808,Crăeşti (Petreştii de Jos),Crăeşti,Petreştii de Jos
Cluj,6816,Crairât (Ploscoş),Crairât,Ploscoş
Cluj,6451,Cremenea (Bobâlna),Cremenea,Bobâlna
Cluj,6777,Crişeni (Mociu),Crişeni,Mociu
Cluj,6417,Cristorel (Așchileu),Cristorel,Așchileu
Cluj,6803,Cubleşu Someşan (Panticeu),Cubleşu Someşan,Panticeu
Cluj,6935,Curtuiuşu Dejului (Vad),Curtuiuşu Dejului,Vad
Cluj,6513,Custura (Căşeiu),Custura,Căşeiu
Cluj,6867,Cutca (Sânmartin),Cutca,Sânmartin
Cluj,6610,Cuzdrioara,Cuzdrioara,
Cluj,6614,Dăbâca,Dăbâca,
Cluj,6752,Dâmbu Mare (Mica),Dâmbu Mare,Mica
Cluj,6901,Dâmburile (Suatu),Dâmburile,Suatu
Cluj,6385,Dâncu (Aghireşu),Dâncu,Aghireşu
Cluj,6504,Dângău Mare (Căpuşu Mare),Dângău Mare,Căpuşu Mare
Cluj,6505,Dângău Mic (Căpuşu Mare),Dângău Mic,Căpuşu Mare
Cluj,6804,Dârja (Panticeu),Dârja,Panticeu
Cluj,6926,Daroţ (Unguraș),Daroţ,Unguraș
Cluj,6441,Dealu Botii (Beliș),Dealu Botii,Beliș
Cluj,6831,Dealu Mare (Râșca),Dealu Mare,Râșca
Cluj,6490,Dealu Negru (Călăţele),Dealu Negru,Călăţele
Cluj,6618,Dej,Dej,
Cluj,6809,Deleni (Petreştii de Jos),Deleni,Petreştii de Jos
Cluj,6551,Deuşu (Chinteni),Deuşu,Chinteni
Cluj,6409,Dezmir (Apahida),Dezmir,Apahida
Cluj,6868,Diviciorii Mari (Sânmartin),Diviciorii Mari,Sânmartin
Cluj,6869,Diviciorii Mici (Sânmartin),Diviciorii Mici,Sânmartin
Cluj,6855,Domoşu (Sâncraiu),Domoşu,Sâncraiu
Cluj,6418,Dorna (Așchileu),Dorna,Așchileu
Cluj,6386,Dorolţu (Aghireşu),Dorolţu,Aghireşu
Cluj,6561,Dosu Bricii (Chiuieşti),Dosu Bricii,Chiuieşti
Cluj,6541,Dosu Napului (Ceanu Mare),Dosu Napului,Ceanu Mare
Cluj,6735,Dretea (Mănăstireni),Dretea,Mănăstireni
Cluj,6506,Dumbrava (Căpuşu Mare),Dumbrava,Căpuşu Mare
Cluj,6842,Elciu (Recea-Cristur),Elciu,Recea-Cristur
Cluj,6843,Escu (Recea-Cristur),Escu,Recea-Cristur
Cluj,6690,Făgetu Ierii (Iara),Făgetu Ierii,Iara
Cluj,6778,Falca (Mociu),Falca,Mociu
Cluj,6542,Fânaţe (Ceanu Mare),Fânaţe,Ceanu Mare
Cluj,6962,Făureni (Vultureni),Făureni,Vultureni
Cluj,6552,Feiurdeni (Chinteni),Feiurdeni,Chinteni
Cluj,6528,Feldioara (Cătina),Feldioara,Cătina
Cluj,6625,Feleacu,Feleacu,
Cluj,6572,Filea de Jos (Ciurila),Filea de Jos,Ciurila
Cluj,6573,Filea de Sus (Ciurila),Filea de Sus,Ciurila
Cluj,6491,Finciu (Călăţele),Finciu,Călăţele
Cluj,6889,Finişel (Săvădisla),Finişel,Săvădisla
Cluj,6631,Fizeşu Gherlii,Fizeşu Gherlii,
Cluj,6640,Floreşti,Floreşti,
Cluj,6419,Fodora (Așchileu),Fodora,Așchileu
Cluj,6430,Frăsinet (Băişoara),Frăsinet,Băişoara
Cluj,6653,Frata,Frata,
Cluj,6700,Fundătura (Iclod),Fundătura,Iclod
Cluj,6717,Gădălin (Jucu),Gădălin,Jucu
Cluj,6662,Gârbău,Gârbău,
Cluj,6514,Gârbău Dejului (Căşeiu),Gârbău Dejului,Căşeiu
Cluj,6668,Geaca,Geaca,
Cluj,6626,Gheorghieni (Feleacu),Gheorghieni,Feleacu
Cluj,6675,Gherla,Gherla,
Cluj,6779,Ghirişu Român (Mociu),Ghirişu Român,Mociu
Cluj,6399,Ghirolt (Aluniş),Ghirolt,Aluniş
Cluj,6679,Gilău,Gilău,
Cluj,6469,Giula (Borșa),Giula,Borșa
Cluj,6442,Giurcuţa de Jos (Beliș),Giurcuţa de Jos,Beliș
Cluj,6443,Giurcuţa de Sus (Beliș),Giurcuţa de Sus,Beliș
Cluj,6724,Gligoreşti (Luna),Gligoreşti,Luna
Cluj,6515,Guga (Căşeiu),Guga,Căşeiu
Cluj,6529,Hagău (Cătina),Hagău,Cătina
Cluj,6676,Hăşdate (Gherla),Hăşdate,Gherla
Cluj,6890,Hăşdate (Săvădisla),Hăşdate,Săvădisla
Cluj,6543,Hodăi-Boian (Ceanu Mare),Hodăi-Boian,Ceanu Mare
Cluj,6530,Hodaie (Cătina),Hodaie,Cătina
Cluj,6823,Hodişu (Poieni),Hodişu,Poieni
Cluj,6856,Horlacea (Sâncraiu),Horlacea,Sâncraiu
Cluj,6586,Huci (Cojocna),Huci,Cojocna
Cluj,6684,Huedin,Huedin,
Cluj,6562,Huta (Chiuieşti),Huta,Chiuieşti
Cluj,6544,Iacobeni (Ceanu Mare),Iacobeni,Ceanu Mare
Cluj,6691,Iara,Iara,
Cluj,6701,Iclod,Iclod,
Cluj,6702,Iclozel (Iclod),Iclozel,Iclod
Cluj,6600,Igriţia (Corneşti),Igriţia,Corneşti
Cluj,6387,Inucu (Aghireşu),Inucu,Aghireşu
Cluj,6587,Iuriu de Câmpie (Cojocna),Iuriu de Câmpie,Cojocna
Cluj,6706,Izvoru Crişului,Izvoru Crişului,
Cluj,6712,Jichişu de Jos,Jichişu de Jos,
Cluj,6713,Jichişu de Sus (Jichişu de Jos),Jichişu de Sus,Jichişu de Jos
Cluj,6718,Juc-Herghelie (Jucu),Juc-Herghelie,Jucu
Cluj,6719,Jucu,Jucu,
Cluj,6720,Jucu de Mijloc (Jucu),Jucu de Mijloc,Jucu
Cluj,6721,Jucu de Sus (Jucu),Jucu de Sus,Jucu
Cluj,6844,Jurca (Recea-Cristur),Jurca,Recea-Cristur
Cluj,6669,Lacu (Geaca),Lacu,Geaca
Cluj,6834,Lăpuşteşti (Râșca),Lăpuşteşti,Râșca
Cluj,6388,Leghia (Aghireşu),Leghia,Aghireşu
Cluj,6670,Legii (Geaca),Legii,Geaca
Cluj,6516,Leurda (Căşeiu),Leurda,Căşeiu
Cluj,6891,Lita (Săvădisla),Lita,Săvădisla
Cluj,6892,Liteni (Săvădisla),Liteni,Săvădisla
Cluj,6703,Livada (Iclod),Livada,Iclod
Cluj,6810,Livada (Petreştii de Jos),Livada,Petreştii de Jos
Cluj,6817,Lobodaş (Ploscoş),Lobodaş,Ploscoş
Cluj,6601,Lujerdiu (Corneşti),Lujerdiu,Corneşti
Cluj,6725,Luna,Luna,
Cluj,6615,Luna de Jos (Dăbâca),Luna de Jos,Dăbâca
Cluj,6643,Luna de Sus (Floreşti),Luna de Sus,Floreşti
Cluj,6632,Lunca Bonţului (Fizeşu Gherlii),Lunca Bonţului,Fizeşu Gherlii
Cluj,6824,Lunca Vişagului (Poieni),Lunca Vişagului,Poieni
Cluj,6726,Luncani (Luna),Luncani,Luna
Cluj,6692,Lungeşti (Iara),Lungeşti,Iara
Cluj,6389,Macău (Aghireşu),Macău,Aghireşu
Cluj,6553,Măcicaşu (Chinteni),Măcicaşu,Chinteni
Cluj,6563,Măgoaja (Chiuieşti),Măgoaja,Chiuieşti
Cluj,6693,Măgura Ierii (Iara),Măgura Ierii,Iara
Cluj,6728,Măguri (Măguri-Răcătău),Măguri,Măguri-Răcătău
Cluj,6729,Măguri-Răcătău,Măguri-Răcătău,
Cluj,6871,Măhal (Sânmartin),Măhal,Sânmartin
Cluj,6452,Maia (Bobâlna),Maia,Bobâlna
Cluj,6755,Mănăstirea (Mica),Mănăstirea,Mica
Cluj,6736,Mănăstireni,Mănăstireni,
Cluj,6611,Mănăşturel (Cuzdrioara),Mănăşturel,Cuzdrioara
Cluj,6737,Mănăşturu Românesc (Mănăstireni),Mănăşturu Românesc,Mănăstireni
Cluj,6835,Mărceşti (Râșca),Mărceşti,Râșca
Cluj,6742,Mărgău,Mărgău,
Cluj,6746,Mărişel,Mărişel,
Cluj,6921,Mărtineşti (Tureni),Mărtineşti,Tureni
Cluj,6694,Maşca (Iara),Maşca,Iara
Cluj,6423,Mera (Baciu),Mera,Baciu
Cluj,6756,Mica,Mica,
Cluj,6922,Miceşti (Tureni),Miceşti,Tureni
Cluj,6765,Mihai Viteazu,Mihai Viteazu,
Cluj,6881,Mihăieşti (Sânpaul),Mihăieşti,Sânpaul
Cluj,6769,Mintiu Gherlii,Mintiu Gherlii,
Cluj,6431,Moara de Pădure (Băişoara),Moara de Pădure,Băişoara
Cluj,6780,Mociu,Mociu,
Cluj,6786,Moldoveneşti,Moldoveneşti,
Cluj,6602,Morău (Corneşti),Morău,Corneşti
Cluj,6588,Morişti (Cojocna),Morişti,Cojocna
Cluj,6825,Morlaca (Poieni),Morlaca,Poieni
Cluj,6545,Morţeşti (Ceanu Mare),Morţeşti,Ceanu Mare
Cluj,6522,Muncel (Câțcău),Muncel,Câțcău
Cluj,6432,Muntele Băişorii (Băişoara),Muntele Băişorii,Băişoara
Cluj,6433,Muntele Bocului (Băişoara),Muntele Bocului,Băişoara
Cluj,6434,Muntele Cacovei (Băişoara),Muntele Cacovei,Băişoara
Cluj,6435,Muntele Filii (Băişoara),Muntele Filii,Băişoara
Cluj,6730,Muntele Rece (Măguri-Răcătău),Muntele Rece,Măguri-Răcătău
Cluj,6436,Muntele Săcelului (Băişoara),Muntele Săcelului,Băişoara
Cluj,6797,Mureşenii de Câmpie (Pălatca),Mureşenii de Câmpie,Pălatca
Cluj,6663,Nădăşelu (Gârbău),Nădăşelu,Gârbău
Cluj,6707,Nadăşu (Izvoru Crişului),Nadăşu,Izvoru Crişului
Cluj,6495,Năoiu (Cămăraşu),Năoiu,Cămăraşu
Cluj,6904,Năsal (Ţaga),Năsal,Ţaga
Cluj,6708,Nearşova (Izvoru Crişului),Nearşova,Izvoru Crişului
Cluj,6793,Negreni,Negreni,
Cluj,6633,Nicula (Fizeşu Gherlii),Nicula,Fizeşu Gherlii
Cluj,6770,Nima (Mintiu Gherlii),Nima,Mintiu Gherlii
Cluj,6757,Nireş (Mica),Nireş,Mica
Cluj,6654,Oaş (Frata),Oaş,Frata
Cluj,6619,Ocna Dejului (Dej),Ocna Dejului,Dej
Cluj,6695,Ocolişel (Iara),Ocolişel,Iara
Cluj,6655,Olariu (Frata),Olariu,Frata
Cluj,6704,Orman (Iclod),Orman,Iclod
Cluj,6845,Osoi (Recea-Cristur),Osoi,Recea-Cristur
Cluj,6453,Oşorhel (Bobâlna),Oşorhel,Bobâlna
Cluj,6656,Pădurea Iacobeni (Frata),Pădurea Iacobeni,Frata
Cluj,6554,Pădureni (Chinteni),Pădureni,Chinteni
Cluj,6574,Pădureni (Ciurila),Pădureni,Ciurila
Cluj,6771,Pădurenii (Mintiu Gherlii),Pădurenii,Mintiu Gherlii
Cluj,6912,Pădurenii (Tritenii de Jos),Pădurenii,Tritenii de Jos
Cluj,6616,Pâglişa (Dăbâca),Pâglişa,Dăbâca
Cluj,6798,Pălatca,Pălatca,
Cluj,6507,Păniceni (Căpuşu Mare),Păniceni,Căpuşu Mare
Cluj,6805,Panticeu,Panticeu,
Cluj,6410,Pata (Apahida),Pata,Apahida
Cluj,6620,Peştera (Dej),Peştera,Dej
Cluj,6799,Petea (Pălatca),Petea,Pălatca
Cluj,6772,Petreşti (Mintiu Gherlii),Petreşti,Mintiu Gherlii
Cluj,6811,Petreştii de Jos,Petreştii de Jos,
Cluj,6812,Petreştii de Mijloc (Petreştii de Jos),Petreştii de Mijloc,Petreştii de Jos
Cluj,6813,Petreştii de Sus (Petreştii de Jos),Petreştii de Sus,Petreştii de Jos
Cluj,6787,Pietroasa (Moldoveneşti),Pietroasa,Moldoveneşti
Cluj,6621,Pintic (Dej),Pintic,Dej
Cluj,6788,Plăieşti (Moldoveneşti),Plăieşti,Moldoveneşti
Cluj,6814,Plaiuri (Petreştii de Jos),Plaiuri,Petreştii de Jos
Cluj,6940,Plopi (Valea Ierii),Plopi,Valea Ierii
Cluj,6818,Ploscoş,Ploscoş,
Cluj,6789,Podeni (Moldoveneşti),Podeni,Moldoveneşti
Cluj,6657,Poiana Frăţii (Frata),Poiana Frăţii,Frata
Cluj,6444,Poiana Horea (Beliș),Poiana Horea,Beliș
Cluj,6826,Poieni,Poieni,
Cluj,6424,Popeşti (Baciu),Popeşti,Baciu
Cluj,6794,Prelucele (Negreni),Prelucele,Negreni
Cluj,6402,Pruneni (Aluniş),Pruneni,Aluniş
Cluj,6454,Pruni (Bobâlna),Pruni,Bobâlna
Cluj,6575,Pruniş (Ciurila),Pruniş,Ciurila
Cluj,6671,Puini (Geaca),Puini,Geaca
Cluj,6846,Pustuţa (Recea-Cristur),Pustuţa,Recea-Cristur
Cluj,6743,Răchiţele (Mărgău),Răchiţele,Mărgău
Cluj,6425,Rădaia (Baciu),Rădaia,Baciu
Cluj,6836,Raşca (Râșca),Raşca,Râșca
Cluj,6461,Răscruci (Bonțida),Răscruci,Bonțida
Cluj,6455,Răzbuneni (Bobâlna),Răzbuneni,Bobâlna
Cluj,6658,Răzoare (Frata),Răzoare,Frata
Cluj,6847,Recea-Cristur,Recea-Cristur,
Cluj,6394,Rediu (Aiton),Rediu,Aiton
Cluj,6849,Rogojel (Săcuieu),Rogojel,Săcuieu
Cluj,6781,Roşieni (Mociu),Roşieni,Mociu
Cluj,6472,Rotunda (Buza),Rotunda,Buza
Cluj,6517,Rugăşeşti (Căşeiu),Rugăşeşti,Căşeiu
Cluj,6634,Săcălaia (Fizeşu Gherlii),Săcălaia,Fizeşu Gherlii
Cluj,6437,Săcel (Băişoara),Săcel,Băişoara
Cluj,6850,Săcuieu,Săcuieu,
Cluj,6773,Salatiu (Mintiu Gherlii),Salatiu,Mintiu Gherlii
Cluj,6518,Sălătruc (Căşeiu),Sălătruc,Căşeiu
Cluj,6576,Sălicea (Ciurila),Sălicea,Ciurila
Cluj,6523,Sălişca (Câțcău),Sălişca,Câțcău
Cluj,6577,Sălişte (Ciurila),Sălişte,Ciurila
Cluj,6426,Săliştea Nouă (Baciu),Săliştea Nouă,Baciu
Cluj,6555,Săliştea Veche (Chinteni),Săliştea Veche,Chinteni
Cluj,6873,Sâmboieni (Sânmartin),Sâmboieni,Sânmartin
Cluj,6496,Sâmboleni (Cămăraşu),Sâmboleni,Cămăraşu
Cluj,6857,Sâncraiu,Sâncraiu,
Cluj,6860,Sănduleşti,Sănduleşti,
Cluj,6758,Sânmărghita (Mica),Sânmărghita,Mica
Cluj,6556,Sânmartin (Chinteni),Sânmartin,Chinteni
Cluj,6874,Sânmartin,Sânmartin,
Cluj,6411,Sânnicoară (Apahida),Sânnicoară,Apahida
Cluj,6883,Sânpaul,Sânpaul,
Cluj,6905,Sântejude (Ţaga),Sântejude,Ţaga
Cluj,6906,Sântejude-Vale (Ţaga),Sântejude-Vale,Ţaga
Cluj,6907,Sântioana (Ţaga),Sântioana,Ţaga
Cluj,6627,Sărădiş (Feleacu),Sărădiş,Feleacu
Cluj,6806,Sărata (Panticeu),Sărata,Panticeu
Cluj,6884,Şardu (Sânpaul),Şardu,Sânpaul
Cluj,6557,Satu Lung (Chinteni),Satu Lung,Chinteni
Cluj,6709,Săula (Izvoru Crişului),Săula,Izvoru Crişului
Cluj,6800,Sava (Pălatca),Sava,Pălatca
Cluj,6893,Săvădisla,Săvădisla,
Cluj,6744,Scrind-Frăsinet (Mărgău),Scrind-Frăsinet,Mărgău
Cluj,6898,Sic,Sic,
Cluj,6927,Sicfa (Unguraș),Sicfa,Unguraș
Cluj,6714,Şigău (Jichişu de Jos),Şigău,Jichişu de Jos
Cluj,6677,Silivaş (Gherla),Silivaş,Gherla
Cluj,6445,Smida (Beliș),Smida,Beliș
Cluj,6970,Şoimeni (Vultureni),Şoimeni,Vultureni
Cluj,6622,Şomcutu Mic (Dej),Şomcutu Mic,Dej
Cluj,6680,Someşu Cald (Gilău),Someşu Cald,Gilău
Cluj,6681,Someşu Rece (Gilău),Someşu Rece,Gilău
Cluj,6659,Soporu de Câmpie (Frata),Soporu de Câmpie,Frata
Cluj,6546,Stârcu (Ceanu Mare),Stârcu,Ceanu Mare
Cluj,6790,Stejeriş (Moldoveneşti),Stejeriş,Moldoveneşti
Cluj,6604,Stoiana (Corneşti),Stoiana,Corneşti
Cluj,6894,Stolna (Săvădisla),Stolna,Săvădisla
Cluj,6508,Straja (Căpuşu Mare),Straja,Căpuşu Mare
Cluj,6589,Straja (Cojocna),Straja,Cojocna
Cluj,6564,Strâmbu (Chiuieşti),Strâmbu,Chiuieşti
Cluj,6547,Strucut (Ceanu Mare),Strucut,Ceanu Mare
Cluj,6456,Suarăş (Bobâlna),Suarăş,Bobâlna
Cluj,6902,Suatu,Suatu,
Cluj,6412,Sub Coastă (Apahida),Sub Coastă,Apahida
Cluj,6427,Suceagu (Baciu),Suceagu,Baciu
Cluj,6672,Sucutard (Geaca),Sucutard,Geaca
Cluj,6885,Sumurducu (Sânpaul),Sumurducu,Sânpaul
Cluj,6696,Surduc (Iara),Surduc,Iara
Cluj,6578,Şutu (Ciurila),Şutu,Ciurila
Cluj,6908,Ţaga,Ţaga,
Cluj,6875,Târguşor (Sânmartin),Târguşor,Sânmartin
Cluj,6747,Tarniţa (Mărişel),Tarniţa,Mărişel
Cluj,6715,Tărpiu (Jichişu de Jos),Tărpiu,Jichişu de Jos
Cluj,6462,Tăuşeni (Bonțida),Tăuşeni,Bonțida
Cluj,6649,Tăuţi (Floreşti),Tăuţi,Floreşti
Cluj,6390,Ticu (Aghireşu),Ticu,Aghireşu
Cluj,6391,Ticu-Colonie (Aghireşu),Ticu-Colonie,Aghireşu
Cluj,6605,Tiocu de Jos (Corneşti),Tiocu de Jos,Corneşti
Cluj,6606,Tiocu de Sus (Corneşti),Tiocu de Sus,Corneşti
Cluj,6607,Tioltiur (Corneşti),Tioltiur,Corneşti
Cluj,6886,Topa Mică (Sânpaul),Topa Mică,Sânpaul
Cluj,6827,Tranişu (Poieni),Tranişu,Poieni
Cluj,6913,Tritenii de Jos,Tritenii de Jos,
Cluj,6914,Tritenii de Sus (Tritenii de Jos),Tritenii de Sus,Tritenii de Jos
Cluj,6915,Tritenii-Hotar (Tritenii de Jos),Tritenii-Hotar,Tritenii de Jos
Cluj,6917,Turda,Turda,
Cluj,6664,Turea (Gârbău),Turea,Gârbău
Cluj,6923,Tureni,Tureni,
Cluj,6782,Turmaşi (Mociu),Turmaşi,Mociu
Cluj,6928,Unguraș,Unguraș,
Cluj,6950,Urca (Viișoara),Urca,Viișoara
Cluj,6519,Urişor (Căşeiu),Urişor,Căşeiu
Cluj,6936,Vad,Vad,
Cluj,6478,Vaida-Cămăraş (Căianu),Vaida-Cămăraş,Căianu
Cluj,6628,Vâlcele (Feleacu),Vâlcele,Feleacu
Cluj,6457,Vâlcelele (Bobâlna),Vâlcelele,Bobâlna
Cluj,6403,Vale (Aluniş),Vale,Aluniş
Cluj,6697,Valea Agrişului (Iara),Valea Agrişului,Iara
Cluj,6532,Valea Caldă (Cătina),Valea Caldă,Cătina
Cluj,6565,Valea Căşeielului (Chiuieşti),Valea Căşeielului,Chiuieşti
Cluj,6760,Valea Cireşoii (Mica),Valea Cireşoii,Mica
Cluj,6828,Valea Drăganului (Poieni),Valea Drăganului,Poieni
Cluj,6819,Valea Florilor (Ploscoş),Valea Florilor,Ploscoş
Cluj,6612,Valea Gârboului (Cuzdrioara),Valea Gârboului,Cuzdrioara
Cluj,6937,Valea Groşilor (Vad),Valea Groşilor,Vad
Cluj,6941,Valea Ierii,Valea Ierii,
Cluj,6548,Valea lui Cati (Ceanu Mare),Valea lui Cati,Ceanu Mare
Cluj,6566,Valea lui Opriş (Chiuieşti),Valea lui Opriş,Chiuieşti
Cluj,6761,Valea Luncii (Mica),Valea Luncii,Mica
Cluj,6929,Valea Unguraşului (Unguraș),Valea Unguraşului,Unguraș
Cluj,6698,Valea Vadului (Iara),Valea Vadului,Iara
Cluj,6479,Văleni (Căianu),Văleni,Căianu
Cluj,6492,Văleni (Călăţele),Văleni,Călăţele
Cluj,6895,Vălişoara (Săvădisla),Vălişoara,Săvădisla
Cluj,6569,Vânători (Ciucea),Vânători,Ciucea
Cluj,6558,Vechea (Chinteni),Vechea,Chinteni
Cluj,6952,Viişoara (Viișoara),Viişoara,Viișoara
Cluj,6851,Vişagu (Săcuieu),Vişagu,Săcuieu
Cluj,6722,Vişea (Jucu),Vişea,Jucu
Cluj,6665,Viştea (Gârbău),Viştea,Gârbău
Cluj,6896,Vlaha (Săvădisla),Vlaha,Săvădisla
Cluj,6976,Vultureni,Vultureni,
Cluj,6783,Zorenii de Vale (Mociu),Zorenii de Vale,Mociu
Constanța,7185,2 Mai (Limanu),2 Mai,Limanu
Constanța,6979,23 August,23 August,
Constanța,6983,Abrud (Adamclisi),Abrud,Adamclisi
Constanța,6984,Adamclisi,Adamclisi,
Constanța,6989,Agigea,Agigea,
Constanța,6994,Albeşti (Albești),Albeşti,Albești
Constanța,7018,Aliman,Aliman,
Constanța,7285,Almălău (Ostrov),Almălău,Ostrov
Constanța,7023,Amzacea,Amzacea,
Constanța,6995,Arsa (Albești),Arsa,Albești
Constanța,7101,Băltăgeşti (Crucea),Băltăgeşti,Crucea
Constanța,7027,Băneasa,Băneasa,
Constanța,7036,Bărăganu,Bărăganu,
Constanța,7351,Biruinţa (Topraisar),Biruinţa,Topraisar
Constanța,7176,Brebeni (Ion Corvin),Brebeni,Ion Corvin
Constanța,7286,Bugeac (Ostrov),Bugeac,Ostrov
Constanța,7296,Călugăreni (Pantelimon),Călugăreni,Pantelimon
Constanța,7190,Canlia (Lipniţa),Canlia,Lipniţa
Constanța,7202,Cap Aurora (Mangalia),Cap Aurora,Mangalia
Constanța,7348,Capidava (Topalu),Capidava,Topalu
Constanța,7191,Carvan (Lipniţa),Carvan,Lipniţa
Constanța,7042,Căscioarele (Cerchezu),Căscioarele,Cerchezu
Constanța,7155,Casian (Grădina),Casian,Grădina
Constanța,7024,Casicea (Amzacea),Casicea,Amzacea
Constanța,7039,Castelu,Castelu,
Constanța,7043,Cerchezu,Cerchezu,
Constanța,7047,Cernavodă,Cernavodă,
Constanța,7131,Cetatea (Dobromir),Cetatea,Dobromir
Constanța,7156,Cheia (Grădina),Cheia,Grădina
Constanța,7049,Chirnogeni,Chirnogeni,
Constanța,7214,Ciobăniţa (Mereni),Ciobăniţa,Mereni
Constanța,7053,Ciobanu,Ciobanu,
Constanța,7056,Ciocârlia,Ciocârlia,
Constanța,7057,Ciocârlia de Sus (Ciocârlia),Ciocârlia de Sus,Ciocârlia
Constanța,7162,Cloşca (Horia),Cloşca,Horia
Constanța,7060,Cobadin,Cobadin,
Constanța,7314,Cochirleni (Rasova),Cochirleni,Rasova
Constanța,7066,Cogealac,Cogealac,
Constanța,7074,Comăna (Comana),Comăna,Comana
Constanța,7061,Conacu (Cobadin),Conacu,Cobadin
Constanța,7085,Constanţa,Constanţa,
Constanța,7093,Corbu,Corbu,
Constanța,7001,Coroana (Albești),Coroana,Albești
Constanța,7192,Coşlugea (Lipniţa),Coşlugea,Lipniţa
Constanța,7098,Costineşti,Costineşti,
Constanța,7003,Cotu Văii (Albești),Cotu Văii,Albești
Constanța,7177,Crângu (Ion Corvin),Crângu,Ion Corvin
Constanța,7050,Credinţa (Chirnogeni),Credinţa,Chirnogeni
Constanța,7104,Crişan (Crucea),Crişan,Crucea
Constanța,7105,Crucea,Crucea,
Constanța,7193,Cuiugiuc (Lipniţa),Cuiugiuc,Lipniţa
Constanța,20963,Culmea (Ovidiu),Culmea,Ovidiu
Constanța,7111,Cumpăna,Cumpăna,
Constanța,7062,Curcani (Cobadin),Curcani,Cobadin
Constanța,7116,Cuza Vodă,Cuza Vodă,
Constanța,7248,Darabani (Negru Vodă),Darabani,Negru Vodă
Constanța,7119,Deleni,Deleni,
Constanța,7132,Dobromir,Dobromir,
Constanța,7133,Dobromiru din Deal (Dobromir),Dobromiru din Deal,Dobromir
Constanța,7256,Dorobanţu (Nicolae Bălcescu),Dorobanţu,Nicolae Bălcescu
Constanța,7356,Dropia (Tortoman),Dropia,Tortoman
Constanța,6980,Dulceşti (23 August),Dulceşti,23 August
Constanța,7324,Dulgheru (Saraiu),Dulgheru,Saraiu
Constanța,7141,Dumbrăveni,Dumbrăveni,
Constanța,7328,Dunărea (Seimeni),Dunărea,Seimeni
Constanța,7019,Dunăreni (Aliman),Dunăreni,Aliman
Constanța,7147,Eforie,Eforie,
Constanța,7148,Eforie Nord (Eforie),Eforie Nord,Eforie
Constanța,7149,Eforie Sud (Eforie),Eforie Sud,Eforie
Constanța,7287,Esechioi (Ostrov),Esechioi,Ostrov
Constanța,7320,Făclia (Saligny),Făclia,Saligny
Constanța,7168,Fântâna Mare (Independenţa),Fântâna Mare,Independenţa
Constanța,7067,Fântânele (Cogealac),Fântânele,Cogealac
Constanța,7028,Făurei (Băneasa),Făurei,Băneasa
Constanța,7020,Floriile (Aliman),Floriile,Aliman
Constanța,7143,Furnica (Dumbrăveni),Furnica,Dumbrăveni
Constanța,7106,Gălbiori (Crucea),Gălbiori,Crucea
Constanța,7288,Galiţa (Ostrov),Galiţa,Ostrov
Constanța,7151,Gârliciu,Gârliciu,
Constanța,7289,Gârliţa (Ostrov),Gârliţa,Ostrov
Constanța,7025,General Scărişoreanu (Amzacea),General Scărişoreanu,Amzacea
Constanța,7235,Gherghina (Mircea Vodă),Gherghina,Mircea Vodă
Constanța,7153,Ghindăreşti,Ghindăreşti,
Constanța,7194,Goruni (Lipniţa),Goruni,Lipniţa
Constanța,7157,Grădina,Grădina,
Constanța,7249,Grăniceru (Negru Vodă),Grăniceru,Negru Vodă
Constanța,7068,Gura Dobrogei (Cogealac),Gura Dobrogei,Cogealac
Constanța,7186,Hagieni (Limanu),Hagieni,Limanu
Constanța,7159,Hârșova,Hârșova,
Constanța,6985,Haţeg (Adamclisi),Haţeg,Adamclisi
Constanța,7165,Horia,Horia,
Constanța,7169,Independenţa,Independenţa,
Constanța,7178,Ion Corvin,Ion Corvin,
Constanța,7182,Istria,Istria,
Constanța,7305,Ivrinezu Mare (Peştera),Ivrinezu Mare,Peştera
Constanța,7306,Ivrinezu Mic (Peştera),Ivrinezu Mic,Peştera
Constanța,7195,Izvoarele (Lipniţa),Izvoarele,Lipniţa
Constanța,7307,Izvoru Mare (Peştera),Izvoru Mare,Peştera
Constanța,7203,Jupiter (Mangalia),Jupiter,Mangalia
Constanța,7037,Lanurile (Bărăganu),Lanurile,Bărăganu
Constanța,6990,Lazu (Agigea),Lazu,Agigea
Constanța,7134,Lespezi (Dobromir),Lespezi,Dobromir
Constanța,7187,Limanu,Limanu,
Constanța,7196,Lipniţa,Lipniţa,
Constanța,7198,Lumina,Lumina,
Constanța,7094,Luminiţa (Corbu),Luminiţa,Corbu
Constanța,7044,Măgura (Cerchezu),Măgura,Cerchezu
Constanța,7086,Mamaia (Constanţa),Mamaia,Constanţa
Constanța,7243,Mamaia-Sat (Năvodari),Mamaia-Sat,Năvodari
Constanța,7204,Mangalia,Mangalia,
Constanța,7210,Medgidia,Medgidia,
Constanța,7215,Mereni,Mereni,
Constanța,7224,Mihai Viteazu,Mihai Viteazu,
Constanța,7229,Mihail Kogălniceanu,Mihail Kogălniceanu,
Constanța,7054,Mioriţa (Ciobanu),Mioriţa,Ciobanu
Constanța,7236,Mircea Vodă,Mircea Vodă,
Constanța,7343,Mireasa (Târguşor),Mireasa,Târguşor
Constanța,7218,Miriştea (Mereni),Miriştea,Mereni
Constanța,6981,Moşneni (23 August),Moşneni,23 August
Constanța,7170,Movila Verde (Independenţa),Movila Verde,Independenţa
Constanța,7352,Moviliţa (Topraisar),Moviliţa,Topraisar
Constanța,7240,Murfatlar (Basarabi) (Murfatlar),Murfatlar (Basarabi),Murfatlar
Constanța,7244,Năvodari,Năvodari,
Constanța,7246,Navodari Tabara,Navodari Tabara,
Constanța,7311,Nazarcea (Poarta Albă),Nazarcea,Poarta Albă
Constanța,7063,Negreşti (Cobadin),Negreşti,Cobadin
Constanța,7250,Negru Vodă,Negru Vodă,
Constanța,7030,Negureni (Băneasa),Negureni,Băneasa
Constanța,7205,Neptun (Mangalia),Neptun,Mangalia
Constanța,7266,Nicolae Bălcescu,Nicolae Bălcescu,
Constanța,7040,Nisipari (Castelu),Nisipari,Castelu
Constanța,7297,Nistoreşti (Pantelimon),Nistoreşti,Pantelimon
Constanța,7183,Nuntaşi (Istria),Nuntaşi,Istria
Constanța,7199,Oituz (Lumina),Oituz,Lumina
Constanța,7206,Olimp (Mangalia),Olimp,Mangalia
Constanța,7171,Olteni (Independenţa),Olteni,Independenţa
Constanța,7280,Oltina,Oltina,
Constanța,7219,Osmancea (Mereni),Osmancea,Mereni
Constanța,7290,Ostrov,Ostrov,
Constanța,7293,Ovidiu,Ovidiu,
Constanța,7135,Pădureni (Dobromir),Pădureni,Dobromir
Constanța,7087,Palazu Mare (Constanţa),Palazu Mare,Constanţa
Constanța,7230,Palazu Mic (Mihail Kogălniceanu),Palazu Mic,Mihail Kogălniceanu
Constanța,7298,Pantelimon,Pantelimon,
Constanța,7299,Pantelimon de Jos (Pantelimon),Pantelimon de Jos,Pantelimon
Constanța,7302,Pecineaga,Pecineaga,
Constanța,7080,Pelinu (Comana),Pelinu,Comana
Constanța,7308,Peştera,Peştera,
Constanța,7124,Petroșani (Deleni),Petroșani,Deleni
Constanța,7231,Piatra (Mihail Kogălniceanu),Piatra,Mihail Kogălniceanu
Constanța,7125,Pietreni (Deleni),Pietreni,Deleni
Constanța,7051,Plopeni (Chirnogeni),Plopeni,Chirnogeni
Constanța,7312,Poarta Albă,Poarta Albă,
Constanța,7294,Poiana (Ovidiu),Poiana,Ovidiu
Constanța,7353,Potârnichea (Topraisar),Potârnichea,Topraisar
Constanța,7069,Râmnicu de Jos (Cogealac),Râmnicu de Jos,Cogealac
Constanța,7070,Râmnicu de Sus (Cogealac),Râmnicu de Sus,Cogealac
Constanța,7179,Rariştea (Ion Corvin),Rariştea,Ion Corvin
Constanța,7315,Rasova,Rasova,
Constanța,7281,Răzoarele (Oltina),Răzoarele,Oltina
Constanța,7211,Remus Opreanu (Medgidia),Remus Opreanu,Medgidia
Constanța,7300,Runcu (Pantelimon),Runcu,Pantelimon
Constanța,7317,Săcele,Săcele,
Constanța,7321,Saligny,Saligny,
Constanța,6991,Sanatoriul Agigea (Agigea),Sanatoriul Agigea,Agigea
Constanța,7325,Saraiu,Saraiu,
Constanța,7237,Satu Nou (Mircea Vodă),Satu Nou,Mircea Vodă
Constanța,7282,Satu Nou (Oltina),Satu Nou,Oltina
Constanța,7207,Saturn (Mangalia),Saturn,Mangalia
Constanța,7099,Schitu (Costineşti),Schitu,Costineşti
Constanța,7329,Seimeni,Seimeni,
Constanța,7330,Seimenii Mici (Seimeni),Seimenii Mici,Seimeni
Constanța,7200,Sibioara (Lumina),Sibioara,Lumina
Constanța,7338,Siliştea,Siliştea,
Constanța,7241,Siminoc (Murfatlar),Siminoc,Murfatlar
Constanța,7225,Sinoie (Mihai Viteazu),Sinoie,Mihai Viteazu
Constanța,7127,Şipotele (Deleni),Şipotele,Deleni
Constanța,7108,Şiriu (Crucea),Şiriu,Crucea
Constanța,6992,Statiunea Zoologica Marina Agigea (Agigea),Statiunea Zoologica Marina Agigea,Agigea
Constanța,7322,Ştefan cel Mare (Saligny),Ştefan cel Mare,Saligny
Constanța,7326,Stejaru (Saraiu),Stejaru,Saraiu
Constanța,7112,Straja (Cumpăna),Straja,Cumpăna
Constanța,7283,Strunga (Oltina),Strunga,Oltina
Constanța,7109,Stupina (Crucea),Stupina,Crucea
Constanța,7344,Târguşor,Târguşor,
Constanța,7071,Tariverde (Cogealac),Tariverde,Cogealac
Constanța,7081,Tătaru (Comana),Tătaru,Comana
Constanța,7346,Techirghiol,Techirghiol,
Constanța,7340,Ţepeş Vodă (Siliştea),Ţepeş Vodă,Siliştea
Constanța,7238,Tibrinu (Mircea Vodă),Tibrinu,Mircea Vodă
Constanța,7166,Tichileşti (Horia),Tichileşti,Horia
Constanța,7349,Topalu,Topalu,
Constanța,7354,Topraisar,Topraisar,
Constanța,7357,Tortoman,Tortoman,
Constanța,7318,Traian (Săcele),Traian,Săcele
Constanța,7034,Tudor Vladimirescu (Băneasa),Tudor Vladimirescu,Băneasa
Constanța,7173,Tufani (Independenţa),Tufani,Independenţa
Constanța,7359,Tuzla,Tuzla,
Constanța,6986,Urluia (Adamclisi),Urluia,Adamclisi
Constanța,7096,Vadu (Corbu),Vadu,Corbu
Constanța,7160,Vadu Oii (Hârșova),Vadu Oii,Hârșova
Constanța,7251,Vâlcelele (Negru Vodă),Vâlcelele,Negru Vodă
Constanța,7212,Valea Dacilor (Medgidia),Valea Dacilor,Medgidia
Constanța,7136,Văleni (Dobromir),Văleni,Dobromir
Constanța,7361,Valu lui Traian,Valu lui Traian,
Constanța,7188,Vama Veche (Limanu),Vama Veche,Limanu
Constanța,7303,Vânători (Pecineaga),Vânători,Pecineaga
Constanța,7016,Vârtop (Albești),Vârtop,Albești
Constanța,7208,Venus (Mangalia),Venus,Mangalia
Constanța,7309,Veteranu (Peştera),Veteranu,Peştera
Constanța,7180,Viile (Ion Corvin),Viile,Ion Corvin
Constanța,7064,Viişoara (Cobadin),Viişoara,Cobadin
Constanța,7045,Viroaga (Cerchezu),Viroaga,Cerchezu
Constanța,7021,Vlahii (Aliman),Vlahii,Aliman
Constanța,7367,Vulturu,Vulturu,
Constanța,6987,Zorile (Adamclisi),Zorile,Adamclisi
Dolj,8505,Adâncata (Goieşti),Adâncata,Goieşti
Dolj,8225,Afumaţi,Afumaţi,
Dolj,8674,Albeşti (Şimnicu de Sus),Albeşti,Şimnicu de Sus
Dolj,8229,Almăj,Almăj,
Dolj,8461,Almăjel (Filiaşi),Almăjel,Filiaşi
Dolj,8455,Amărăşti (Fărcaş),Amărăşti,Fărcaş
Dolj,8234,Amărăştii de Jos,Amărăştii de Jos,
Dolj,8238,Amărăştii de Sus,Amărăştii de Sus,
Dolj,8241,Apele Vii,Apele Vii,
Dolj,8243,Argetoaia,Argetoaia,
Dolj,8293,Bădoşi (Bratovoeşti),Bădoşi,Bratovoeşti
Dolj,8256,Băileşti,Băileşti,
Dolj,8257,Balasan (Băileşti),Balasan,Băileşti
Dolj,8578,Balota de Jos (Murgaşi),Balota de Jos,Murgaşi
Dolj,8579,Balota de Sus (Murgaşi),Balota de Sus,Murgaşi
Dolj,8462,Balta (Filiaşi),Balta,Filiaşi
Dolj,8616,Balta Verde (Podari),Balta Verde,Podari
Dolj,8244,Băranu (Argetoaia),Băranu,Argetoaia
Dolj,8519,Bărboi (Greceşti),Bărboi,Greceşti
Dolj,8259,Bârca,Bârca,
Dolj,8326,Basarabi (Calafat),Basarabi,Calafat
Dolj,8687,Başcov (Sopot),Başcov,Sopot
Dolj,8338,Bâzdâna (Calopăr),Bâzdâna,Calopăr
Dolj,8261,Bechet,Bechet,
Dolj,8589,Bechet (Orodel),Bechet,Orodel
Dolj,8400,Beharca (Coţofenii din Faţă),Beharca,Coţofenii din Faţă
Dolj,8339,Belcinu (Calopăr),Belcinu,Calopăr
Dolj,8688,Beloţ (Sopot),Beloţ,Sopot
Dolj,8441,Beneşti (Drăgoteşti),Beneşti,Drăgoteşti
Dolj,8245,Berbeşu (Argetoaia),Berbeşu,Argetoaia
Dolj,8263,Bistreţ,Bistreţ,
Dolj,8264,Bistreţu Nou (Bistreţ),Bistreţu Nou,Bistreţ
Dolj,8442,Bobeanu (Drăgoteşti),Bobeanu,Drăgoteşti
Dolj,8553,Bodăieşti (Melineşti),Bodăieşti,Melineşti
Dolj,8554,Bodăieştii de Sus (Melineşti),Bodăieştii de Sus,Melineşti
Dolj,8230,Bogea (Almăj),Bogea,Almăj
Dolj,8636,Bojoiu (Robăneşti),Bojoiu,Robăneşti
Dolj,8450,Booveni (Drănic),Booveni,Drănic
Dolj,8268,Botoşeşti-Paia,Botoşeşti-Paia,
Dolj,8226,Boureni (Afumaţi),Boureni,Afumaţi
Dolj,8412,Brabeţi (Daneţi),Brabeţi,Daneţi
Dolj,8270,Brabova,Brabova,
Dolj,8277,Brădesti (Brădeşti),Brădesti,Brădeşti
Dolj,8278,Brădeştii Bătrâni (Brădeşti),Brădeştii Bătrâni,Brădeşti
Dolj,8286,Braloştiţa,Braloştiţa,
Dolj,8265,Brânduşa (Bistreţ),Brânduşa,Bistreţ
Dolj,8413,Branişte (Daneţi),Branişte,Daneţi
Dolj,8463,Branişte (Filiaşi),Branişte,Filiaşi
Dolj,8617,Branişte (Podari),Branişte,Podari
Dolj,8294,Bratovoeşti,Bratovoeşti,
Dolj,8298,Breasta,Breasta,
Dolj,8626,Bucicani (Predeşti),Bucicani,Predeşti
Dolj,8307,Bucovăţ,Bucovăţ,
Dolj,8755,Bucovicior (Vela),Bucovicior,Vela
Dolj,8746,Bujor (Vârvoru de Jos),Bujor,Vârvoru de Jos
Dolj,8315,Bulzeşti,Bulzeşti,
Dolj,8580,Buşteni (Murgaşi),Buşteni,Murgaşi
Dolj,8520,Busu (Greceşti),Busu,Greceşti
Dolj,8521,Busuleţu (Greceşti),Busuleţu,Greceşti
Dolj,8443,Buzduc (Drăgoteşti),Buzduc,Drăgoteşti
Dolj,8423,Căciulăteşti (Dobreşti),Căciulăteşti,Dobreşti
Dolj,8704,Căciulatu (Terpeziţa),Căciulatu,Terpeziţa
Dolj,8327,Calafat,Calafat,
Dolj,8332,Călăraşi,Călăraşi,
Dolj,8567,Călineşti (Mischii),Călineşti,Mischii
Dolj,8340,Calopăr,Calopăr,
Dolj,8590,Călugărei (Orodel),Călugărei,Orodel
Dolj,8601,Câmpeni (Pieleşti),Câmpeni,Pieleşti
Dolj,8271,Caraiman (Brabova),Caraiman,Brabova
Dolj,8344,Caraula,Caraula,
Dolj,8393,Carcea (Coşoveni),Carcea,Coşoveni
Dolj,8308,Cârligei (Bucovăţ),Cârligei,Bucovăţ
Dolj,8346,Cârna,Cârna,
Dolj,8348,Carpen,Carpen,
Dolj,8611,Cârstovani (Pleşoi),Cârstovani,Pleşoi
Dolj,8705,Căruia (Terpeziţa),Căruia,Terpeziţa
Dolj,8352,Castranova,Castranova,
Dolj,8608,Castrele Traiane (Pleniţa),Castrele Traiane,Pleniţa
Dolj,8355,Catane,Catane,
Dolj,8356,Catanele Noi (Catane),Catanele Noi,Catane
Dolj,8358,Celaru,Celaru,
Dolj,8364,Cerăt,Cerăt,
Dolj,8689,Cernat (Sopot),Cernat,Sopot
Dolj,8370,Cernăteşti,Cernăteşti,
Dolj,8380,Cetate,Cetate,
Dolj,8386,Cetăţuia (Cioroiaşi),Cetăţuia,Cioroiaşi
Dolj,8756,Cetăţuia (Vela),Cetăţuia,Vela
Dolj,8409,Chiaşu (Dăbuleni),Chiaşu,Dăbuleni
Dolj,8287,Ciocanele (Braloştiţa),Ciocanele,Braloştiţa
Dolj,8419,Ciocăneşti (Dioşti),Ciocăneşti,Dioşti
Dolj,8387,Cioroiaşi,Cioroiaşi,
Dolj,8388,Cioroiu Nou (Cioroiaşi),Cioroiu Nou,Cioroiaşi
Dolj,8390,Ciupercenii Noi,Ciupercenii Noi,
Dolj,8328,Ciupercenii Vechi (Calafat),Ciupercenii Vechi,Calafat
Dolj,8747,Ciutura (Vârvoru de Jos),Ciutura,Vârvoru de Jos
Dolj,8349,Cleanov (Carpen),Cleanov,Carpen
Dolj,8665,Comănicea (Secu),Comănicea,Secu
Dolj,8473,Comoşteni (Gângiova),Comoşteni,Gângiova
Dolj,8530,Corlate (Izvoare),Corlate,Izvoare
Dolj,8675,Cornetu (Şimnicu de Sus),Cornetu,Şimnicu de Sus
Dolj,8371,Corniţa (Cernăteşti),Corniţa,Cernăteşti
Dolj,8591,Cornu (Orodel),Cornu,Orodel
Dolj,8714,Coşereni (Teslui),Coşereni,Teslui
Dolj,8394,Coşoveni,Coşoveni,
Dolj,8396,Coţofenii din Dos,Coţofenii din Dos,
Dolj,8401,Coţofenii din Faţă,Coţofenii din Faţă,
Dolj,8299,Cotu (Breasta),Cotu,Breasta
Dolj,8227,Covei (Afumaţi),Covei,Afumaţi
Dolj,8403,Craiova,Craiova,
Dolj,8748,Criva (Vârvoru de Jos),Criva,Vârvoru de Jos
Dolj,8300,Crovna (Breasta),Crovna,Breasta
Dolj,8492,Curmătura (Giurgiţa),Curmătura,Giurgiţa
Dolj,8410,Dăbuleni,Dăbuleni,
Dolj,8414,Daneţi,Daneţi,
Dolj,8676,Deleni (Şimnicu de Sus),Deleni,Şimnicu de Sus
Dolj,8417,Desa,Desa,
Dolj,8757,Desnăţui (Vela),Desnăţui,Vela
Dolj,8420,Dioşti,Dioşti,
Dolj,8426,Dobreşti,Dobreşti,
Dolj,8574,Dobridor (Moţăţei),Dobridor,Moţăţei
Dolj,8749,Dobromira (Vârvoru de Jos),Dobromira,Vârvoru de Jos
Dolj,8437,Dobroteşti,Dobroteşti,
Dolj,8531,Domnu Tudor (Izvoare),Domnu Tudor,Izvoare
Dolj,8750,Drăgoaia (Vârvoru de Jos),Drăgoaia,Vârvoru de Jos
Dolj,8445,Drăgoteşti,Drăgoteşti,
Dolj,8451,Drănic,Drănic,
Dolj,8677,Dudoviceşti (Şimnicu de Sus),Dudoviceşti,Şimnicu de Sus
Dolj,8678,Duţuleşti (Şimnicu de Sus),Duţuleşti,Şimnicu de Sus
Dolj,8404,Făcăi (Craiova),Făcăi,Craiova
Dolj,8301,Făget (Breasta),Făget,Breasta
Dolj,8630,Fântânele (Radovan),Fântânele,Radovan
Dolj,8716,Fântânele (Teslui),Fântânele,Teslui
Dolj,8506,Fântâni (Goieşti),Fântâni,Goieşti
Dolj,8456,Fărcaş,Fărcaş,
Dolj,8493,Filaret (Giurgiţa),Filaret,Giurgiţa
Dolj,8464,Filiaşi,Filiaşi,
Dolj,8706,Floran (Terpeziţa),Floran,Terpeziţa
Dolj,8679,Floreşti (Şimnicu de Sus),Floreşti,Şimnicu de Sus
Dolj,8452,Foişor (Drănic),Foişor,Drănic
Dolj,8612,Frasin (Pleşoi),Frasin,Pleşoi
Dolj,8316,Frăţila (Bulzeşti),Frăţila,Bulzeşti
Dolj,8465,Fratoştiţa (Filiaşi),Fratoştiţa,Filiaşi
Dolj,8751,Gabru (Vârvoru de Jos),Gabru,Vârvoru de Jos
Dolj,8581,Gaia (Murgaşi),Gaia,Murgaşi
Dolj,8469,Galicea Mare,Galicea Mare,
Dolj,8471,Galiciuica,Galiciuica,
Dolj,8474,Gângiova,Gângiova,
Dolj,8476,Gârleşti (Gherceşti),Gârleşti,Gherceşti
Dolj,8350,Gebleşti (Carpen),Gebleşti,Carpen
Dolj,8428,Georocel (Dobreşti),Georocel,Dobreşti
Dolj,8295,Georocu Mare (Bratovoeşti),Georocu Mare,Bratovoeşti
Dolj,8477,Gherceşti,Gherceşti,
Dolj,8482,Ghidici,Ghidici,
Dolj,8484,Ghindeni,Ghindeni,
Dolj,8359,Ghizdăveşti (Celaru),Ghizdăveşti,Celaru
Dolj,8486,Gighera,Gighera,
Dolj,8490,Giubega,Giubega,
Dolj,8494,Giurgiţa,Giurgiţa,
Dolj,8555,Godeni (Melineşti),Godeni,Melineşti
Dolj,8568,Gogoşeşti (Mischii),Gogoşeşti,Mischii
Dolj,8498,Gogoşiţa (Gogoşu),Gogoşiţa,Gogoşu
Dolj,8499,Gogoşu,Gogoşu,
Dolj,8503,Goicea,Goicea,
Dolj,8507,Goieşti,Goieşti,
Dolj,8329,Golenţi (Calafat),Golenţi,Calafat
Dolj,8637,Golfin (Robăneşti),Golfin,Robăneşti
Dolj,8457,Golumbelu (Fărcaş),Golumbelu,Fărcaş
Dolj,8458,Golumbu (Fărcaş),Golumbu,Fărcaş
Dolj,8522,Grădiştea (Greceşti),Grădiştea,Greceşti
Dolj,8523,Greceşti,Greceşti,
Dolj,8524,Gropanele (Greceşti),Gropanele,Greceşti
Dolj,8508,Gruiţa (Goieşti),Gruiţa,Goieşti
Dolj,8758,Gubaucea (Vela),Gubaucea,Vela
Dolj,8317,Gura Racului (Bulzeşti),Gura Racului,Bulzeşti
Dolj,8618,Gura Văii (Podari),Gura Văii,Podari
Dolj,8741,Horezu-Poenari (Valea Stanciului),Horezu-Poenari,Valea Stanciului
Dolj,8545,Hunia (Maglavit),Hunia,Maglavit
Dolj,8318,Înfrăţirea (Bulzeşti),Înfrăţirea,Bulzeşti
Dolj,8526,Întorsura,Întorsura,
Dolj,8246,Iordăcheşti (Argetoaia),Iordăcheşti,Argetoaia
Dolj,8528,Işalniţa,Işalniţa,
Dolj,8309,Italieni (Bucovăţ),Italieni,Bucovăţ
Dolj,8532,Izvoare,Izvoare,
Dolj,8680,Izvor (Şimnicu de Sus),Izvor,Şimnicu de Sus
Dolj,8681,Jieni (Şimnicu de Sus),Jieni,Şimnicu de Sus
Dolj,8725,Jiul (Ţuglui),Jiul,Ţuglui
Dolj,8638,Lăcriţa Mare (Robăneşti),Lăcriţa Mare,Robăneşti
Dolj,8639,Lăcriţa Mică (Robăneşti),Lăcriţa Mică,Robăneşti
Dolj,8602,Lânga (Pieleşti),Lânga,Pieleşti
Dolj,8707,Lazu (Terpeziţa),Lazu,Terpeziţa
Dolj,8310,Leamna de Jos (Bucovăţ),Leamna de Jos,Bucovăţ
Dolj,8311,Leamna de Sus (Bucovăţ),Leamna de Sus,Bucovăţ
Dolj,8247,Leordoasa (Argetoaia),Leordoasa,Argetoaia
Dolj,8682,Leşile (Şimnicu de Sus),Leşile,Şimnicu de Sus
Dolj,8534,Leu,Leu,
Dolj,8537,Lipovu,Lipovu,
Dolj,8538,Lipovu de Sus (Lipovu),Lipovu de Sus,Lipovu
Dolj,8595,Lişteava (Ostroveni),Lişteava,Ostroveni
Dolj,8619,Livezi (Podari),Livezi,Podari
Dolj,8415,Locusteni (Daneţi),Locusteni,Daneţi
Dolj,8478,Luncşoru (Gherceşti),Luncşoru,Gherceşti
Dolj,8540,Măceşu de Jos,Măceşu de Jos,
Dolj,8543,Măceşu de Sus,Măceşu de Sus,
Dolj,8546,Maglavit,Maglavit,
Dolj,8509,Mălăeşti (Goieşti),Mălăeşti,Goieşti
Dolj,8365,Malaica (Cerăt),Malaica,Cerăt
Dolj,8548,Malu Mare,Malu Mare,
Dolj,8248,Malumnic (Argetoaia),Malumnic,Argetoaia
Dolj,8598,Mărăcinele (Perişor),Mărăcinele,Perişor
Dolj,8360,Marotinu de Jos (Celaru),Marotinu de Jos,Celaru
Dolj,8361,Marotinu de Sus (Celaru),Marotinu de Sus,Celaru
Dolj,8551,Mârşani,Mârşani,
Dolj,8650,Mârza (Sălcuţa),Mârza,Sălcuţa
Dolj,8556,Melineşti,Melineşti,
Dolj,8279,Meteu (Brădeşti),Meteu,Brădeşti
Dolj,8397,Mihăiţa (Coţofenii din Dos),Mihăiţa,Coţofenii din Dos
Dolj,8683,Mileşti (Şimnicu de Sus),Mileşti,Şimnicu de Sus
Dolj,8613,Milovan (Pleşoi),Milovan,Pleşoi
Dolj,8569,Mischii,Mischii,
Dolj,8570,Mlecăneşti (Mischii),Mlecăneşti,Mischii
Dolj,8405,Mofleni (Craiova),Mofleni,Craiova
Dolj,8695,Mofleşti (Tălpaş),Mofleşti,Tălpaş
Dolj,8510,Mogoşeşti (Goieşti),Mogoşeşti,Goieşti
Dolj,8381,Moreni (Cetate),Moreni,Cetate
Dolj,8272,Mosna (Brabova),Mosna,Brabova
Dolj,8231,Moşneni (Almăj),Moşneni,Almăj
Dolj,8575,Moţăţei,Moţăţei,
Dolj,8576,Moţăţei-Gară (Moţăţei),Moţăţei-Gară,Moţăţei
Dolj,8571,Motoci (Mischii),Motoci,Mischii
Dolj,8511,Muereni (Goieşti),Muereni,Goieşti
Dolj,8557,Muieruşu (Melineşti),Muieruşu,Melineşti
Dolj,8582,Murgaşi,Murgaşi,
Dolj,8431,Murta (Dobreşti),Murta,Dobreşti
Dolj,8487,Nedeia (Gighera),Nedeia,Gighera
Dolj,8587,Negoi,Negoi,
Dolj,8558,Negoieşti (Melineşti),Negoieşti,Melineşti
Dolj,8439,Nisipuri (Dobroteşti),Nisipuri,Dobroteşti
Dolj,8696,Nistoi (Tălpaş),Nistoi,Tălpaş
Dolj,8249,Novac (Argetoaia),Novac,Argetoaia
Dolj,8302,Obedin (Breasta),Obedin,Breasta
Dolj,8235,Ocolna (Amărăştii de Jos),Ocolna,Amărăştii de Jos
Dolj,8559,Odoleni (Melineşti),Odoleni,Melineşti
Dolj,8560,Ohaba (Melineşti),Ohaba,Melineşti
Dolj,8592,Orodel,Orodel,
Dolj,8596,Ostroveni,Ostroveni,
Dolj,8453,Padea (Drănic),Padea,Drănic
Dolj,8312,Palilula (Bucovăţ),Palilula,Bucovăţ
Dolj,8341,Panaghia (Calopăr),Panaghia,Calopăr
Dolj,8690,Pereni (Sopot),Pereni,Sopot
Dolj,8599,Perişor,Perişor,
Dolj,8583,Picăturile (Murgaşi),Picăturile,Murgaşi
Dolj,8603,Pieleşti,Pieleşti,
Dolj,8691,Pietroaia (Sopot),Pietroaia,Sopot
Dolj,8512,Pioreşti (Goieşti),Pioreşti,Goieşti
Dolj,8250,Piria (Argetoaia),Piria,Argetoaia
Dolj,8280,Piscani (Brădeşti),Piscani,Brădeşti
Dolj,8319,Piscu Lung (Bulzeşti),Piscu Lung,Bulzeşti
Dolj,8658,Piscu Nou (Seaca de Câmp),Piscu Nou,Seaca de Câmp
Dolj,8647,Piscu Sadovei (Sadova),Piscu Sadovei,Sadova
Dolj,8605,Piscu Vechi,Piscu Vechi,
Dolj,8606,Pisculeţ (Piscu Vechi),Pisculeţ,Piscu Vechi
Dolj,8609,Pleniţa,Pleniţa,
Dolj,8614,Pleşoi,Pleşoi,
Dolj,8651,Plopşor (Sălcuţa),Plopşor,Sălcuţa
Dolj,8459,Plopu-Amărăşti (Fărcaş),Plopu-Amărăşti,Fărcaş
Dolj,8266,Plosca (Bistreţ),Plosca,Bistreţ
Dolj,8561,Ploştina (Melineşti),Ploştina,Melineşti
Dolj,8620,Podari,Podari,
Dolj,8251,Poiana Fântânii (Argetoaia),Poiana Fântânii,Argetoaia
Dolj,8622,Poiana Mare,Poiana Mare,
Dolj,8320,Poienile (Bulzeşti),Poienile,Bulzeşti
Dolj,8513,Pometeşti (Goieşti),Pometeşti,Goieşti
Dolj,8446,Popânzăleşti (Drăgoteşti),Popânzăleşti,Drăgoteşti
Dolj,8514,Popeasa (Goieşti),Popeasa,Goieşti
Dolj,8562,Popeşti (Melineşti),Popeşti,Melineşti
Dolj,8406,Popoveni (Craiova),Popoveni,Craiova
Dolj,8398,Potmelţu (Coţofenii din Dos),Potmelţu,Coţofenii din Dos
Dolj,8236,Prapor (Amărăştii de Jos),Prapor,Amărăştii de Jos
Dolj,8549,Preajba (Malu Mare),Preajba,Malu Mare
Dolj,8717,Preajba de Jos (Teslui),Preajba de Jos,Teslui
Dolj,8718,Preajba de Pădure (Teslui),Preajba de Pădure,Teslui
Dolj,8627,Predeşti,Predeşti,
Dolj,8628,Predeştii Mici (Predeşti),Predeştii Mici,Predeşti
Dolj,8321,Prejoi (Bulzeşti),Prejoi,Bulzeşti
Dolj,8296,Prunet (Bratovoeşti),Prunet,Bratovoeşti
Dolj,8697,Puţinei (Tălpaş),Puţinei,Tălpaş
Dolj,8353,Puţuri (Castranova),Puţuri,Castranova
Dolj,8281,Răcari (Brădeşti),Răcari,Brădeşti
Dolj,8466,Răcarii de Sus (Filiaşi),Răcarii de Sus,Filiaşi
Dolj,8273,Răchita de Jos (Brabova),Răchita de Jos,Brabova
Dolj,8661,Răchita de Sus (Seaca de Pădure),Răchita de Sus,Seaca de Pădure
Dolj,8288,Racoviţa (Braloştiţa),Racoviţa,Braloştiţa
Dolj,8421,Radomir (Dioşti),Radomir,Dioşti
Dolj,8631,Radovan,Radovan,
Dolj,8374,Rasnicu Bătrân (Cernăteşti),Rasnicu Bătrân,Cernăteşti
Dolj,8375,Rasnicu Oghian (Cernăteşti),Rasnicu Oghian,Cernăteşti
Dolj,8634,Rast,Rast,
Dolj,8640,Robăneşti,Robăneşti,
Dolj,8641,Robăneştii de Jos (Robăneşti),Robăneştii de Jos,Robăneşti
Dolj,8642,Robăneştii de Sus (Robăneşti),Robăneştii de Sus,Robăneşti
Dolj,8644,Rojişte,Rojişte,
Dolj,8684,Româneşti (Şimnicu de Sus),Româneşti,Şimnicu de Sus
Dolj,8303,Roşieni (Breasta),Roşieni,Breasta
Dolj,8584,Rupturile (Murgaşi),Rupturile,Murgaşi
Dolj,8648,Sadova,Sadova,
Dolj,8252,Salcia (Argetoaia),Salcia,Argetoaia
Dolj,8342,Sălcuţa (Calopăr),Sălcuţa,Calopăr
Dolj,8652,Sălcuţa,Sălcuţa,
Dolj,8322,Sălişte (Bulzeşti),Sălişte,Bulzeşti
Dolj,8541,Săpata (Măceşu de Jos),Săpata,Măceşu de Jos
Dolj,8336,Sărata (Călăraşi),Sărata,Călăraşi
Dolj,8313,Sărbătoarea (Bucovăţ),Sărbătoarea,Bucovăţ
Dolj,8692,Sârsca (Sopot),Sârsca,Sopot
Dolj,8655,Scaeşti (Scăeşti),Scaeşti,Scăeşti
Dolj,8289,Schitu (Braloştiţa),Schitu,Braloştiţa
Dolj,8659,Seaca de Câmp,Seaca de Câmp,
Dolj,8662,Seaca de Pădure,Seaca de Pădure,
Dolj,8666,Secu,Secu,
Dolj,8701,Secui (Teasc),Secui,Teasc
Dolj,8323,Seculeşti (Bulzeşti),Seculeşti,Bulzeşti
Dolj,8670,Segarcea,Segarcea,
Dolj,8759,Segleţ (Vela),Segleţ,Vela
Dolj,8290,Sfîrcea (Braloştiţa),Sfîrcea,Braloştiţa
Dolj,8672,Siliştea Crucii,Siliştea Crucii,
Dolj,8407,Şimnicu de Jos (Craiova),Şimnicu de Jos,Craiova
Dolj,8685,Şimnicu de Sus,Şimnicu de Sus,
Dolj,8232,Şitoaia (Almăj),Şitoaia,Almăj
Dolj,8667,Smadovicioara de Secu (Secu),Smadovicioara de Secu,Secu
Dolj,8391,Smârdan (Ciupercenii Noi),Smârdan,Ciupercenii Noi
Dolj,8698,Soceni (Tălpaş),Soceni,Tălpaş
Dolj,8693,Sopot,Sopot,
Dolj,8362,Soreni (Celaru),Soreni,Celaru
Dolj,8563,Spineni (Melineşti),Spineni,Melineşti
Dolj,8501,Ştefănel (Gogoşu),Ştefănel,Gogoşu
Dolj,8760,Ştiubei (Vela),Ştiubei,Vela
Dolj,8324,Stoiceşti (Bulzeşti),Stoiceşti,Bulzeşti
Dolj,8761,Suharu (Vela),Suharu,Vela
Dolj,8668,Şumandra (Secu),Şumandra,Secu
Dolj,8699,Tălpaş,Tălpaş,
Dolj,8645,Tâmbureşti (Rojişte),Tâmbureşti,Rojişte
Dolj,8515,Ţandăra (Goieşti),Ţandăra,Goieşti
Dolj,8632,Târnava (Radovan),Târnava,Radovan
Dolj,8720,Ţărţăl (Teslui),Ţărţăl,Teslui
Dolj,8284,Tatomireşti (Brădeşti),Tatomireşti,Brădeşti
Dolj,8702,Teasc,Teasc,
Dolj,8253,Teascu din Deal (Argetoaia),Teascu din Deal,Argetoaia
Dolj,8593,Teiu (Orodel),Teiu,Orodel
Dolj,8653,Tencănău (Sălcuţa),Tencănău,Sălcuţa
Dolj,8708,Terpeziţa,Terpeziţa,
Dolj,8721,Teslui,Teslui,
Dolj,8376,Ţiu (Cernăteşti),Ţiu,Cernăteşti
Dolj,8433,Toceni (Dobreşti),Toceni,Dobreşti
Dolj,8726,Ţuglui,Ţuglui,
Dolj,8623,Tunarii Noi (Poiana Mare),Tunarii Noi,Poiana Mare
Dolj,8624,Tunarii Vechi (Poiana Mare),Tunarii Vechi,Poiana Mare
Dolj,8479,Ungureni (Gherceşti),Ungureni,Gherceşti
Dolj,8480,Ungurenii Mici (Gherceşti),Ungurenii Mici,Gherceşti
Dolj,8735,Unirea,Unirea,
Dolj,8274,Urdiniţa (Brabova),Urdiniţa,Brabova
Dolj,8572,Urecheşti (Mischii),Urecheşti,Mischii
Dolj,8722,Urieni (Teslui),Urieni,Teslui
Dolj,8254,Ursoaia (Argetoaia),Ursoaia,Argetoaia
Dolj,8738,Urzica Mare (Urzicuţa),Urzica Mare,Urzicuţa
Dolj,8739,Urzicuţa,Urzicuţa,
Dolj,8467,Uscăci (Filiaşi),Uscăci,Filiaşi
Dolj,8291,Valea Fântânilor (Braloştiţa),Valea Fântânilor,Braloştiţa
Dolj,8656,Valea lui Pătru (Scăeşti),Valea lui Pătru,Scăeşti
Dolj,8304,Valea Lungului (Breasta),Valea Lungului,Breasta
Dolj,8564,Valea Mare (Melineşti),Valea Mare,Melineşti
Dolj,8565,Valea Muierii de Jos (Melineşti),Valea Muierii de Jos,Melineşti
Dolj,8742,Valea Stanciului,Valea Stanciului,
Dolj,8744,Vârtop,Vârtop,
Dolj,8752,Vârvor (Vârvoru de Jos),Vârvor,Vârvoru de Jos
Dolj,8753,Vârvoru de Jos,Vârvoru de Jos,
Dolj,8762,Vela,Vela,
Dolj,8663,Veleni (Seaca de Pădure),Veleni,Seaca de Pădure
Dolj,8585,Veleşti (Murgaşi),Veleşti,Murgaşi
Dolj,8764,Verbicioara (Verbiţa),Verbicioara,Verbiţa
Dolj,8765,Verbiţa,Verbiţa,
Dolj,8448,Viişoara (Drăgoteşti),Viişoara,Drăgoteşti
Dolj,8723,Viişoara-Moşneni (Teslui),Viişoara-Moşneni,Teslui
Dolj,8516,Vladimir (Goieşti),Vladimir,Goieşti
Dolj,8275,Voita (Brabova),Voita,Brabova
Dolj,8535,Zănoaga (Leu),Zănoaga,Leu
Dolj,8488,Zăval (Gighera),Zăval,Gighera
Dolj,8517,Zlătari (Goieşti),Zlătari,Goieşti
Dolj,8239,Zvorsca (Amărăştii de Sus),Zvorsca,Amărăştii de Sus
Dâmbovița,7843,Adânca (Gura Ocniţei),Adânca,Gura Ocniţei
Dâmbovița,7958,Aluniş (Pietrari),Aluniş,Pietrari
Dâmbovița,7706,Alunişu (Cornăţelu),Alunişu,Cornăţelu
Dâmbovița,7570,Aninoasa,Aninoasa,
Dâmbovița,7647,Aninoşani (Cândeşti),Aninoşani,Cândeşti
Dâmbovița,8127,Băceşti (Valea Lungă),Băceşti,Valea Lungă
Dâmbovița,8032,Bădeni (Runcu),Bădeni,Runcu
Dâmbovița,7735,Băduleşti (Crângurile),Băduleşti,Crângurile
Dâmbovița,7996,Bălăneşti (Răcari),Bălăneşti,Răcari
Dâmbovița,8074,Bâldana (Tărtăşeşti),Bâldana,Tărtăşeşti
Dâmbovița,7582,Băleni,Băleni,
Dâmbovița,7583,Băleni-Români (Băleni),Băleni-Români,Băleni
Dâmbovița,7584,Băleni-Sârbi (Băleni),Băleni-Sârbi,Băleni
Dâmbovița,7687,Bălteni (Conţeşti),Bălteni,Conţeşti
Dâmbovița,8051,Băneşti (Sălcioara),Băneşti,Sălcioara
Dâmbovița,7696,Bărăceni (Corbii Mari),Bărăceni,Corbii Mari
Dâmbovița,7642,Bărbuceanu (Butimanu),Bărbuceanu,Butimanu
Dâmbovița,7586,Bărbuleţu,Bărbuleţu,
Dâmbovița,7819,Bechineşti (Finta),Bechineşti,Finta
Dâmbovița,7988,Bela (Pucioasa),Bela,Pucioasa
Dâmbovița,7815,Berevoeşti (Fieni),Berevoeşti,Fieni
Dâmbovița,7590,Bezdead,Bezdead,
Dâmbovița,7597,Bilciureşti,Bilciureşti,
Dâmbovița,7668,Blidari (Cobia),Blidari,Cobia
Dâmbovița,7784,Boboci (Dragodana),Boboci,Dragodana
Dâmbovița,7707,Bolovani (Cornăţelu),Bolovani,Cornăţelu
Dâmbovița,7688,Boteni (Conţeşti),Boteni,Conţeşti
Dâmbovița,7982,Brădăţel (Pucheni),Brădăţel,Pucheni
Dâmbovița,7938,Brâncoveanu (Odobeşti),Brâncoveanu,Odobeşti
Dâmbovița,7601,Brăneşti,Brăneşti,
Dâmbovița,7611,Braniştea,Braniştea,
Dâmbovița,8123,Brăteştii de Jos (Văcăreşti),Brăteştii de Jos,Văcăreşti
Dâmbovița,8035,Brebu (Runcu),Brebu,Runcu
Dâmbovița,7621,Brezoaele,Brezoaele,
Dâmbovița,7622,Brezoaia (Brezoaele),Brezoaia,Brezoaele
Dâmbovița,7591,Broşteni (Bezdead),Broşteni,Bezdead
Dâmbovița,7978,Broşteni (Produleşti),Broşteni,Produleşti
Dâmbovița,8172,Broşteni (Vişina),Broşteni,Vişina
Dâmbovița,7624,Buciumeni,Buciumeni,
Dâmbovița,7632,Bucşani,Bucşani,
Dâmbovița,7713,Bujoreanca (Corneşti),Bujoreanca,Corneşti
Dâmbovița,7838,Bumbuia (Gura Foii),Bumbuia,Gura Foii
Dâmbovița,8124,Bungetu (Văcăreşti),Bungetu,Văcăreşti
Dâmbovița,7785,Burduca (Dragodana),Burduca,Dragodana
Dâmbovița,7643,Butimanu,Butimanu,
Dâmbovița,7851,Butoiu de Jos (Hulubeşti),Butoiu de Jos,Hulubeşti
Dâmbovița,7852,Butoiu de Sus (Hulubeşti),Butoiu de Sus,Hulubeşti
Dâmbovița,7669,Călugăreni (Cobia),Călugăreni,Cobia
Dâmbovița,7689,Călugăreni (Conţeşti),Călugăreni,Conţeşti
Dâmbovița,7649,Cândeşti,Cândeşti,
Dâmbovița,7650,Cândeşti-Deal (Cândeşti),Cândeşti-Deal,Cândeşti
Dâmbovița,7651,Cândeşti-Vale (Cândeşti),Cândeşti-Vale,Cândeşti
Dâmbovița,8079,Căprioru (Tătărani),Căprioru,Tătărani
Dâmbovița,7670,Căpşuna (Cobia),Căpşuna,Cobia
Dâmbovița,7882,Capu Coastei (Malu cu Flori),Capu Coastei,Malu cu Flori
Dâmbovița,8164,Cârlăneşti (Vârfuri),Cârlăneşti,Vârfuri
Dâmbovița,7839,Catanele (Gura Foii),Catanele,Gura Foii
Dâmbovița,7714,Cătunu (Corneşti),Cătunu,Corneşti
Dâmbovița,8052,Cătunu (Sălcioara),Cătunu,Sălcioara
Dâmbovița,7931,Cazaci (Nucet),Cazaci,Nucet
Dâmbovița,7587,Cetăţuia (Bărbuleţu),Cetăţuia,Bărbuleţu
Dâmbovița,7904,Chirca (Mogoşani),Chirca,Mogoşani
Dâmbovița,7925,Ciocănari (Niculeşti),Ciocănari,Niculeşti
Dâmbovița,7662,Ciocăneşti,Ciocăneşti,
Dâmbovița,7949,Coada Izvorului (Petreşti),Coada Izvorului,Petreşti
Dâmbovița,7671,Cobia,Cobia,
Dâmbovița,7672,Cobiuţa (Cobia),Cobiuţa,Cobia
Dâmbovița,7745,Cocani (Crevedia),Cocani,Crevedia
Dâmbovița,7680,Cojasca,Cojasca,
Dâmbovița,7905,Cojocaru (Mogoşani),Cojocaru,Mogoşani
Dâmbovița,8165,Cojoiu (Vârfuri),Cojoiu,Vârfuri
Dâmbovița,7997,Colacu (Răcari),Colacu,Răcari
Dâmbovița,8108,Colanu (Ulmi),Colanu,Ulmi
Dâmbovița,7861,Colibaşi (Iedera),Colibaşi,Iedera
Dâmbovița,7684,Comişani,Comişani,
Dâmbovița,7690,Conţeşti,Conţeşti,
Dâmbovița,7883,Copăceni (Malu cu Flori),Copăceni,Malu cu Flori
Dâmbovița,7697,Corbii Mari,Corbii Mari,
Dâmbovița,7708,Cornăţelu,Cornăţelu,
Dâmbovița,7715,Corneşti,Corneşti,
Dâmbovița,7709,Corni (Cornăţelu),Corni,Cornăţelu
Dâmbovița,7816,Costeşti (Fieni),Costeşti,Fieni
Dâmbovița,7979,Costeştii din Deal (Produleşti),Costeştii din Deal,Produleşti
Dâmbovița,7731,Costeştii din Vale,Costeştii din Vale,
Dâmbovița,7592,Costişata (Bezdead),Costişata,Bezdead
Dâmbovița,7673,Crăciuneşti (Cobia),Crăciuneşti,Cobia
Dâmbovița,7691,Crângaşi (Conţeşti),Crângaşi,Conţeşti
Dâmbovița,7736,Crângurile,Crângurile,
Dâmbovița,7737,Crângurile de Jos (Crângurile),Crângurile de Jos,Crângurile
Dâmbovița,7738,Crângurile de Sus (Crângurile),Crângurile de Sus,Crângurile
Dâmbovița,7663,Creţu (Ciocăneşti),Creţu,Ciocăneşti
Dâmbovița,7896,Creţuleşti (Mătăsaru),Creţuleşti,Mătăsaru
Dâmbovița,7746,Crevedia,Crevedia,
Dâmbovița,7862,Cricovu Dulce (Iedera),Cricovu Dulce,Iedera
Dâmbovița,7716,Cristeasca (Corneşti),Cristeasca,Corneşti
Dâmbovița,7717,Crivăţu (Corneşti),Crivăţu,Corneşti
Dâmbovița,8098,Croitori (Ulieşti),Croitori,Ulieşti
Dâmbovița,7940,Crovu (Odobeşti),Crovu,Odobeşti
Dâmbovița,7922,Cucuteni (Moţăieni),Cucuteni,Moţăieni
Dâmbovița,7786,Cuparu (Dragodana),Cuparu,Dragodana
Dâmbovița,8053,Cuza Vodă (Sălcioara),Cuza Vodă,Sălcioara
Dâmbovița,7613,Dâmbovicioara (Braniştea),Dâmbovicioara,Braniştea
Dâmbovița,7754,Dărmăneşti,Dărmăneşti,
Dâmbovița,7747,Dârza (Crevedia),Dârza,Crevedia
Dâmbovița,7965,Dealu Frumos (Pietroşiţa),Dealu Frumos,Pietroşiţa
Dâmbovița,7625,Dealu Mare (Buciumeni),Dealu Mare,Buciumeni
Dâmbovița,7664,Decindea (Ciocăneşti),Decindea,Ciocăneşti
Dâmbovița,7797,Decindeni (Dragomireşti),Decindeni,Dragomireşti
Dâmbovița,7989,Diaconeşti (Pucioasa),Diaconeşti,Pucioasa
Dâmbovița,8109,Dimoiu (Ulmi),Dimoiu,Ulmi
Dâmbovița,7769,Dobra,Dobra,
Dâmbovița,7912,Dobreşti (Moroeni),Dobreşti,Moroeni
Dâmbovița,7782,Doiceşti,Doiceşti,
Dâmbovița,8176,Dospineşti (Vişineşti),Dospineşti,Vişineşti
Dâmbovița,7890,Drăgăeşti-Pământeni (Măneşti),Drăgăeşti-Pământeni,Măneşti
Dâmbovița,7891,Drăgăeşti-Ungureni (Măneşti),Drăgăeşti-Ungureni,Măneşti
Dâmbovița,7787,Dragodana,Dragodana,
Dâmbovița,7652,Dragodăneşti (Cândeşti),Dragodăneşti,Cândeşti
Dâmbovița,7799,Dragomireşti,Dragomireşti,
Dâmbovița,8111,Dumbrava (Ulmi),Dumbrava,Ulmi
Dâmbovița,7959,După Deal (Pietrari),După Deal,Pietrari
Dâmbovița,7840,Făgetu (Gura Foii),Făgetu,Gura Foii
Dâmbovița,7681,Fântânele (Cojasca),Fântânele,Cojasca
Dâmbovița,8038,Ferestre (Runcu),Ferestre,Runcu
Dâmbovița,8148,Feţeni (Valea Mare),Feţeni,Valea Mare
Dâmbovița,7817,Fieni,Fieni,
Dâmbovița,8062,Fierbinţi (Şelaru),Fierbinţi,Şelaru
Dâmbovița,7820,Finta,Finta,
Dâmbovița,7821,Finta Mare (Finta),Finta Mare,Finta
Dâmbovița,7822,Finta Veche (Finta),Finta Veche,Finta
Dâmbovița,7674,Frasin-Deal (Cobia),Frasin-Deal,Cobia
Dâmbovița,7675,Frasin-Vale (Cobia),Frasin-Vale,Cobia
Dâmbovița,7718,Frasinu (Corneşti),Frasinu,Corneşti
Dâmbovița,8091,Fusea (Titu),Fusea,Titu
Dâmbovița,7825,Găeşti,Găeşti,
Dâmbovița,7692,Gămăneşti (Conţeşti),Gămăneşti,Conţeşti
Dâmbovița,8149,Gârleni (Valea Mare),Gârleni,Valea Mare
Dâmbovița,7800,Geangoeşti (Dragomireşti),Geangoeşti,Dragomireşti
Dâmbovița,8196,Gemenea-Brătuleşti (Voineşti),Gemenea-Brătuleşti,Voineşti
Dâmbovița,7823,Gheboaia (Finta),Gheboaia,Finta
Dâmbovița,8081,Gheboieni (Tătărani),Gheboieni,Tătărani
Dâmbovița,7998,Ghergani (Răcari),Ghergani,Răcari
Dâmbovița,7951,Ghergheşti (Petreşti),Ghergheşti,Petreşti
Dâmbovița,7676,Gherghiţeşti (Cobia),Gherghiţeşti,Cobia
Dâmbovița,7999,Ghimpaţi (Răcari),Ghimpaţi,Răcari
Dâmbovița,8054,Ghineşti (Sălcioara),Ghineşti,Sălcioara
Dâmbovița,7857,Ghirdoveni (I. L. Caragiale),Ghirdoveni,I. L. Caragiale
Dâmbovița,7913,Glod (Moroeni),Glod,Moroeni
Dâmbovița,7827,Glodeni,Glodeni,
Dâmbovița,7990,Glodeni (Pucioasa),Glodeni,Pucioasa
Dâmbovița,8063,Glogoveanu (Şelaru),Glogoveanu,Şelaru
Dâmbovița,8028,Gorgota (Răzvad),Gorgota,Răzvad
Dâmbovița,7952,Greci (Petreşti),Greci,Petreşti
Dâmbovița,7698,Grozăveşti (Corbii Mari),Grozăveşti,Corbii Mari
Dâmbovița,8075,Gulia (Tărtăşeşti),Gulia,Tărtăşeşti
Dâmbovița,7588,Gura Bărbuleţului (Bărbuleţu),Gura Bărbuleţului,Bărbuleţu
Dâmbovița,7841,Gura Foii,Gura Foii,
Dâmbovița,7844,Gura Ocniţei,Gura Ocniţei,
Dâmbovița,7848,Gura Şuţii,Gura Şuţii,
Dâmbovița,8219,Gura Vulcanei (Vulcana-Pandele),Gura Vulcanei,Vulcana-Pandele
Dâmbovița,7828,Guşoiu (Glodeni),Guşoiu,Glodeni
Dâmbovița,7634,Hăbeni (Bucşani),Hăbeni,Bucşani
Dâmbovița,8092,Hagioaica (Titu),Hagioaica,Titu
Dâmbovița,8099,Hanu lui Pală (Ulieşti),Hanu lui Pală,Ulieşti
Dâmbovița,7693,Heleşteu (Conţeşti),Heleşteu,Conţeşti
Dâmbovița,7719,Hodărăşti (Corneşti),Hodărăşti,Corneşti
Dâmbovița,7853,Hulubeşti,Hulubeşti,
Dâmbovița,7858,I. L. Caragiale,I. L. Caragiale,
Dâmbovița,7682,Iazu (Cojasca),Iazu,Cojasca
Dâmbovița,7720,Ibrianu (Corneşti),Ibrianu,Corneşti
Dâmbovița,7863,Iedera,Iedera,
Dâmbovița,7864,Iedera de Jos (Iedera),Iedera de Jos,Iedera
Dâmbovița,7865,Iedera de Sus (Iedera),Iedera de Sus,Iedera
Dâmbovița,7932,Ilfoveni (Nucet),Ilfoveni,Nucet
Dâmbovița,7953,Ioneşti (Petreşti),Ioneşti,Petreşti
Dâmbovița,8197,Izvoarele (Voineşti),Izvoarele,Voineşti
Dâmbovița,8130,Izvoru (Valea Lungă),Izvoru,Valea Lungă
Dâmbovița,8173,Izvoru (Vişina),Izvoru,Vişina
Dâmbovița,8100,Jugureni (Ulieşti),Jugureni,Ulieşti
Dâmbovița,7829,Lăculeţe (Glodeni),Lăculeţe,Glodeni
Dâmbovița,8220,Lăculeţe-Gară (Vulcana-Pandele),Lăculeţe-Gară,Vulcana-Pandele
Dâmbovița,7685,Lazuri (Comişani),Lazuri,Comişani
Dâmbovița,7830,Livezile (Glodeni),Livezile,Glodeni
Dâmbovița,8150,Livezile (Valea Mare),Livezile,Valea Mare
Dâmbovița,7644,Lucianca (Butimanu),Lucianca,Butimanu
Dâmbovița,7867,Lucieni,Lucieni,
Dâmbovița,7871,Ludeşti,Ludeşti,
Dâmbovița,7914,Lunca (Moroeni),Lunca,Moroeni
Dâmbovița,8198,Lunca (Voineşti),Lunca,Voineşti
Dâmbovița,7878,Lunguleţu,Lunguleţu,
Dâmbovița,7593,Măgura (Bezdead),Măgura,Bezdead
Dâmbovița,7854,Măgura (Hulubeşti),Măgura,Hulubeşti
Dâmbovița,7884,Malu cu Flori,Malu cu Flori,
Dâmbovița,7831,Malu Mierii (Glodeni),Malu Mierii,Glodeni
Dâmbovița,7991,Malurile (Pucioasa),Malurile,Pucioasa
Dâmbovița,8101,Mănăstioara (Ulieşti),Mănăstioara,Ulieşti
Dâmbovița,7677,Mănăstirea (Cobia),Mănăstirea,Cobia
Dâmbovița,20959,Mănăstirea (Crevedia),Mănăstirea,Crevedia
Dâmbovița,7893,Măneşti,Măneşti,
Dâmbovița,8200,Manga (Voineşti),Manga,Voineşti
Dâmbovița,8201,Mânjina (Voineşti),Mânjina,Voineşti
Dâmbovița,7772,Mărceşti (Dobra),Mărceşti,Dobra
Dâmbovița,7756,Mărginenii de Sus (Dărmăneşti),Mărginenii de Sus,Dărmăneşti
Dâmbovița,7732,Mărunţişu (Costeştii din Vale),Mărunţişu,Costeştii din Vale
Dâmbovița,7897,Mătăsaru,Mătăsaru,
Dâmbovița,8114,Matraca (Ulmi),Matraca,Ulmi
Dâmbovița,8000,Mavrodin (Răcari),Mavrodin,Răcari
Dâmbovița,7983,Meişoare (Pucheni),Meişoare,Pucheni
Dâmbovița,7694,Mereni (Conţeşti),Mereni,Conţeşti
Dâmbovița,8093,Mereni (Titu),Mereni,Titu
Dâmbovița,7906,Merii (Mogoşani),Merii,Mogoşani
Dâmbovița,8166,Merişoru (Vârfuri),Merişoru,Vârfuri
Dâmbovița,8161,Mesteacăn (Văleni-Dâmboviţa),Mesteacăn,Văleni-Dâmboviţa
Dâmbovița,7885,Micloşanii Mari (Malu cu Flori),Micloşanii Mari,Malu cu Flori
Dâmbovița,7886,Micloşanii Mici (Malu cu Flori),Micloşanii Mici,Malu cu Flori
Dâmbovița,7992,Miculeşti (Pucioasa),Miculeşti,Pucioasa
Dâmbovița,7859,Mija (I. L. Caragiale),Mija,I. L. Caragiale
Dâmbovița,7872,Miloşari (Ludeşti),Miloşari,Ludeşti
Dâmbovița,8055,Mircea Vodă (Sălcioara),Mircea Vodă,Sălcioara
Dâmbovița,7678,Mislea (Cobia),Mislea,Cobia
Dâmbovița,7941,Miuleşti (Odobeşti),Miuleşti,Odobeşti
Dâmbovița,7699,Moara din Groapă (Corbii Mari),Moara din Groapă,Corbii Mari
Dâmbovița,8056,Moara Nouă (Sălcioara),Moara Nouă,Sălcioara
Dâmbovița,7907,Mogoşani,Mogoşani,
Dâmbovița,7803,Mogoşeşti (Dragomireşti),Mogoşeşti,Dragomireşti
Dâmbovița,7910,Moreni,Moreni,
Dâmbovița,7915,Moroeni,Moroeni,
Dâmbovița,7919,Morteni,Morteni,
Dâmbovița,8133,Moşia Mică (Valea Lungă),Moşia Mică,Valea Lungă
Dâmbovița,7923,Moţăieni,Moţăieni,
Dâmbovița,7926,Movila (Niculeşti),Movila,Niculeşti
Dâmbovița,8057,Movila (Sălcioara),Movila,Sălcioara
Dâmbovița,7916,Muşcel (Moroeni),Muşcel,Moroeni
Dâmbovița,7920,Neajlovu (Morteni),Neajlovu,Morteni
Dâmbovița,8215,Nicolaeşti (Vulcana-Băi),Nicolaeşti,Vulcana-Băi
Dâmbovița,7927,Niculeşti,Niculeşti,
Dâmbovița,8116,Nisipurile (Ulmi),Nisipurile,Ulmi
Dâmbovița,7933,Nucet,Nucet,
Dâmbovița,7845,Ochiuri (Gura Ocniţei),Ochiuri,Gura Ocniţei
Dâmbovița,7935,Ocniţa,Ocniţa,
Dâmbovița,7898,Odaia Turcului (Mătăsaru),Odaia Turcului,Mătăsaru
Dâmbovița,7942,Odobeşti,Odobeşti,
Dâmbovița,7868,Olteni (Lucieni),Olteni,Lucieni
Dâmbovița,8102,Olteni (Ulieşti),Olteni,Ulieşti
Dâmbovița,8205,Onceşti (Voineşti),Onceşti,Voineşti
Dâmbovița,7879,Oreasca (Lunguleţu),Oreasca,Lunguleţu
Dâmbovița,7788,Pădureni (Dragodana),Pădureni,Dragodana
Dâmbovița,7739,Pătroaia-Deal (Crângurile),Pătroaia-Deal,Crângurile
Dâmbovița,7740,Pătroaia-Vale (Crângurile),Pătroaia-Vale,Crângurile
Dâmbovița,7947,Perşinari,Perşinari,
Dâmbovița,7700,Petreşti (Corbii Mari),Petreşti,Corbii Mari
Dâmbovița,7954,Petreşti,Petreşti,
Dâmbovița,8040,Piatra (Runcu),Piatra,Runcu
Dâmbovița,7789,Picior de Munte (Dragodana),Picior de Munte,Dragodana
Dâmbovița,7960,Pietrari,Pietrari,
Dâmbovița,7966,Pietroşiţa,Pietroşiţa,
Dâmbovița,7972,Pitaru (Potlogi),Pitaru,Potlogi
Dâmbovița,8094,Plopu (Titu),Plopu,Titu
Dâmbovița,7701,Podu Corbencii (Corbii Mari),Podu Corbencii,Corbii Mari
Dâmbovița,7973,Podu Cristinii (Potlogi),Podu Cristinii,Potlogi
Dâmbovița,8058,Podu Rizii (Sălcioara),Podu Rizii,Sălcioara
Dâmbovița,7968,Poiana,Poiana,
Dâmbovița,7969,Poieniţa (Poiana),Poieniţa,Poiana
Dâmbovița,7899,Poroinica (Mătăsaru),Poroinica,Mătăsaru
Dâmbovița,7724,Postârnacu (Corneşti),Postârnacu,Corneşti
Dâmbovița,7955,Potlogeni-Deal (Petreşti),Potlogeni-Deal,Petreşti
Dâmbovița,7741,Potlogeni-Vale (Crângurile),Potlogeni-Vale,Crângurile
Dâmbovița,7974,Potlogi,Potlogi,
Dâmbovița,7873,Potocelu (Ludeşti),Potocelu,Ludeşti
Dâmbovița,7608,Priboiu (Brăneşti),Priboiu,Brăneşti
Dâmbovița,8085,Priboiu (Tătărani),Priboiu,Tătărani
Dâmbovița,8071,Priseaca (Târgovişte),Priseaca,Târgovişte
Dâmbovița,7980,Produleşti,Produleşti,
Dâmbovița,7917,Pucheni (Moroeni),Pucheni,Moroeni
Dâmbovița,7984,Pucheni,Pucheni,
Dâmbovița,7993,Pucioasa,Pucioasa,
Dâmbovița,7994,Pucioasa-Sat (Pucioasa),Pucioasa-Sat,Pucioasa
Dâmbovița,7956,Puntea de Greci (Petreşti),Puntea de Greci,Petreşti
Dâmbovița,7900,Puţu cu Salcie (Mătăsaru),Puţu cu Salcie,Mătăsaru
Dâmbovița,8001,Răcari,Răcari,
Dâmbovița,8014,Râciu (Raciu),Râciu,Raciu
Dâmbovița,7637,Racoviţa (Bucşani),Racoviţa,Bucşani
Dâmbovița,8103,Ragu (Ulieşti),Ragu,Ulieşti
Dâmbovița,7807,Râncăciov (Dragomireşti),Râncăciov,Dragomireşti
Dâmbovița,8022,Răscăeţi,Răscăeţi,
Dâmbovița,7742,Răţeşti (Crângurile),Răţeşti,Crângurile
Dâmbovița,7638,Răţoaia (Bucşani),Răţoaia,Bucşani
Dâmbovița,8025,Râu Alb de Jos (Râu Alb),Râu Alb de Jos,Râu Alb
Dâmbovița,8026,Râu Alb de Sus (Râu Alb),Râu Alb de Sus,Râu Alb
Dâmbovița,8029,Răzvad,Răzvad,
Dâmbovița,7975,Româneşti (Potlogi),Româneşti,Potlogi
Dâmbovița,8042,Runcu,Runcu,
Dâmbovița,8002,Săbieşti (Răcari),Săbieşti,Răcari
Dâmbovița,7846,Săcueni (Gura Ocniţei),Săcueni,Gura Ocniţei
Dâmbovița,7901,Sălcioara (Mătăsaru),Sălcioara,Mătăsaru
Dâmbovița,8060,Sălcioara,Sălcioara,
Dâmbovița,8095,Sălcuţa (Titu),Sălcuţa,Titu
Dâmbovița,7748,Samurcaşi (Crevedia),Samurcaşi,Crevedia
Dâmbovița,8154,Saru (Valea Mare),Saru,Valea Mare
Dâmbovița,7576,Săteni (Aninoasa),Săteni,Aninoasa
Dâmbovița,7702,Satu Nou (Corbii Mari),Satu Nou,Corbii Mari
Dâmbovița,7617,Săveşti (Braniştea),Săveşti,Braniştea
Dâmbovița,7874,Scheiu de Jos (Ludeşti),Scheiu de Jos,Ludeşti
Dâmbovița,7875,Scheiu de Sus (Ludeşti),Scheiu de Sus,Ludeşti
Dâmbovița,7836,Schela (Glodeni),Schela,Glodeni
Dâmbovița,8064,Şelaru,Şelaru,
Dâmbovița,8134,Şerbăneasa (Valea Lungă),Şerbăneasa,Valea Lungă
Dâmbovița,7880,Serdanu (Lunguleţu),Serdanu,Lunguleţu
Dâmbovița,7869,Siliştea (Lucieni),Siliştea,Lucieni
Dâmbovița,8043,Siliştea (Runcu),Siliştea,Runcu
Dâmbovița,7962,Şipot (Pietrari),Şipot,Pietrari
Dâmbovița,7710,Slobozia (Cornăţelu),Slobozia,Cornăţelu
Dâmbovița,8066,Slobozia Moară,Slobozia Moară,
Dâmbovița,8068,Şotânga,Şotânga,
Dâmbovița,7849,Sperieţeni (Gura Şuţii),Sperieţeni,Gura Şuţii
Dâmbovița,8003,Stăneşti (Răcari),Stăneşti,Răcari
Dâmbovița,8167,Stăteşti (Vârfuri),Stăteşti,Vârfuri
Dâmbovița,8104,Stavropolia (Ulieşti),Stavropolia,Ulieşti
Dâmbovița,7790,Străoşti (Dragodana),Străoşti,Dragodana
Dâmbovița,8155,Stratoneşti (Valea Mare),Stratoneşti,Valea Mare
Dâmbovița,8135,Ştubeie Tisa (Valea Lungă),Ştubeie Tisa,Valea Lungă
Dâmbovița,8210,Suduleni (Voineşti),Suduleni,Voineşti
Dâmbovița,8177,Sultanu (Vişineşti),Sultanu,Vişineşti
Dâmbovița,7598,Suseni-Socetu (Bilciureşti),Suseni-Socetu,Bilciureşti
Dâmbovița,8016,Şuţa Seacă (Raciu),Şuţa Seacă,Raciu
Dâmbovița,8168,Şuviţa (Vârfuri),Şuviţa,Vârfuri
Dâmbovița,8072,Târgovişte,Târgovişte,
Dâmbovița,8076,Tărtăşeşti,Tărtăşeşti,
Dâmbovița,8087,Tătărăni (Tătărani),Tătărăni,Tătărani
Dâmbovița,8069,Teiş (Şotânga),Teiş,Şotânga
Dâmbovița,7876,Teleşti (Ludeşti),Teleşti,Ludeşti
Dâmbovița,7902,Teţcoiu (Mătăsaru),Teţcoiu,Mătăsaru
Dâmbovița,8096,Titu,Titu,
Dâmbovița,8221,Toculeşti (Vulcana-Pandele),Toculeşti,Vulcana-Pandele
Dâmbovița,7733,Tomşani (Costeştii din Vale),Tomşani,Costeştii din Vale
Dâmbovița,7594,Tunari (Bezdead),Tunari,Bezdead
Dâmbovița,8119,Udreşti (Ulmi),Udreşti,Ulmi
Dâmbovița,8105,Ulieşti,Ulieşti,
Dâmbovița,8169,Ulmetu (Vârfuri),Ulmetu,Vârfuri
Dâmbovița,8120,Ulmi,Ulmi,
Dâmbovița,7645,Ungureni (Butimanu),Ungureni,Butimanu
Dâmbovița,7703,Ungureni (Corbii Mari),Ungureni,Corbii Mari
Dâmbovița,7729,Ungureni (Corneşti),Ungureni,Corneşti
Dâmbovița,7811,Ungureni (Dragomireşti),Ungureni,Dragomireşti
Dâmbovița,8178,Urseiu (Vişineşti),Urseiu,Vişineşti
Dâmbovița,7665,Urziceanca (Ciocăneşti),Urziceanca,Ciocăneşti
Dâmbovița,8125,Văcăreşti,Văcăreşti,
Dâmbovița,7704,Vadu Stanchii (Corbii Mari),Vadu Stanchii,Corbii Mari
Dâmbovița,7963,Valea (Pietrari),Valea,Pietrari
Dâmbovița,8157,Valea Caselor (Valea Mare),Valea Caselor,Valea Mare
Dâmbovița,7855,Valea Dadei (Hulubeşti),Valea Dadei,Hulubeşti
Dâmbovița,7985,Valea Largă (Pucheni),Valea Largă,Pucheni
Dâmbovița,7628,Valea Leurzii (Buciumeni),Valea Leurzii,Buciumeni
Dâmbovița,8137,Valea lui Dan (Valea Lungă),Valea lui Dan,Valea Lungă
Dâmbovița,8138,Valea Lungă,Valea Lungă,
Dâmbovița,8139,Valea Lungă-Cricov (Valea Lungă),Valea Lungă-Cricov,Valea Lungă
Dâmbovița,8140,Valea Lungă-Gorgota (Valea Lungă),Valea Lungă-Gorgota,Valea Lungă
Dâmbovița,8141,Valea Lungă-Ogrea (Valea Lungă),Valea Lungă-Ogrea,Valea Lungă
Dâmbovița,7658,Valea Mare (Cândeşti),Valea Mare,Cândeşti
Dâmbovița,8142,Valea Mare (Valea Lungă),Valea Mare,Valea Lungă
Dâmbovița,7595,Valea Morii (Bezdead),Valea Morii,Bezdead
Dâmbovița,8030,Valea Voievozilor (Răzvad),Valea Voievozilor,Răzvad
Dâmbovița,8162,Văleni-Dâmboviţa,Văleni-Dâmboviţa,
Dâmbovița,7986,Vârfureni (Pucheni),Vârfureni,Pucheni
Dâmbovița,8170,Vârfuri,Vârfuri,
Dâmbovița,7580,Viforâta (Aninoasa),Viforâta,Aninoasa
Dâmbovița,8121,Viişoara (Ulmi),Viişoara,Ulmi
Dâmbovița,8174,Vişina,Vişina,
Dâmbovița,8179,Vişineşti,Vişineşti,
Dâmbovița,7666,Vizureşti (Ciocăneşti),Vizureşti,Ciocăneşti
Dâmbovița,8190,Vlădeni,Vlădeni,
Dâmbovița,7976,Vlăsceni (Potlogi),Vlăsceni,Potlogi
Dâmbovița,7743,Voia (Crângurile),Voia,Crângurile
Dâmbovița,8213,Voineşti,Voineşti,
Dâmbovița,8216,Vulcana de Sus (Vulcana-Băi),Vulcana de Sus,Vulcana-Băi
Dâmbovița,8217,Vulcana-Băi,Vulcana-Băi,
Dâmbovița,8222,Vulcana-Pandele,Vulcana-Pandele,
Dâmbovița,8023,Vultureanca (Răscăeţi),Vultureanca,Răscăeţi
Dâmbovița,7908,Zăvoiu (Mogoşani),Zăvoiu,Mogoşani
Dâmbovița,7945,Zidurile (Odobeşti),Zidurile,Odobeşti
Harghita,10219,Aldea (Mărtiniş),Aldea,Mărtiniş
Harghita,10140,Alexandriţa (Feliceni),Alexandriţa,Feliceni
Harghita,10251,Aluniş (Mugeni),Aluniş,Mugeni
Harghita,10034,Andreeni (Avrămeşti),Andreeni,Avrămeşti
Harghita,10075,Armăşeni (Ciucsângeorgiu),Armăşeni,Ciucsângeorgiu
Harghita,10076,Armăşenii Noi (Ciucsângeorgiu),Armăşenii Noi,Ciucsângeorgiu
Harghita,10141,Arvăţeni (Feliceni),Arvăţeni,Feliceni
Harghita,10096,Atia (Corund),Atia,Corund
Harghita,10028,Atid,Atid,
Harghita,10035,Avrămeşti,Avrămeşti,
Harghita,10220,Bădeni (Mărtiniş),Bădeni,Mărtiniş
Harghita,10184,Băile Chirui (Lueta),Băile Chirui,Lueta
Harghita,10453,Băile Homorod (Vlăhiţa),Băile Homorod,Vlăhiţa
Harghita,10043,Băile Tuşnad,Băile Tuşnad,
Harghita,10046,Bălan,Bălan,
Harghita,10077,Bancu (Ciucsângeorgiu),Bancu,Ciucsângeorgiu
Harghita,10187,Baraţcoş (Lunca de Jos),Baraţcoş,Lunca de Jos
Harghita,10152,Bârzava (Frumoasa),Bârzava,Frumoasa
Harghita,10280,Becaş (Praid),Becaş,Praid
Harghita,10363,Benţid (Şimoneşti),Benţid,Şimoneşti
Harghita,10252,Beta (Mugeni),Beta,Mugeni
Harghita,10253,Beteşti (Mugeni),Beteşti,Mugeni
Harghita,10052,Bilbor,Bilbor,
Harghita,10204,Bisericani (Lupeni),Bisericani,Lupeni
Harghita,10343,Bodogaia (Secuieni),Bodogaia,Secuieni
Harghita,10055,Borsec,Borsec,
Harghita,10173,Borzont (Joseni),Borzont,Joseni
Harghita,10057,Brădesti,Brădesti,
Harghita,10174,Bucin (Joseni),Bucin,Joseni
Harghita,10281,Bucin (Praid),Bucin,Praid
Harghita,10205,Bulgăreni (Lupeni),Bulgăreni,Lupeni
Harghita,10364,Cădaciu Mare (Şimoneşti),Cădaciu Mare,Şimoneşti
Harghita,10365,Cădaciu Mic (Şimoneşti),Cădaciu Mic,Şimoneşti
Harghita,10416,Călimănel (Topliţa),Călimănel,Topliţa
Harghita,10378,Călnaci (Subcetate),Călnaci,Subcetate
Harghita,10097,Calonda (Corund),Calonda,Corund
Harghita,10221,Călugăreni (Mărtiniş),Călugăreni,Mărtiniş
Harghita,10066,Căpâlnița,Căpâlnița,
Harghita,10089,Capu Corbului (Corbu),Capu Corbului,Corbu
Harghita,10044,Carpitus (Băile Tuşnad),Carpitus,Băile Tuşnad
Harghita,10068,Cârţa,Cârţa,
Harghita,10271,Caşinu Nou (Plăieşii de Jos),Caşinu Nou,Plăieşii de Jos
Harghita,10036,Cecheşti (Avrămeşti),Cecheşti,Avrămeşti
Harghita,10366,Ceheţel (Şimoneşti),Ceheţel,Şimoneşti
Harghita,10324,Cetăţuia (Sânsimion),Cetăţuia,Sânsimion
Harghita,10367,Chedia Mare (Şimoneşti),Chedia Mare,Şimoneşti
Harghita,10368,Chedia Mică (Şimoneşti),Chedia Mică,Şimoneşti
Harghita,10385,Chileni (Suseni),Chileni,Suseni
Harghita,10222,Chinuşu (Mărtiniş),Chinuşu,Mărtiniş
Harghita,10072,Ciaracio (Ciceu),Ciaracio,Ciceu
Harghita,10234,Ciba (Miercurea-Ciuc),Ciba,Miercurea-Ciuc
Harghita,10073,Ciceu,Ciceu,
Harghita,10078,Ciobăniş (Ciucsângeorgiu),Ciobăniş,Ciucsângeorgiu
Harghita,10142,Cireşeni (Feliceni),Cireşeni,Feliceni
Harghita,10311,Ciucani (Sânmartin),Ciucani,Sânmartin
Harghita,10079,Ciucsângeorgiu,Ciucsângeorgiu,
Harghita,10085,Ciumani,Ciumani,
Harghita,10369,Cobăteşti (Şimoneşti),Cobăteşti,Şimoneşti
Harghita,10223,Comăneşti (Mărtiniş),Comăneşti,Mărtiniş
Harghita,10197,Comiat (Lunca de Sus),Comiat,Lunca de Sus
Harghita,10091,Corbu,Corbu,
Harghita,10098,Corund,Corund,
Harghita,10080,Cotormani (Ciucsângeorgiu),Cotormani,Ciucsângeorgiu
Harghita,10167,Covacipeter (Gheorgheni),Covacipeter,Gheorgheni
Harghita,10102,Cozmeni,Cozmeni,
Harghita,10261,Crăciunel (Ocland),Crăciunel,Ocland
Harghita,10029,Crişeni (Atid),Crişeni,Atid
Harghita,10105,Cristuru Secuiesc,Cristuru Secuiesc,
Harghita,10030,Cuşmed (Atid),Cuşmed,Atid
Harghita,10442,Daia (Ulieş),Daia,Ulieş
Harghita,10114,Dăneşti,Dăneşti,
Harghita,10125,Dârjiu,Dârjiu,
Harghita,10128,Dealu,Dealu,
Harghita,10158,Dealu Armanului (Gălăuţaş),Dealu Armanului,Gălăuţaş
Harghita,10254,Dejuţiu (Mugeni),Dejuţiu,Mugeni
Harghita,10267,Delniţa (Păuleni-Ciuc),Delniţa,Păuleni-Ciuc
Harghita,10460,Desag (Zetea),Desag,Zetea
Harghita,10136,Ditrău,Ditrău,
Harghita,10255,Dobeni (Mugeni),Dobeni,Mugeni
Harghita,10379,Duda (Subcetate),Duda,Subcetate
Harghita,10081,Eghersec (Ciucsângeorgiu),Eghersec,Ciucsângeorgiu
Harghita,10347,Eliseni (Secuieni),Eliseni,Secuieni
Harghita,10153,Făgeţel (Frumoasa),Făgeţel,Frumoasa
Harghita,10290,Făgeţel (Remetea),Făgeţel,Remetea
Harghita,10129,Fâncel (Dealu),Fâncel,Dealu
Harghita,10099,Fântâna Brazilor (Corund),Fântâna Brazilor,Corund
Harghita,10143,Feliceni,Feliceni,
Harghita,10106,Filiaş (Cristuru Secuiesc),Filiaş,Cristuru Secuiesc
Harghita,10380,Filpea (Subcetate),Filpea,Subcetate
Harghita,10037,Firtănuş (Avrămeşti),Firtănuş,Avrămeşti
Harghita,10206,Firtuşu (Lupeni),Firtuşu,Lupeni
Harghita,10179,Fitod (Leliceni),Fitod,Leliceni
Harghita,10144,Forţeni (Feliceni),Forţeni,Feliceni
Harghita,10154,Frumoasa,Frumoasa,
Harghita,10334,Fundoaia (Sărmaș),Fundoaia,Sărmaș
Harghita,10159,Gălăuţaş,Gălăuţaş,
Harghita,10160,Gălăuţaş-Pârău (Gălăuţaş),Gălăuţaş-Pârău,Gălăuţaş
Harghita,10168,Gheorgheni,Gheorgheni,
Harghita,10175,Ghiduţ (Joseni),Ghiduţ,Joseni
Harghita,10224,Ghipeş (Mărtiniş),Ghipeş,Mărtiniş
Harghita,10082,Ghiurche (Ciucsângeorgiu),Ghiurche,Ciucsângeorgiu
Harghita,10038,Goagiu (Avrămeşti),Goagiu,Avrămeşti
Harghita,10433,Hagota (Tulgheş),Hagota,Tulgheş
Harghita,10235,Harghita-Băi (Miercurea-Ciuc),Harghita-Băi,Miercurea-Ciuc
Harghita,10335,Hodoşa (Sărmaș),Hodoşa,Sărmaș
Harghita,10145,Hoghia (Feliceni),Hoghia,Feliceni
Harghita,10180,Hosasău (Leliceni),Hosasău,Leliceni
Harghita,10272,Iacobeni (Plăieşii de Jos),Iacobeni,Plăieşii de Jos
Harghita,10443,Iaşu (Ulieş),Iaşu,Ulieş
Harghita,10444,Ighiu (Ulieş),Ighiu,Ulieş
Harghita,10273,Imper (Plăieşii de Jos),Imper,Plăieşii de Jos
Harghita,10069,Ineu (Cârţa),Ineu,Cârţa
Harghita,10031,Inlăceni (Atid),Inlăceni,Atid
Harghita,10461,Izvoare (Zetea),Izvoare,Zetea
Harghita,10457,Izvoru Mureşului (Voșlăbeni),Izvoru Mureşului,Voșlăbeni
Harghita,10198,Izvorul Trotuşului (Lunca de Sus),Izvorul Trotuşului,Lunca de Sus
Harghita,10236,Jigodin-Bai (Miercurea-Ciuc),Jigodin-Bai,Miercurea-Ciuc
Harghita,10137,Jolotca (Ditrău),Jolotca,Ditrău
Harghita,10176,Joseni,Joseni,
Harghita,10169,Lacu Roşu (Gheorgheni),Lacu Roşu,Gheorgheni
Harghita,10039,Laz-Firtănuş (Avrămeşti),Laz-Firtănuş,Avrămeşti
Harghita,10040,Laz-Şoimuş (Avrămeşti),Laz-Şoimuş,Avrămeşti
Harghita,10177,Lăzarea (Joseni),Lăzarea,Joseni
Harghita,10103,Lăzăreşti (Cozmeni),Lăzăreşti,Cozmeni
Harghita,10181,Leliceni,Leliceni,
Harghita,10388,Liban (Suseni),Liban,Suseni
Harghita,10240,Livezi (Mihăileni),Livezi,Mihăileni
Harghita,10225,Locodeni (Mărtiniş),Locodeni,Mărtiniş
Harghita,10185,Lueta,Lueta,
Harghita,10188,Lunca de Jos,Lunca de Jos,
Harghita,10199,Lunca de Sus,Lunca de Sus,
Harghita,10422,Luncani (Topliţa),Luncani,Topliţa
Harghita,10207,Lupeni,Lupeni,
Harghita,10256,Lutiţa (Mugeni),Lutiţa,Mugeni
Harghita,10216,Mădăraş,Mădăraş,
Harghita,10423,Măgheruş (Topliţa),Măgheruş,Topliţa
Harghita,10226,Mărtiniş,Mărtiniş,
Harghita,10291,Martonca (Remetea),Martonca,Remetea
Harghita,10257,Mătişeni (Mugeni),Mătişeni,Mugeni
Harghita,10370,Medişoru Mare (Şimoneşti),Medişoru Mare,Şimoneşti
Harghita,10041,Medişoru Mic (Avrămeşti),Medişoru Mic,Avrămeşti
Harghita,10231,Mereşti,Mereşti,
Harghita,10237,Miercurea-Ciuc,Miercurea-Ciuc,
Harghita,10371,Mihăileni (Şimoneşti),Mihăileni,Şimoneşti
Harghita,10454,Minele Lueta (Vlăhiţa),Minele Lueta,Vlăhiţa
Harghita,10182,Misentea (Leliceni),Misentea,Leliceni
Harghita,10424,Moglăneşti (Topliţa),Moglăneşti,Topliţa
Harghita,10208,Morăreni (Lupeni),Morăreni,Lupeni
Harghita,10258,Mugeni,Mugeni,
Harghita,10126,Mujna (Dârjiu),Mujna,Dârjiu
Harghita,10244,Nădejdea (Mihăileni),Nădejdea,Mihăileni
Harghita,10372,Nicoleni (Şimoneşti),Nicoleni,Şimoneşti
Harghita,10155,Nicoleşti (Frumoasa),Nicoleşti,Frumoasa
Harghita,10445,Nicoleşti (Ulieş),Nicoleşti,Ulieş
Harghita,10161,Nuţeni (Gălăuţaş),Nuţeni,Gălăuţaş
Harghita,10446,Obrăneşti (Ulieş),Obrăneşti,Ulieş
Harghita,10262,Ocland,Ocland,
Harghita,10282,Ocna de Jos (Praid),Ocna de Jos,Praid
Harghita,10283,Ocna de Sus (Praid),Ocna de Sus,Praid
Harghita,10265,Odorheiu Secuiesc,Odorheiu Secuiesc,
Harghita,10227,Orăşeni (Mărtiniş),Orăşeni,Mărtiniş
Harghita,10146,Oţeni (Feliceni),Oţeni,Feliceni
Harghita,10209,Păltiniş (Lupeni),Păltiniş,Lupeni
Harghita,10200,Păltiniş-Ciuc (Lunca de Sus),Păltiniş-Ciuc,Lunca de Sus
Harghita,10210,Păuleni (Lupeni),Păuleni,Lupeni
Harghita,10268,Păuleni-Ciuc,Păuleni-Ciuc,
Harghita,10447,Petecu (Ulieş),Petecu,Ulieş
Harghita,10228,Petreni (Mărtiniş),Petreni,Mărtiniş
Harghita,10434,Pintic (Tulgheş),Pintic,Tulgheş
Harghita,10274,Plăieşii de Jos,Plăieşii de Jos,
Harghita,10275,Plăieşii de Sus (Plăieşii de Jos),Plăieşii de Sus,Plăieşii de Jos
Harghita,10336,Platoneşti (Sărmaș),Platoneşti,Sărmaș
Harghita,10162,Plopiş (Gălăuţaş),Plopiş,Gălăuţaş
Harghita,10189,Poiana Fagului (Lunca de Jos),Poiana Fagului,Lunca de Jos
Harghita,10462,Poiana Târnavei (Zetea),Poiana Târnavei,Zetea
Harghita,10147,Poloniţa (Feliceni),Poloniţa,Feliceni
Harghita,10277,Porumbenii Mari (Porumbeni),Porumbenii Mari,Porumbeni
Harghita,10278,Porumbenii Mici (Porumbeni),Porumbenii Mici,Porumbeni
Harghita,10083,Potiond (Ciucsângeorgiu),Potiond,Ciucsângeorgiu
Harghita,10284,Praid,Praid,
Harghita,10163,Preluca (Gălăuţaş),Preluca,Gălăuţaş
Harghita,10190,Puntea Lupului (Lunca de Jos),Puntea Lupului,Lunca de Jos
Harghita,10053,Răchitiş (Bilbor),Răchitiş,Bilbor
Harghita,10287,Racu,Racu,
Harghita,10229,Rareş (Mărtiniş),Rareş,Mărtiniş
Harghita,10435,Recea (Tulgheş),Recea,Tulgheş
Harghita,10294,Remetea,Remetea,
Harghita,10373,Rugăneşti (Şimoneşti),Rugăneşti,Şimoneşti
Harghita,10337,Runc (Sărmaș),Runc,Sărmaș
Harghita,10298,Săcel,Săcel,
Harghita,10211,Sâncel (Lupeni),Sâncel,Lupeni
Harghita,10130,Sâncrai (Dealu),Sâncrai,Dealu
Harghita,10304,Sâncrăieni,Sâncrăieni,
Harghita,10306,Sândominic,Sândominic,
Harghita,10320,Sânmartin,Sânmartin,
Harghita,10232,Sànpaul (Mereşti),Sànpaul,Mereşti
Harghita,10325,Sânsimion,Sânsimion,
Harghita,10330,Sântimbru,Sântimbru,
Harghita,10331,Sântimbru-Băi (Sântimbru),Sântimbru-Băi,Sântimbru
Harghita,10338,Sărmaş (Sărmaș),Sărmaş,Sărmaș
Harghita,10285,Şaşvereş (Praid),Şaşvereş,Praid
Harghita,10062,Satu Mare (Brădesti),Satu Mare,Brădesti
Harghita,10212,Satu Mic (Lupeni),Satu Mic,Lupeni
Harghita,10263,Satu Nou (Ocland),Satu Nou,Ocland
Harghita,10360,Satu Nou (Siculeni),Satu Nou,Siculeni
Harghita,10426,Secu (Topliţa),Secu,Topliţa
Harghita,10352,Secuieni,Secuieni,
Harghita,10392,Senetea (Suseni),Senetea,Suseni
Harghita,10358,Sicasău,Sicasău,
Harghita,10032,Siclod (Atid),Siclod,Atid
Harghita,10361,Siculeni,Siculeni,
Harghita,10374,Şimoneşti,Şimoneşti,
Harghita,10295,Sineu (Remetea),Sineu,Remetea
Harghita,10269,Şoimeni (Păuleni-Ciuc),Şoimeni,Păuleni-Ciuc
Harghita,10299,Şoimuşu Mare (Săcel),Şoimuşu Mare,Săcel
Harghita,10300,Şoimuşu Mic (Săcel),Şoimuşu Mic,Săcel
Harghita,10463,Sub Cetate (Zetea),Sub Cetate,Zetea
Harghita,10381,Subcetate,Subcetate,
Harghita,10395,Suseni,Suseni,
Harghita,10259,Taietura (Mugeni),Taietura,Mugeni
Harghita,10131,Tămaşu (Dealu),Tămaşu,Dealu
Harghita,10375,Tărceşti (Şimoneşti),Tărceşti,Şimoneşti
Harghita,10063,Târnovița (Brădesti),Târnovița,Brădesti
Harghita,10148,Tăureni (Feliceni),Tăureni,Feliceni
Harghita,10149,Teleac (Feliceni),Teleac,Feliceni
Harghita,10138,Ţengheler (Ditrău),Ţengheler,Ditrău
Harghita,10132,Tibòd (Dealu),Tibòd,Dealu
Harghita,10164,Toleşeni (Gălăuţaş),Toleşeni,Gălăuţaş
Harghita,10412,Tomeşti,Tomeşti,
Harghita,10427,Topliţa,Topliţa,
Harghita,10436,Tulgheş,Tulgheş,
Harghita,10376,Turdeni (Şimoneşti),Turdeni,Şimoneşti
Harghita,10438,Tuşnad (Tușnad),Tuşnad,Tușnad
Harghita,10439,Tuşnadu Nou (Tușnad),Tuşnadu Nou,Tușnad
Harghita,10301,Uilac (Săcel),Uilac,Săcel
Harghita,10133,Ulcani (Dealu),Ulcani,Dealu
Harghita,10448,Ulieş,Ulieş,
Harghita,10249,Văcăreşti (Mihăileni),Văcăreşti,Mihăileni
Harghita,10428,Vâgani (Topliţa),Vâgani,Topliţa
Harghita,10430,Vale (Topliţa),Vale,Topliţa
Harghita,10191,Valea Boroş (Lunca de Jos),Valea Boroş,Lunca de Jos
Harghita,10192,Valea Capelei (Lunca de Jos),Valea Capelei,Lunca de Jos
Harghita,10201,Valea Gârbea (Lunca de Sus),Valea Gârbea,Lunca de Sus
Harghita,10193,Valea Întunecoasa (Lunca de Jos),Valea Întunecoasa,Lunca de Jos
Harghita,10194,Valea lui Antaloc (Lunca de Jos),Valea lui Antaloc,Lunca de Jos
Harghita,10100,Valea lui Pavel (Corund),Valea lui Pavel,Corund
Harghita,10195,Valea Rece (Lunca de Jos),Valea Rece,Lunca de Jos
Harghita,10134,Valea Rotundă (Dealu),Valea Rotundă,Dealu
Harghita,10397,Valea Strâmbă (Suseni),Valea Strâmbă,Suseni
Harghita,10202,Valea Ugra (Lunca de Sus),Valea Ugra,Lunca de Sus
Harghita,10322,Valea Uzului (Sânmartin),Valea Uzului,Sânmartin
Harghita,10150,Văleni (Feliceni),Văleni,Feliceni
Harghita,10170,Vargatac (Gheorgheni),Vargatac,Gheorgheni
Harghita,10451,Vărşag,Vărşag,
Harghita,10449,Vasileni (Ulieş),Vasileni,Ulieş
Harghita,10302,Vidăcut (Săcel),Vidăcut,Săcel
Harghita,10171,Visafolio (Gheorgheni),Visafolio,Gheorgheni
Harghita,10455,Vlăhiţa,Vlăhiţa,
Harghita,10458,Voșlăbeni,Voșlăbeni,
Harghita,10440,Vrabia (Tușnad),Vrabia,Tușnad
Harghita,10165,Zăpodea (Gălăuţaş),Zăpodea,Gălăuţaş
Harghita,10431,Zencani (Topliţa),Zencani,Topliţa
Harghita,10464,Zetea,Zetea,
Hunedoara,10689,Abucea (Dobra),Abucea,Dobra
Hunedoara,11044,Almaş-Sălişte (Zam),Almaş-Sălişte,Zam
Hunedoara,11045,Almăşel (Zam),Almăşel,Zam
Hunedoara,10826,Almaşu Mic (Pestişu Mic),Almaşu Mic,Pestişu Mic
Hunedoara,10506,Almaşu Mic de Munte (Balşa),Almaşu Mic de Munte,Balşa
Hunedoara,10645,Almaşu Sec (Cârjiţi),Almaşu Sec,Cârjiţi
Hunedoara,10553,Alun (Boşorod),Alun,Boşorod
Hunedoara,10618,Alun (Bunila),Alun,Bunila
Hunedoara,10467,Aninoasa,Aninoasa,
Hunedoara,10651,Arănieş (Cerbăl),Arănieş,Cerbăl
Hunedoara,10683,Archia (Deva),Archia,Deva
Hunedoara,10507,Ardeu (Balşa),Ardeu,Balşa
Hunedoara,10710,Aurel Vlaicu (Geoagiu),Aurel Vlaicu,Geoagiu
Hunedoara,10711,Băcâia (Geoagiu),Băcâia,Geoagiu
Hunedoara,10756,Bacea (Ilia),Bacea,Ilia
Hunedoara,10479,Băcia,Băcia,
Hunedoara,10484,Baia de Criș,Baia de Criș,
Hunedoara,10848,Băieşti (Pui),Băieşti,Pui
Hunedoara,10494,Băiţa,Băiţa,
Hunedoara,10936,Bălata (Şoimuş),Bălata,Şoimuş
Hunedoara,10485,Baldovin (Baia de Criș),Baldovin,Baia de Criș
Hunedoara,10912,Balomir (Sântămăria-Orlea),Balomir,Sântămăria-Orlea
Hunedoara,10508,Balşa,Balşa,
Hunedoara,10521,Băniţa,Băniţa,
Hunedoara,10739,Banpotoc (Hărău),Banpotoc,Hărău
Hunedoara,10913,Bărăştii Haţegului (Sântămăria-Orlea),Bărăştii Haţegului,Sântămăria-Orlea
Hunedoara,10570,Bărăştii Iliei (Brănişca),Bărăştii Iliei,Brănişca
Hunedoara,10495,Barbura (Băiţa),Barbura,Băiţa
Hunedoara,10928,Barcea Mare (Simeria),Barcea Mare,Simeria
Hunedoara,10684,Barcea Mica (Deva),Barcea Mica,Deva
Hunedoara,10740,Bârsău (Hărău),Bârsău,Hărău
Hunedoara,10525,Baru,Baru,
Hunedoara,10670,Barza (Crişcior),Barza,Crişcior
Hunedoara,11006,Basarabasa (Vaţa de Jos),Basarabasa,Vaţa de Jos
Hunedoara,10766,Baştea (Lăpugiu de Jos),Baştea,Lăpugiu de Jos
Hunedoara,10580,Băţălar (Bretea Română),Băţălar,Bretea Română
Hunedoara,10631,Batiz (Călan),Batiz,Călan
Hunedoara,10530,Bătrâna,Bătrâna,
Hunedoara,10937,Bejan (Şoimuş),Bejan,Şoimuş
Hunedoara,10938,Bejan-Târnăviţa (Şoimuş),Bejan-Târnăviţa,Şoimuş
Hunedoara,10581,Bercu (Bretea Română),Bercu,Bretea Română
Hunedoara,10535,Beriu,Beriu,
Hunedoara,11007,Birtin (Vaţa de Jos),Birtin,Vaţa de Jos
Hunedoara,10544,Blăjeni,Blăjeni,
Hunedoara,10545,Blăjeni-Vulcan (Blăjeni),Blăjeni-Vulcan,Blăjeni
Hunedoara,10554,Bobaia (Boşorod),Bobaia,Boşorod
Hunedoara,10869,Bobâlna (Rapoltu Mare),Bobâlna,Rapoltu Mare
Hunedoara,10660,Bocşa Mare (Certeju de Sus),Bocşa Mare,Certeju de Sus
Hunedoara,10661,Bocşa Mică (Certeju de Sus),Bocşa Mică,Certeju de Sus
Hunedoara,10939,Boholt (Şoimuş),Boholt,Şoimuş
Hunedoara,11020,Boia Bârzii (Veţel),Boia Bârzii,Veţel
Hunedoara,10861,Boiţa (Răchitova),Boiţa,Răchitova
Hunedoara,10870,Boiu (Rapoltu Mare),Boiu,Rapoltu Mare
Hunedoara,10727,Boiu de Jos (Gurasada),Boiu de Jos,Gurasada
Hunedoara,10728,Boiu de Sus (Gurasada),Boiu de Sus,Gurasada
Hunedoara,10749,Boş (Hunedoara),Boş,Hunedoara
Hunedoara,10555,Boşorod,Boşorod,
Hunedoara,10571,Boz (Brănişca),Boz,Brănişca
Hunedoara,10712,Bozeş (Geoagiu),Bozeş,Geoagiu
Hunedoara,10563,Brad,Brad,
Hunedoara,10624,Brădăţel (Burjuc),Brădăţel,Burjuc
Hunedoara,10572,Brănişca,Brănişca,
Hunedoara,11046,Brăşeu (Zam),Brăşeu,Zam
Hunedoara,10875,Brazi (Râu de Mori),Brazi,Râu de Mori
Hunedoara,10757,Brâznic (Ilia),Brâznic,Ilia
Hunedoara,10922,Breazova (Sarmizegetusa),Breazova,Sarmizegetusa
Hunedoara,10758,Bretea Mureşană (Ilia),Bretea Mureşană,Ilia
Hunedoara,10582,Bretea Română,Bretea Română,
Hunedoara,10583,Bretea Streiului (Bretea Română),Bretea Streiului,Bretea Română
Hunedoara,11021,Bretelin (Veţel),Bretelin,Veţel
Hunedoara,11008,Brotuna (Vaţa de Jos),Brotuna,Vaţa de Jos
Hunedoara,10594,Buceş,Buceş,
Hunedoara,10595,Buceş-Vulcan (Buceş),Buceş-Vulcan,Buceş
Hunedoara,10817,Bucium (Orăștioara de Sus),Bucium,Orăștioara de Sus
Hunedoara,10914,Bucium-Orlea (Sântămăria-Orlea),Bucium-Orlea,Sântămăria-Orlea
Hunedoara,10602,Bucureşci,Bucureşci,
Hunedoara,10690,Bujoru (Dobra),Bujoru,Dobra
Hunedoara,10608,Bulzeştii de Jos (Bulzeştii de Sus),Bulzeştii de Jos,Bulzeştii de Sus
Hunedoara,10609,Bulzeştii de Sus,Bulzeştii de Sus,
Hunedoara,10509,Buneşti (Balşa),Buneşti,Balşa
Hunedoara,10619,Bunila,Bunila,
Hunedoara,10625,Burjuc,Burjuc,
Hunedoara,10573,Căbeşti (Brănişca),Căbeşti,Brănişca
Hunedoara,10940,Căinelu de Jos (Şoimuş),Căinelu de Jos,Şoimuş
Hunedoara,10496,Căinelu de Sus (Băiţa),Căinelu de Sus,Băiţa
Hunedoara,10632,Călan,Călan,
Hunedoara,10633,Călanu Mic (Călan),Călanu Mic,Călan
Hunedoara,10997,Câmpu lui Neag (Uricani),Câmpu lui Neag,Uricani
Hunedoara,10729,Câmpuri de Sus (Gurasada),Câmpuri de Sus,Gurasada
Hunedoara,10730,Câmpuri-Surduc (Gurasada),Câmpuri-Surduc,Gurasada
Hunedoara,11022,Căoi (Veţel),Căoi,Veţel
Hunedoara,10486,Căraci (Baia de Criș),Căraci,Baia de Criș
Hunedoara,10487,Cărăstău (Baia de Criș),Cărăstău,Baia de Criș
Hunedoara,10646,Cârjiţi,Cârjiţi,
Hunedoara,10731,Cărmăzăneşti (Gurasada),Cărmăzăneşti,Gurasada
Hunedoara,10986,Cârneşti (Toteşti),Cârneşti,Toteşti
Hunedoara,10929,Cărpiniş (Simeria),Cărpiniş,Simeria
Hunedoara,10536,Căstău (Beriu),Căstău,Beriu
Hunedoara,11009,Căzăneşti (Vaţa de Jos),Căzăneşti,Vaţa de Jos
Hunedoara,10652,Cerbăl,Cerbăl,
Hunedoara,11047,Cerbia (Zam),Cerbia,Zam
Hunedoara,10777,Cerişor (Lelese),Cerişor,Lelese
Hunedoara,10620,Cernişoara Florese (Bunila),Cernişoara Florese,Bunila
Hunedoara,11031,Certeju de Jos (Vorţa),Certeju de Jos,Vorţa
Hunedoara,10662,Certeju de Sus,Certeju de Sus,
Hunedoara,10647,Chergheş (Cârjiţi),Chergheş,Cârjiţi
Hunedoara,10741,Chimindia (Hărău),Chimindia,Hărău
Hunedoara,10941,Chişcădaga (Şoimuş),Chişcădaga,Şoimuş
Hunedoara,10556,Chitid (Boşorod),Chitid,Boşorod
Hunedoara,10713,Cigmău (Geoagiu),Cigmău,Geoagiu
Hunedoara,10836,Cimpa (Petrila),Cimpa,Petrila
Hunedoara,10947,Cinciş-Cerna (Teliucu Inferior),Cinciş-Cerna,Teliucu Inferior
Hunedoara,10557,Cioclovina (Boşorod),Cioclovina,Boşorod
Hunedoara,10915,Ciopeia (Sântămăria-Orlea),Ciopeia,Sântămăria-Orlea
Hunedoara,10862,Ciula Mare (Răchitova),Ciula Mare,Răchitova
Hunedoara,10863,Ciula Mică (Răchitova),Ciula Mică,Răchitova
Hunedoara,10827,Ciulpăz (Pestişu Mic),Ciulpăz,Pestişu Mic
Hunedoara,10782,Ciumiţa (Lunca Cernii de Jos),Ciumiţa,Lunca Cernii de Jos
Hunedoara,11010,Ciungani (Vaţa de Jos),Ciungani,Vaţa de Jos
Hunedoara,10894,Ciungu Mare (Romos),Ciungu Mare,Romos
Hunedoara,10876,Clopotiva (Râu de Mori),Clopotiva,Râu de Mori
Hunedoara,11032,Coaja (Vorţa),Coaja,Vorţa
Hunedoara,10987,Copaci (Toteşti),Copaci,Toteşti
Hunedoara,10900,Coroieşti (Sălaşu de Sus),Coroieşti,Sălaşu de Sus
Hunedoara,10767,Coseşti (Lăpugiu de Jos),Coseşti,Lăpugiu de Jos
Hunedoara,10818,Costeşti (Orăștioara de Sus),Costeşti,Orăștioara de Sus
Hunedoara,10819,Costeşti-Deal (Orăștioara de Sus),Costeşti-Deal,Orăștioara de Sus
Hunedoara,10584,Covragiu (Bretea Română),Covragiu,Bretea Română
Hunedoara,10648,Cozia (Cârjiţi),Cozia,Cârjiţi
Hunedoara,10497,Crăciuneşti (Băiţa),Crăciuneşti,Băiţa
Hunedoara,10704,Crăguiş (General Berthelot),Crăguiş,General Berthelot
Hunedoara,10546,Criş (Blăjeni),Criş,Blăjeni
Hunedoara,10887,Crişan (Ribiţa),Crişan,Ribiţa
Hunedoara,10671,Crişcior,Crişcior,
Hunedoara,10685,Cristur (Deva),Cristur,Deva
Hunedoara,10675,Criva (Densuş),Criva,Densuş
Hunedoara,10522,Crivadia (Băniţa),Crivadia,Băniţa
Hunedoara,10537,Cucuiş (Beriu),Cucuiş,Beriu
Hunedoara,10759,Cuieş (Ilia),Cuieş,Ilia
Hunedoara,10603,Curechiu (Bucureşci),Curechiu,Bucureşci
Hunedoara,10970,Curpenii Silvaşului (Topliţa),Curpenii Silvaşului,Topliţa
Hunedoara,10828,Cutin (Pestişu Mic),Cutin,Pestişu Mic
Hunedoara,10971,Dăbâca (Topliţa),Dăbâca,Topliţa
Hunedoara,10842,Dalja Mare (Petroșani),Dalja Mare,Petroșani
Hunedoara,10843,Dalja Mica (Petroșani),Dalja Mica,Petroșani
Hunedoara,10807,Dâncu Mare (Mărtineşti),Dâncu Mare,Mărtineşti
Hunedoara,10808,Dâncu Mic (Mărtineşti),Dâncu Mic,Mărtineşti
Hunedoara,10732,Dănuleşti (Gurasada),Dănuleşti,Gurasada
Hunedoara,11040,Dealu Babii (Vulcan),Dealu Babii,Vulcan
Hunedoara,11001,Dealu Mare (Vălişoara),Dealu Mare,Vălişoara
Hunedoara,10972,Dealu Mic (Topliţa),Dealu Mic,Topliţa
Hunedoara,11048,Deleni (Zam),Deleni,Zam
Hunedoara,10676,Densuş,Densuş,
Hunedoara,10686,Deva,Deva,
Hunedoara,10691,Dobra,Dobra,
Hunedoara,10955,Dobroţ (Tomeşti),Dobroţ,Tomeşti
Hunedoara,10547,Dragu-Brad (Blăjeni),Dragu-Brad,Blăjeni
Hunedoara,10791,Dudeşti (Luncoiu de Jos),Dudeşti,Luncoiu de Jos
Hunedoara,10829,Dumbrava (Pestişu Mic),Dumbrava,Pestişu Mic
Hunedoara,10888,Dumbrava de Jos (Ribiţa),Dumbrava de Jos,Ribiţa
Hunedoara,10889,Dumbrava de Sus (Ribiţa),Dumbrava de Sus,Ribiţa
Hunedoara,10760,Dumbrăviţa (Ilia),Dumbrăviţa,Ilia
Hunedoara,11033,Dumeşti (Vorţa),Dumeşti,Vorţa
Hunedoara,10596,Dupăpiatră (Buceş),Dupăpiatră,Buceş
Hunedoara,10692,Făgeţel (Dobra),Făgeţel,Dobra
Hunedoara,10783,Fântâna (Lunca Cernii de Jos),Fântâna,Lunca Cernii de Jos
Hunedoara,10705,Fărcădin (General Berthelot),Fărcădin,General Berthelot
Hunedoara,10531,Faţa Roşie (Bătrâna),Faţa Roşie,Bătrâna
Hunedoara,10849,Federi (Pui),Federi,Pui
Hunedoara,10653,Feregi (Cerbăl),Feregi,Cerbăl
Hunedoara,10768,Fintoag (Lăpugiu de Jos),Fintoag,Lăpugiu de Jos
Hunedoara,10498,Fizeş (Băiţa),Fizeş,Băiţa
Hunedoara,10850,Fizeşti (Pui),Fizeşti,Pui
Hunedoara,10871,Folt (Rapoltu Mare),Folt,Rapoltu Mare
Hunedoara,10942,Fornădia (Şoimuş),Fornădia,Şoimuş
Hunedoara,10574,Furcşoara (Brănişca),Furcşoara,Brănişca
Hunedoara,10851,Galaţi (Pui),Galaţi,Pui
Hunedoara,10510,Galbina (Balşa),Galbina,Balşa
Hunedoara,10585,Gânţaga (Bretea Română),Gânţaga,Bretea Română
Hunedoara,10714,Gelmar (Geoagiu),Gelmar,Geoagiu
Hunedoara,10706,General Berthelot,General Berthelot,
Hunedoara,10715,Geoagiu,Geoagiu,
Hunedoara,10716,Geoagiu-Bai (Geoagiu),Geoagiu-Bai,Geoagiu
Hunedoara,10722,Ghelari,Ghelari,
Hunedoara,10575,Gialacuta (Brănişca),Gialacuta,Brănişca
Hunedoara,10610,Giurgeşti (Bulzeştii de Sus),Giurgeşti,Bulzeştii de Sus
Hunedoara,10626,Glodghileşti (Burjuc),Glodghileşti,Burjuc
Hunedoara,11049,Godineşti (Zam),Godineşti,Zam
Hunedoara,10973,Goleş (Topliţa),Goleş,Topliţa
Hunedoara,10864,Goteşti (Răchitova),Goteşti,Răchitova
Hunedoara,10733,Gothatea (Gurasada),Gothatea,Gurasada
Hunedoara,10723,Govăjdia (Ghelari),Govăjdia,Ghelari
Hunedoara,10820,Grădiştea de Munte (Orăștioara de Sus),Grădiştea de Munte,Orăștioara de Sus
Hunedoara,10634,Grid (Călan),Grid,Călan
Hunedoara,10769,Grind (Lăpugiu de Jos),Grind,Lăpugiu de Jos
Hunedoara,10611,Grohot (Bulzeştii de Sus),Grohot,Bulzeştii de Sus
Hunedoara,10597,Grohoţele (Buceş),Grohoţele,Buceş
Hunedoara,10750,Groş (Hunedoara),Groş,Hunedoara
Hunedoara,10548,Groşuri (Blăjeni),Groşuri,Blăjeni
Hunedoara,10784,Gura Bordului (Lunca Cernii de Jos),Gura Bordului,Lunca Cernii de Jos
Hunedoara,10734,Gurasada,Gurasada,
Hunedoara,10742,Hărău,Hărău,
Hunedoara,10499,Hărţăgani (Băiţa),Hărţăgani,Băiţa
Hunedoara,10751,Hăşdat (Hunedoara),Hăşdat,Hunedoara
Hunedoara,10974,Hăşdău (Topliţa),Hăşdău,Topliţa
Hunedoara,10677,Hăţăgel (Densuş),Hăţăgel,Densuş
Hunedoara,10744,Haţeg,Haţeg,
Hunedoara,11023,Herepeia (Veţel),Herepeia,Veţel
Hunedoara,10852,Hobiţa (Pui),Hobiţa,Pui
Hunedoara,10923,Hobiţa-Grădişte (Sarmizegetusa),Hobiţa-Grădişte,Sarmizegetusa
Hunedoara,10770,Holdea (Lăpugiu de Jos),Holdea,Lăpugiu de Jos
Hunedoara,10717,Homorod (Geoagiu),Homorod,Geoagiu
Hunedoara,10663,Hondol (Certeju de Sus),Hondol,Certeju de Sus
Hunedoara,10752,Hunedoara,Hunedoara,
Hunedoara,10761,Ilia,Ilia,
Hunedoara,10472,Iscroni (Aninoasa),Iscroni,Aninoasa
Hunedoara,10948,Izvoarele (Teliucu Inferior),Izvoarele,Teliucu Inferior
Hunedoara,10809,Jeledinţi (Mărtineşti),Jeledinţi,Mărtineşti
Hunedoara,10837,Jieţ (Petrila),Jieţ,Petrila
Hunedoara,11041,Jiu-Paroşeni (Vulcan),Jiu-Paroşeni,Vulcan
Hunedoara,10830,Josani (Pestişu Mic),Josani,Pestişu Mic
Hunedoara,10771,Lăpugiu de Jos,Lăpugiu de Jos,
Hunedoara,10772,Lăpugiu de Sus (Lăpugiu de Jos),Lăpugiu de Sus,Lăpugiu de Jos
Hunedoara,10693,Lăpuşnic (Dobra),Lăpuşnic,Dobra
Hunedoara,10773,Lăsău (Lăpugiu de Jos),Lăsău,Lăpugiu de Jos
Hunedoara,10957,Leauţ (Tomeşti),Leauţ,Tomeşti
Hunedoara,10778,Lelese,Lelese,
Hunedoara,11024,Leşnic (Veţel),Leşnic,Veţel
Hunedoara,10958,Livada (Tomeşti),Livada,Tomeşti
Hunedoara,10526,Livadia (Baru),Livadia,Baru
Hunedoara,10707,Livezi (General Berthelot),Livezi,General Berthelot
Hunedoara,10821,Ludeştii de Jos (Orăștioara de Sus),Ludeştii de Jos,Orăștioara de Sus
Hunedoara,10822,Ludeştii de Sus (Orăștioara de Sus),Ludeştii de Sus,Orăștioara de Sus
Hunedoara,10488,Lunca (Baia de Criș),Lunca,Baia de Criș
Hunedoara,10500,Lunca (Băiţa),Lunca,Băiţa
Hunedoara,10785,Lunca Cernii de Jos,Lunca Cernii de Jos,
Hunedoara,10786,Lunca Cernii de Sus (Lunca Cernii de Jos),Lunca Cernii de Sus,Lunca Cernii de Jos
Hunedoara,10558,Luncani (Boşorod),Luncani,Boşorod
Hunedoara,10792,Luncoiu de Jos,Luncoiu de Jos,
Hunedoara,10793,Luncoiu de Sus (Luncoiu de Jos),Luncoiu de Sus,Luncoiu de Jos
Hunedoara,11034,Luncşoara (Vorţa),Luncşoara,Vorţa
Hunedoara,10800,Lupeni,Lupeni,
Hunedoara,10586,Măceu (Bretea Română),Măceu,Bretea Română
Hunedoara,10511,Mada (Balşa),Mada,Balşa
Hunedoara,10810,Măgura (Mărtineşti),Măgura,Mărtineşti
Hunedoara,10664,Măgura-Topliţa (Certeju de Sus),Măgura-Topliţa,Certeju de Sus
Hunedoara,10538,Măgureni (Beriu),Măgureni,Beriu
Hunedoara,10901,Mălăieşti (Sălaşu de Sus),Mălăieşti,Sălaşu de Sus
Hunedoara,10831,Mănerău (Pestişu Mic),Mănerău,Pestişu Mic
Hunedoara,10811,Mărtineşti,Mărtineşti,
Hunedoara,10787,Meria (Lunca Cernii de Jos),Meria,Lunca Cernii de Jos
Hunedoara,10523,Merişor (Băniţa),Merişor,Băniţa
Hunedoara,10604,Merişor (Bucureşci),Merişor,Bucureşci
Hunedoara,10654,Merişoru de Munte (Cerbăl),Merişoru de Munte,Cerbăl
Hunedoara,10718,Mermezeu-Valeni (Geoagiu),Mermezeu-Valeni,Geoagiu
Hunedoara,10564,Mesteacăn (Brad),Mesteacăn,Brad
Hunedoara,10865,Mesteacăn (Răchitova),Mesteacăn,Răchitova
Hunedoara,11050,Micăneşti (Zam),Micăneşti,Zam
Hunedoara,10695,Mihăieşti (Dobra),Mihăieşti,Dobra
Hunedoara,10598,Mihăileni (Buceş),Mihăileni,Buceş
Hunedoara,11025,Mintia (Veţel),Mintia,Veţel
Hunedoara,10978,Mosoru (Topliţa),Mosoru,Topliţa
Hunedoara,11026,Muncelu Mare (Veţel),Muncelu Mare,Veţel
Hunedoara,11027,Muncelu Mic (Veţel),Muncelu Mic,Veţel
Hunedoara,10635,Nădăştia de Jos (Călan),Nădăştia de Jos,Călan
Hunedoara,10636,Nădăştia de Sus (Călan),Nădăştia de Sus,Călan
Hunedoara,10745,Nălatvad (Haţeg),Nălatvad,Haţeg
Hunedoara,10832,Nandru (Pestişu Mic),Nandru,Pestişu Mic
Hunedoara,10788,Negoiu (Lunca Cernii de Jos),Negoiu,Lunca Cernii de Jos
Hunedoara,10665,Nojag (Certeju de Sus),Nojag,Certeju de Sus
Hunedoara,10902,Nucşoara (Sălaşu de Sus),Nucşoara,Sălaşu de Sus
Hunedoara,10961,Obârşa (Tomeşti),Obârşa,Tomeşti
Hunedoara,11011,Ocişor (Vaţa de Jos),Ocişor,Vaţa de Jos
Hunedoara,11012,Ociu (Vaţa de Jos),Ociu,Vaţa de Jos
Hunedoara,10587,Ocolişu Mare (Bretea Română),Ocolişu Mare,Bretea Română
Hunedoara,10823,Ocolişu Mic (Orăștioara de Sus),Ocolişu Mic,Orăștioara de Sus
Hunedoara,10774,Ohaba (Lăpugiu de Jos),Ohaba,Lăpugiu de Jos
Hunedoara,10903,Ohaba de sub Piatră (Sălaşu de Sus),Ohaba de sub Piatră,Sălaşu de Sus
Hunedoara,10637,Ohaba Streiului (Călan),Ohaba Streiului,Călan
Hunedoara,10853,Ohaba-Ponor (Pui),Ohaba-Ponor,Pui
Hunedoara,10877,Ohaba-Sibişel (Râu de Mori),Ohaba-Sibişel,Râu de Mori
Hunedoara,10512,Oprişeşti (Balşa),Oprişeşti,Balşa
Hunedoara,10815,Orăştie,Orăştie,
Hunedoara,10539,Orăştioara de Jos (Beriu),Orăştioara de Jos,Beriu
Hunedoara,10824,Orăştioara de Sus (Orăștioara de Sus),Orăştioara de Sus,Orăștioara de Sus
Hunedoara,10501,Ormindea (Băiţa),Ormindea,Băiţa
Hunedoara,10878,Ostrov (Râu de Mori),Ostrov,Râu de Mori
Hunedoara,10879,Ostrovel (Râu de Mori),Ostrovel,Râu de Mori
Hunedoara,10880,Ostrovu Mic (Râu de Mori),Ostrovu Mic,Râu de Mori
Hunedoara,10988,Păclişa (Toteşti),Păclişa,Toteşti
Hunedoara,10696,Panc (Dobra),Panc,Dobra
Hunedoara,10697,Panc-Sălişte (Dobra),Panc-Sălişte,Dobra
Hunedoara,10904,Paroş (Sălaşu de Sus),Paroş,Sălaşu de Sus
Hunedoara,10924,Păucineşti (Sarmizegetusa),Păucineşti,Sarmizegetusa
Hunedoara,10612,Păuleşti (Bulzeştii de Sus),Păuleşti,Bulzeştii de Sus
Hunedoara,10943,Păuliş (Şoimuş),Păuliş,Şoimuş
Hunedoara,10678,Peşteana (Densuş),Peşteana,Densuş
Hunedoara,10679,Peşteniţa (Densuş),Peşteniţa,Densuş
Hunedoara,10502,Peştera (Băiţa),Peştera,Băiţa
Hunedoara,10844,Peştera (Petroșani),Peştera,Petroșani
Hunedoara,10905,Peştera (Sălaşu de Sus),Peştera,Sălaşu de Sus
Hunedoara,10753,Peştişu Mare (Hunedoara),Peştişu Mare,Hunedoara
Hunedoara,10833,Pestişu Mic,Pestişu Mic,
Hunedoara,10480,Petreni (Băcia),Petreni,Băcia
Hunedoara,10627,Petreşti (Burjuc),Petreşti,Burjuc
Hunedoara,10838,Petrila,Petrila,
Hunedoara,10527,Petros (Baru),Petros,Baru
Hunedoara,10845,Petroșani,Petroșani,
Hunedoara,10532,Piatra (Bătrâna),Piatra,Bătrâna
Hunedoara,10895,Pişchinţi (Romos),Pişchinţi,Romos
Hunedoara,10549,Plai (Blăjeni),Plai,Blăjeni
Hunedoara,10724,Plop (Ghelari),Plop,Ghelari
Hunedoara,10588,Plopi (Bretea Română),Plopi,Bretea Română
Hunedoara,10794,Podele (Luncoiu de Jos),Podele,Luncoiu de Jos
Hunedoara,11051,Pogăneşti (Zam),Pogăneşti,Zam
Hunedoara,10513,Poiana (Balşa),Poiana,Balşa
Hunedoara,10655,Poiana Răchiţelii (Cerbăl),Poiana Răchiţelii,Cerbăl
Hunedoara,10540,Poieni (Beriu),Poieni,Beriu
Hunedoara,10680,Poieni (Densuş),Poieni,Densuş
Hunedoara,10514,Poieniţa (Balşa),Poieniţa,Balşa
Hunedoara,10656,Poieniţa Tomii (Cerbăl),Poieniţa Tomii,Cerbăl
Hunedoara,10621,Poieniţa Voinii (Bunila),Poieniţa Voinii,Bunila
Hunedoara,11052,Pojoga (Zam),Pojoga,Zam
Hunedoara,10854,Ponor (Pui),Ponor,Pui
Hunedoara,10649,Popeşti (Cârjiţi),Popeşti,Cârjiţi
Hunedoara,10565,Potingani (Brad),Potingani,Brad
Hunedoara,11013,Prăvăleni (Vaţa de Jos),Prăvăleni,Vaţa de Jos
Hunedoara,10992,Pricaz (Turdaş),Pricaz,Turdaş
Hunedoara,10559,Prihodişte (Boşorod),Prihodişte,Boşorod
Hunedoara,11014,Prihodişte (Vaţa de Jos),Prihodişte,Vaţa de Jos
Hunedoara,10855,Pui,Pui,
Hunedoara,10754,Răcăştia (Hunedoara),Răcăştia,Hunedoara
Hunedoara,10533,Răchiţaua (Bătrâna),Răchiţaua,Bătrâna
Hunedoara,10866,Răchitova,Răchitova,
Hunedoara,10698,Răduleşti (Dobra),Răduleşti,Dobra
Hunedoara,10993,Râpaş (Turdaş),Râpaş,Turdaş
Hunedoara,10872,Rapolţel (Rapoltu Mare),Rapolţel,Rapoltu Mare
Hunedoara,10873,Rapoltu Mare,Rapoltu Mare,
Hunedoara,10839,Răscoala (Petrila),Răscoala,Petrila
Hunedoara,10906,Râu Alb (Sălaşu de Sus),Râu Alb,Sălaşu de Sus
Hunedoara,10856,Râu Bărbat (Pui),Râu Bărbat,Pui
Hunedoara,10881,Râu de Mori,Râu de Mori,
Hunedoara,10907,Râu Mic (Sălaşu de Sus),Râu Mic,Sălaşu de Sus
Hunedoara,10989,Reea (Toteşti),Reea,Toteşti
Hunedoara,10719,Renghet (Geoagiu),Renghet,Geoagiu
Hunedoara,10550,Reţ (Blăjeni),Reţ,Blăjeni
Hunedoara,10890,Ribicioara (Ribiţa),Ribicioara,Ribiţa
Hunedoara,10891,Ribiţa,Ribiţa,
Hunedoara,10489,Rişca (Baia de Criș),Rişca,Baia de Criș
Hunedoara,10490,Rişculiţa (Baia de Criș),Rişculiţa,Baia de Criș
Hunedoara,10896,Romos,Romos,
Hunedoara,10897,Romoşel (Romos),Romoşel,Romos
Hunedoara,10699,Roşcani (Dobra),Roşcani,Dobra
Hunedoara,10515,Roşia (Balşa),Roşia,Balşa
Hunedoara,10576,Rovina (Brănişca),Rovina,Brănişca
Hunedoara,10605,Rovina (Bucureşci),Rovina,Bucureşci
Hunedoara,10725,Ruda (Ghelari),Ruda,Ghelari
Hunedoara,10566,Ruda-Brad (Brad),Ruda-Brad,Brad
Hunedoara,10735,Runcşor (Gurasada),Runcşor,Gurasada
Hunedoara,10779,Runcu Mare (Lelese),Runcu Mare,Lelese
Hunedoara,11028,Runcu Mic (Veţel),Runcu Mic,Veţel
Hunedoara,10613,Ruseşti (Bulzeştii de Sus),Ruseşti,Bulzeştii de Sus
Hunedoara,10589,Ruşi (Bretea Română),Ruşi,Bretea Română
Hunedoara,10857,Ruşor (Pui),Ruşor,Pui
Hunedoara,10762,Săcămaş (Ilia),Săcămaş,Ilia
Hunedoara,10666,Săcărâmb (Certeju de Sus),Săcărâmb,Certeju de Sus
Hunedoara,10916,Săcel (Sântămăria-Orlea),Săcel,Sântămăria-Orlea
Hunedoara,10908,Sălaşu de Jos (Sălaşu de Sus),Sălaşu de Jos,Sălaşu de Sus
Hunedoara,10909,Sălaşu de Sus,Sălaşu de Sus,
Hunedoara,10551,Sălătruc (Blăjeni),Sălătruc,Blăjeni
Hunedoara,11053,Sălciva (Zam),Sălciva,Zam
Hunedoara,10503,Sălişte (Băiţa),Sălişte,Băiţa
Hunedoara,11002,Săliştioara (Vălişoara),Săliştioara,Vălişoara
Hunedoara,10638,Sâncrai (Călan),Sâncrai,Călan
Hunedoara,10917,Sânpetru (Sântămăria-Orlea),Sânpetru,Sântămăria-Orlea
Hunedoara,10639,Santamaria de Piatra (Călan),Santamaria de Piatra,Călan
Hunedoara,10918,Sântămăria-Orlea,Sântămăria-Orlea,
Hunedoara,10930,Sântandrei (Simeria),Sântandrei,Simeria
Hunedoara,10687,Sântuhalm (Deva),Sântuhalm,Deva
Hunedoara,10763,Sârbi (Ilia),Sârbi,Ilia
Hunedoara,10925,Sarmizegetusa,Sarmizegetusa,
Hunedoara,10931,Săuleşti (Simeria),Săuleşti,Simeria
Hunedoara,10541,Sereca (Beriu),Sereca,Beriu
Hunedoara,10858,Şerel (Pui),Şerel,Pui
Hunedoara,10606,Şesuri (Bucureşci),Şesuri,Bucureşci
Hunedoara,10542,Sibişel (Beriu),Sibişel,Beriu
Hunedoara,10882,Sibişel (Râu de Mori),Sibişel,Râu de Mori
Hunedoara,10746,Silvaşu de Jos (Haţeg),Silvaşu de Jos,Haţeg
Hunedoara,10747,Silvaşu de Sus (Haţeg),Silvaşu de Sus,Haţeg
Hunedoara,10932,Simeria,Simeria,
Hunedoara,10933,Simeria Veche (Simeria),Simeria Veche,Simeria
Hunedoara,10846,Slatinioara (Petroșani),Slatinioara,Petroșani
Hunedoara,10657,Socet (Cerbăl),Socet,Cerbăl
Hunedoara,10780,Sohodol (Lelese),Sohodol,Lelese
Hunedoara,10944,Şoimuş,Şoimuş,
Hunedoara,10994,Spini (Turdaş),Spini,Turdaş
Hunedoara,10700,Stânceşti (Dobra),Stânceşti,Dobra
Hunedoara,10701,Stânceşti-Ohaba (Dobra),Stânceşti-Ohaba,Dobra
Hunedoara,10614,Stănculeşti (Bulzeştii de Sus),Stănculeşti,Bulzeştii de Sus
Hunedoara,10599,Stănija (Buceş),Stănija,Buceş
Hunedoara,10516,Stăuini (Balşa),Stăuini,Balşa
Hunedoara,10681,Ştei (Densuş),Ştei,Densuş
Hunedoara,10963,Şteia (Tomeşti),Şteia,Tomeşti
Hunedoara,10795,Stejărel (Luncoiu de Jos),Stejărel,Luncoiu de Jos
Hunedoara,11003,Stoieneasa (Vălişoara),Stoieneasa,Vălişoara
Hunedoara,10640,Strei (Călan),Strei,Călan
Hunedoara,10641,Strei-Sacel (Călan),Strei-Sacel,Călan
Hunedoara,10642,Streisangeorgiu (Călan),Streisangeorgiu,Călan
Hunedoara,10702,Stretea (Dobra),Stretea,Dobra
Hunedoara,10919,Subcetate (Sântămăria-Orlea),Subcetate,Sântămăria-Orlea
Hunedoara,10945,Sulighete (Şoimuş),Sulighete,Şoimuş
Hunedoara,10883,Suseni (Râu de Mori),Suseni,Râu de Mori
Hunedoara,10812,Tămăşasa (Mărtineşti),Tămăşasa,Mărtineşti
Hunedoara,11054,Tămăşeşti (Zam),Tămăşeşti,Zam
Hunedoara,10481,Tâmpa (Băcia),Tâmpa,Băcia
Hunedoara,10567,Ţărăţel (Brad),Ţărăţel,Brad
Hunedoara,10577,Târnava (Brănişca),Târnava,Brănişca
Hunedoara,11015,Târnava de Criş (Vaţa de Jos),Târnava de Criş,Vaţa de Jos
Hunedoara,10578,Târnăviţa (Brănişca),Târnăviţa,Brănişca
Hunedoara,10600,Tarniţa (Buceş),Tarniţa,Buceş
Hunedoara,10560,Târsa (Boşorod),Târsa,Boşorod
Hunedoara,10628,Tătărăşti (Burjuc),Tătărăşti,Burjuc
Hunedoara,11016,Tătărăştii de Criş (Vaţa de Jos),Tătărăştii de Criş,Vaţa de Jos
Hunedoara,10491,Ţebea (Baia de Criș),Ţebea,Baia de Criș
Hunedoara,10517,Techereu (Balşa),Techereu,Balşa
Hunedoara,10775,Teiu (Lăpugiu de Jos),Teiu,Lăpugiu de Jos
Hunedoara,10949,Teliucu Inferior,Teliucu Inferior,
Hunedoara,10950,Teliucu Superior (Teliucu Inferior),Teliucu Superior,Teliucu Inferior
Hunedoara,10615,Ticera (Bulzeştii de Sus),Ticera,Bulzeştii de Sus
Hunedoara,10840,Tirici (Petrila),Tirici,Petrila
Hunedoara,10629,Tisa (Burjuc),Tisa,Burjuc
Hunedoara,10964,Tiuleşti (Tomeşti),Tiuleşti,Tomeşti
Hunedoara,10965,Tomeşti,Tomeşti,
Hunedoara,10616,Tomnatec (Bulzeştii de Sus),Tomnatec,Bulzeştii de Sus
Hunedoara,10980,Topliţa,Topliţa,
Hunedoara,10667,Topliţa Mureşului (Certeju de Sus),Topliţa Mureşului,Certeju de Sus
Hunedoara,10990,Toteşti,Toteşti,
Hunedoara,10482,Totia (Băcia),Totia,Băcia
Hunedoara,10504,Trestia (Băiţa),Trestia,Băiţa
Hunedoara,10995,Turdaş,Turdaş,
Hunedoara,10813,Turmaş (Mărtineşti),Turmaş,Mărtineşti
Hunedoara,10708,Tuştea (General Berthelot),Tuştea,General Berthelot
Hunedoara,10892,Uibăreşti (Ribiţa),Uibăreşti,Ribiţa
Hunedoara,10736,Ulieş (Gurasada),Ulieş,Gurasada
Hunedoara,10658,Ulm (Cerbăl),Ulm,Cerbăl
Hunedoara,10884,Unciuc (Râu de Mori),Unciuc,Râu de Mori
Hunedoara,10859,Uric (Pui),Uric,Pui
Hunedoara,10998,Uricani,Uricani,
Hunedoara,10934,Uroi (Simeria),Uroi,Simeria
Hunedoara,10561,Ursici (Boşorod),Ursici,Boşorod
Hunedoara,10920,Vadu (Sântămăria-Orlea),Vadu,Sântămăria-Orlea
Hunedoara,10622,Vadu Dobrii (Bunila),Vadu Dobrii,Bunila
Hunedoara,10898,Vaidei (Romos),Vaidei,Romos
Hunedoara,10982,Vălari (Topliţa),Vălari,Topliţa
Hunedoara,10590,Vâlcele (Bretea Română),Vâlcele,Bretea Română
Hunedoara,10591,Vâlcelele Bune (Bretea Română),Vâlcelele Bune,Bretea Română
Hunedoara,10592,Vâlceluţa (Bretea Română),Vâlceluţa,Bretea Română
Hunedoara,11055,Valea (Zam),Valea,Zam
Hunedoara,10672,Valea Arsului (Crişcior),Valea Arsului,Crişcior
Hunedoara,10789,Valea Babii (Lunca Cernii de Jos),Valea Babii,Lunca Cernii de Jos
Hunedoara,10568,Valea Bradului (Brad),Valea Bradului,Brad
Hunedoara,10885,Valea Dâljii (Râu de Mori),Valea Dâljii,Râu de Mori
Hunedoara,10999,Valea de Brazi (Uricani),Valea de Brazi,Uricani
Hunedoara,10764,Valea Lungă (Ilia),Valea Lungă,Ilia
Hunedoara,10528,Valea Lupului (Baru),Valea Lupului,Baru
Hunedoara,10966,Valea Mare de Criş (Tomeşti),Valea Mare de Criş,Tomeşti
Hunedoara,10834,Valea Nandrului (Pestişu Mic),Valea Nandrului,Pestişu Mic
Hunedoara,11035,Valea Poienii (Vorţa),Valea Poienii,Vorţa
Hunedoara,10643,Valea Sângeorgiului (Călan),Valea Sângeorgiului,Călan
Hunedoara,10492,Văleni (Baia de Criș),Văleni,Baia de Criș
Hunedoara,10720,Văleni (Geoagiu),Văleni,Geoagiu
Hunedoara,10867,Vălioara (Răchitova),Vălioara,Răchitova
Hunedoara,10518,Vălişoara (Balşa),Vălişoara,Balşa
Hunedoara,11004,Vălişoara,Vălişoara,
Hunedoara,10668,Vărmaga (Certeju de Sus),Vărmaga,Certeju de Sus
Hunedoara,11017,Vaţa de Jos,Vaţa de Jos,
Hunedoara,11018,Vaţa de Sus (Vaţa de Jos),Vaţa de Sus,Vaţa de Jos
Hunedoara,11029,Veţel,Veţel,
Hunedoara,10737,Vica (Gurasada),Vica,Gurasada
Hunedoara,11036,Visca (Vorţa),Visca,Vorţa
Hunedoara,10519,Voia (Balşa),Voia,Balşa
Hunedoara,11037,Vorţa,Vorţa,
Hunedoara,11042,Vulcan,Vulcan,
Hunedoara,11056,Zam,Zam,
Hunedoara,10910,Zăvoi (Sălaşu de Sus),Zăvoi,Sălaşu de Sus
Hunedoara,10673,Zdrapţi (Crişcior),Zdrapţi,Crişcior
Hunedoara,10926,Zeicani (Sarmizegetusa),Zeicani,Sarmizegetusa
Iași,11438,Albeşti (Brăeşti),Albeşti,Brăeşti
Iași,12055,Alexandru cel Bun (Vlădeni),Alexandru cel Bun,Vlădeni
Iași,11386,Alexandru Ioan Cuza,Alexandru Ioan Cuza,
Iași,11936,Alexeni (Ţibana),Alexeni,Ţibana
Iași,11680,Alexeşti (Ipatele),Alexeşti,Ipatele
Iași,11391,Andrieşeni (Andrieșeni),Andrieşeni,Andrieșeni
Iași,11477,Arama (Coarnele Caprei),Arama,Coarnele Caprei
Iași,11399,Aroneanu,Aroneanu,
Iași,11833,Avântu (Româneşti),Avântu,Româneşti
Iași,11681,Bâcu (Ipatele),Bâcu,Ipatele
Iași,11877,Bădeni (Scobinţi),Bădeni,Scobinţi
Iași,11513,Bahluiu (Cotnari),Bahluiu,Cotnari
Iași,11539,Băiceni (Cucuteni),Băiceni,Cucuteni
Iași,11961,Băiceni (Todireşti),Băiceni,Todireşti
Iași,11713,Balciu (Miroslava),Balciu,Miroslava
Iași,11404,Balş (Balș),Balş,Balș
Iași,11410,Bălţaţi,Bălţaţi,
Iași,11811,Bălteni (Probota),Bălteni,Probota
Iași,11544,Băluşeşti (Dagâţa),Băluşeşti,Dagâţa
Iași,11589,Banu (Dumeşti),Banu,Dumeşti
Iași,11540,Bărbăteşti (Cucuteni),Bărbăteşti,Cucuteni
Iași,11598,Bârleşti (Erbiceni),Bârleşti,Erbiceni
Iași,11418,Bârnova,Bârnova,
Iași,11425,Belceşti,Belceşti,
Iași,11905,Berezlogi (Sireţel),Berezlogi,Sireţel
Iași,11432,Bivolari,Bivolari,
Iași,11868,Blaga (Schitu Duca),Blaga,Schitu Duca
Iași,11757,Blăgeşti (Paşcani),Blăgeşti,Paşcani
Iași,11545,Boatca (Dagâţa),Boatca,Dagâţa
Iași,11883,Bocniţa (Sineşti),Bocniţa,Sineşti
Iași,11849,Bodeşti (Scânteia),Bodeşti,Scânteia
Iași,11667,Bogdăneşti (Horleşti),Bogdăneşti,Horleşti
Iași,11692,Bogonos (Leţcani),Bogonos,Leţcani
Iași,11819,Bohotin (Răducăneni),Bohotin,Răducăneni
Iași,11702,Bojila (Mădârjac),Bojila,Mădârjac
Iași,11650,Boldeşti (Hărmăneşti),Boldeşti,Hărmăneşti
Iași,11850,Boroşeşti (Scânteia),Boroşeşti,Scânteia
Iași,11764,Borosoaia (Plugari),Borosoaia,Plugari
Iași,12056,Borşa (Vlădeni),Borşa,Vlădeni
Iași,12004,Bosia (Ungheni),Bosia,Ungheni
Iași,11758,Boşteni (Paşcani),Boşteni,Paşcani
Iași,11745,Boureni (Moţca),Boureni,Moţca
Iași,11927,Boureni (Targu Frumos),Boureni,Targu Frumos
Iași,11569,Brădiceşti (Dolheşti),Brădiceşti,Dolheşti
Iași,11439,Brăeşti,Brăeşti,
Iași,11607,Bran (Golăieşti),Bran,Golăieşti
Iași,11911,Brăteşti (Stolniceni-Prăjescu),Brăteşti,Stolniceni-Prăjescu
Iași,11714,Brătuleni (Miroslava),Brătuleni,Miroslava
Iași,11915,Brătuleşti (Strunga),Brătuleşti,Strunga
Iași,11825,Breazu (Rediu),Breazu,Rediu
Iași,12058,Broşteni (Vlădeni),Broşteni,Vlădeni
Iași,11441,Buda (Brăeşti),Buda,Brăeşti
Iași,11685,Buda (Lespezi),Buda,Lespezi
Iași,11768,Budăi (Podu Iloaiei),Budăi,Podu Iloaiei
Iași,11732,Budeşti (Mogoşeşti),Budeşti,Mogoşeşti
Iași,11392,Buhăeni (Andrieșeni),Buhăeni,Andrieșeni
Iași,11456,Buhalniţa (Cepleniţa),Buhalniţa,Cepleniţa
Iași,11630,Bulbucani (Gropniţa),Bulbucani,Gropniţa
Iași,11686,Bursuc-Deal (Lespezi),Bursuc-Deal,Lespezi
Iași,11687,Bursuc-Vale (Lespezi),Bursuc-Vale,Lespezi
Iași,11433,Buruieneşti (Bivolari),Buruieneşti,Bivolari
Iași,11453,Butea,Butea,
Iași,11546,Buzdug (Dagâţa),Buzdug,Dagâţa
Iași,11673,Buznea (Ion Neculce),Buznea,Ion Neculce
Iași,11622,Cărbunari (Grajduri),Cărbunari,Grajduri
Iași,11514,Cârjoaia (Cotnari),Cârjoaia,Cotnari
Iași,11797,Cârlig (Popricani),Cârlig,Popricani
Iași,11956,Cârniceni (Ţigănaşi),Cârniceni,Ţigănaşi
Iași,11858,Căueşti (Şcheia),Căueşti,Şcheia
Iași,11457,Cepleniţa,Cepleniţa,
Iași,11419,Cercu (Bârnova),Cercu,Bârnova
Iași,11978,Chicerea (Tomeşti),Chicerea,Tomeşti
Iași,11590,Chilişoaia (Dumeşti),Chilişoaia,Dumeşti
Iași,12000,Chipereşti (Ţuţora),Chipereşti,Ţuţora
Iași,11898,Chişcăreni (Şipote),Chişcăreni,Şipote
Iași,11608,Cilibiu (Golăieşti),Cilibiu,Golăieşti
Iași,11859,Cioca-Boca (Şcheia),Cioca-Boca,Şcheia
Iași,11851,Ciocârleşti (Scânteia),Ciocârleşti,Scânteia
Iași,11461,Ciohorăni,Ciohorăni,
Iași,11463,Ciorteşti,Ciorteşti,
Iași,11515,Cireşeni (Cotnari),Cireşeni,Cotnari
Iași,11715,Ciurbeşti (Miroslava),Ciurbeşti,Miroslava
Iași,11469,Ciurea,Ciurea,
Iași,12007,Coada Stâncii (Ungheni),Coada Stâncii,Ungheni
Iași,11478,Coarnele Caprei,Coarnele Caprei,
Iași,11405,Coasta Măgurii (Balș),Coasta Măgurii,Balș
Iași,11693,Cogeasca (Leţcani),Cogeasca,Leţcani
Iași,11638,Colţu Cornii (Grozeşti),Colţu Cornii,Grozeşti
Iași,11481,Comarna,Comarna,
Iași,12022,Conţeşti (Valea Seacă),Conţeşti,Valea Seacă
Iași,11623,Corcodel (Grajduri),Corcodel,Grajduri
Iași,11716,Corneşti (Miroslava),Corneşti,Miroslava
Iași,11464,Coropceni (Ciorteşti),Coropceni,Ciorteşti
Iași,11769,Cosiţeni (Podu Iloaiei),Cosiţeni,Podu Iloaiei
Iași,11490,Costeşti,Costeşti,
Iași,11508,Costuleni,Costuleni,
Iași,11411,Cotârgaci (Bălţaţi),Cotârgaci,Bălţaţi
Iași,11516,Cotnari,Cotnari,
Iași,11609,Cotu lui Ivan (Golăieşti),Cotu lui Ivan,Golăieşti
Iași,11798,Cotu Morii (Popricani),Cotu Morii,Popricani
Iași,11509,Covasna (Costuleni),Covasna,Costuleni
Iași,11510,Cozia (Costuleni),Cozia,Costuleni
Iași,11526,Cozmeşti,Cozmeşti,
Iași,11912,Cozmeşti (Stolniceni-Prăjescu),Cozmeşti,Stolniceni-Prăjescu
Iași,11442,Cristeşti (Brăeşti),Cristeşti,Brăeşti
Iași,20962,Cristeşti,Cristeşti,
Iași,11659,Cristeşti (Holboca),Cristeşti,Holboca
Iași,11916,Criveşti (Strunga),Criveşti,Strunga
Iași,12030,Criveşti (Vânători),Criveşti,Vânători
Iași,11697,Crucea (Lungani),Crucea,Lungani
Iași,11917,Cucova (Strunga),Cucova,Strunga
Iași,11541,Cucuteni,Cucuteni,
Iași,11694,Cucuteni (Leţcani),Cucuteni,Leţcani
Iași,11482,Curagău (Comarna),Curagău,Comarna
Iași,11470,Curături (Ciurea),Curături,Ciurea
Iași,11682,Cuza Vodă (Ipatele),Cuza Vodă,Ipatele
Iași,11799,Cuza Vodă (Popricani),Cuza Vodă,Popricani
Iași,11674,Dădeşti (Ion Neculce),Dădeşti,Ion Neculce
Iași,11547,Dagâţa,Dagâţa,
Iași,11717,Dancaş (Miroslava),Dancaş,Miroslava
Iași,11660,Dancu (Holboca),Dancu,Holboca
Iași,11465,Deleni (Ciorteşti),Deleni,Ciorteşti
Iași,11555,Deleni,Deleni,
Iași,11567,Dobrovăţ,Dobrovăţ,
Iași,11570,Dolheşti,Dolheşti,
Iași,11937,Domniţa (Ţibana),Domniţa,Ţibana
Iași,11400,Dorobanţ (Aroneanu),Dorobanţ,Aroneanu
Iași,11779,Doroşcani (Popeşti),Doroşcani,Popeşti
Iași,11393,Drăgăneşti (Andrieșeni),Drăgăneşti,Andrieșeni
Iași,11579,Drăguşeni,Drăguşeni,
Iași,11471,Dumbrava (Ciurea),Dumbrava,Ciurea
Iași,11688,Dumbrava (Lespezi),Dumbrava,Lespezi
Iași,11844,Dumbrăviţa (Ruginoasa),Dumbrăviţa,Ruginoasa
Iași,11591,Dumeşti,Dumeşti,
Iași,11869,Dumitreştii Gălăţii (Schitu Duca),Dumitreştii Gălăţii,Schitu Duca
Iași,11599,Erbiceni,Erbiceni,
Iași,11517,Făgăt (Cotnari),Făgăt,Cotnari
Iași,11394,Fântânele (Andrieșeni),Fântânele,Andrieșeni
Iași,11604,Fântânele (Focuri),Fântânele,Focuri
Iași,11918,Fărcăşeni (Strunga),Fărcăşeni,Strunga
Iași,11919,Fedeleşeni (Strunga),Fedeleşeni,Strunga
Iași,11556,Feredeni (Deleni),Feredeni,Deleni
Iași,11878,Feteşti (Scobinţi),Feteşti,Scobinţi
Iași,11412,Filiaşi (Bălţaţi),Filiaşi,Bălţaţi
Iași,11605,Focuri,Focuri,
Iași,11631,Forăşti (Gropniţa),Forăşti,Gropniţa
Iași,12046,Frăsuleni (Victoria),Frăsuleni,Victoria
Iași,11580,Frenciugi (Drăguşeni),Frenciugi,Drăguşeni
Iași,11703,Frumuşica (Mădârjac),Frumuşica,Mădârjac
Iași,11675,Găneşti (Ion Neculce),Găneşti,Ion Neculce
Iași,11938,Gârbeşti (Ţibana),Gârbeşti,Ţibana
Iași,11759,Gâşteşti (Paşcani),Gâşteşti,Paşcani
Iași,11718,Găureni (Miroslava),Găureni,Miroslava
Iași,11492,Giurgeşti (Costeşti),Giurgeşti,Costeşti
Iași,11395,Glăvăneşti (Andrieșeni),Glăvăneşti,Andrieșeni
Iași,11947,Glodenii Gândului (Ţibăneşti),Glodenii Gândului,Ţibăneşti
Iași,11698,Goeşti (Lungani),Goeşti,Lungani
Iași,11610,Golăieşti,Golăieşti,
Iași,11616,Gorban,Gorban,
Iași,11981,Goruni (Tomeşti),Goruni,Tomeşti
Iași,11611,Grădinari (Golăieşti),Grădinari,Golăieşti
Iași,11624,Grajduri,Grajduri,
Iași,11948,Grieşti (Ţibăneşti),Grieşti,Ţibăneşti
Iași,11632,Gropniţa,Gropniţa,
Iași,11639,Grozeşti,Grozeşti,
Iași,12032,Gura Bâdiliţei (Vânători),Gura Bâdiliţei,Vânători
Iași,11617,Gura Bohotin (Gorban),Gura Bohotin,Gorban
Iași,11920,Gura Văii (Strunga),Gura Văii,Strunga
Iași,11921,Hăbăşeşti (Strunga),Hăbăşeşti,Strunga
Iași,11733,Hadâmbu (Mogoşeşti),Hadâmbu,Mogoşeşti
Iași,11644,Hălăuceşti,Hălăuceşti,
Iași,11899,Hălceni (Şipote),Hălceni,Şipote
Iași,11754,Hândreşti (Oţeleni),Hândreşti,Oţeleni
Iași,11647,Hârlau,Hârlau,
Iași,11654,Hărmăneasa (Heleşteni),Hărmăneasa,Heleşteni
Iași,11651,Hărmăneştii Noi (Hărmăneşti),Hărmăneştii Noi,Hărmăneşti
Iași,11652,Hărmăneştii Vechi (Hărmăneşti),Hărmăneştii Vechi,Hărmăneşti
Iași,11781,Hărpăşeşti (Popeşti),Hărpăşeşti,Popeşti
Iași,12033,Hârtoape (Vânători),Hârtoape,Vânători
Iași,11689,Heci (Lespezi),Heci,Lespezi
Iași,11655,Heleşteni,Heleşteni,
Iași,11994,Hermeziu (Trifeşti),Hermeziu,Trifeşti
Iași,11511,Hiliţa (Costuleni),Hiliţa,Costuleni
Iași,11472,Hlincea (Ciurea),Hlincea,Ciurea
Iași,11518,Hodora (Cotnari),Hodora,Cotnari
Iași,11593,Hoiseşti (Dumeşti),Hoiseşti,Dumeşti
Iași,11661,Holboca,Holboca,
Iași,11770,Holm (Podu Iloaiei),Holm,Podu Iloaiei
Iași,11533,Homiţa (Cristeşti),Homiţa,Cristeşti
Iași,11668,Horleşti,Horleşti,
Iași,11826,Horleşti (Rediu),Horleşti,Rediu
Iași,11519,Horodiştea (Cotnari),Horodiştea,Cotnari
Iași,11719,Horpaz (Miroslava),Horpaz,Miroslava
Iași,11906,Humosu (Sireţel),Humosu,Sireţel
Iași,12061,Iacobeni (Vlădeni),Iacobeni,Vlădeni
Iași,11671,Iaşi,Iaşi,
Iași,11900,Iazu Nou (Şipote),Iazu Nou,Şipote
Iași,11901,Iazu Vechi (Şipote),Iazu Vechi,Şipote
Iași,12047,Icuşeni (Victoria),Icuşeni,Victoria
Iași,11396,Iepureni (Andrieșeni),Iepureni,Andrieșeni
Iași,11749,Iepureni (Movileni),Iepureni,Movileni
Iași,11676,Ion Neculce,Ion Neculce,
Iași,11930,Iorcani (Tătăruşi),Iorcani,Tătăruşi
Iași,11520,Iosupeni (Cotnari),Iosupeni,Cotnari
Iași,11683,Ipatele,Ipatele,
Iași,11820,Isaiia (Răducăneni),Isaiia,Răducăneni
Iași,11706,Iugani (Mirceşti),Iugani,Mirceşti
Iași,11815,Izvoarele (Răchiteni),Izvoarele,Răchiteni
Iași,11949,Jigoreni (Ţibăneşti),Jigoreni,Ţibăneşti
Iași,11387,Kogălniceni (Alexandru Ioan Cuza),Kogălniceni,Alexandru Ioan Cuza
Iași,11750,Larga-Jijia (Movileni),Larga-Jijia,Movileni
Iași,11557,Leahu-Nacu (Deleni),Leahu-Nacu,Deleni
Iași,11690,Lespezi,Lespezi,
Iași,11695,Leţcani,Leţcani,
Iași,11426,Liteni (Belceşti),Liteni,Belceşti
Iași,12048,Luceni (Victoria),Luceni,Victoria
Iași,11625,Lunca (Grajduri),Lunca,Grajduri
Iași,11760,Lunca (Paşcani),Lunca,Paşcani
Iași,11473,Lunca Cetăţuii (Ciurea),Lunca Cetăţuii,Ciurea
Iași,11853,Lunca Rateş (Scânteia),Lunca Rateş,Scânteia
Iași,11645,Luncaşi (Hălăuceşti),Luncaşi,Hălăuceşti
Iași,11699,Lungani,Lungani,
Iași,12073,Lungani (Voineşti),Lungani,Voineşti
Iași,11521,Lupăria (Cotnari),Lupăria,Cotnari
Iași,11807,Măcăreşti (Prisăcani),Măcăreşti,Prisăcani
Iași,11704,Mădârjac,Mădârjac,
Iași,11413,Mădârjeşti (Bălţaţi),Mădârjeşti,Bălţaţi
Iași,11633,Mălăeşti (Gropniţa),Mălăeşti,Gropniţa
Iași,11548,Mănăstirea (Dagâţa),Mănăstirea,Dagâţa
Iași,11734,Mânjeşti (Mogoşeşti),Mânjeşti,Mogoşeşti
Iași,12012,Mânzăteşti (Ungheni),Mânzăteşti,Ungheni
Iași,11558,Maxut (Deleni),Maxut,Deleni
Iași,11612,Medeleni (Golăieşti),Medeleni,Golăieşti
Iași,11454,Miclăuşeni (Butea),Miclăuşeni,Butea
Iași,11957,Mihail Kogălniceanu (Ţigănaşi),Mihail Kogălniceanu,Ţigănaşi
Iași,11707,Mirceşti,Mirceşti,
Iași,11709,Mironeasa,Mironeasa,
Iași,11720,Miroslava,Miroslava,
Iași,11727,Mirosloveşti,Mirosloveşti,
Iași,11728,Miteşti (Mirosloveşti),Miteşti,Mirosloveşti
Iași,11902,Mitoc (Şipote),Mitoc,Şipote
Iași,11939,Moara Ciornei (Ţibana),Moara Ciornei,Ţibana
Iași,11735,Mogoşeşti,Mogoşeşti,
Iași,11737,Mogoşeşti-Siret,Mogoşeşti-Siret,
Iași,11800,Moimeşti (Popricani),Moimeşti,Popricani
Iași,11808,Moreni (Prisăcani),Moreni,Prisăcani
Iași,11742,Moşna,Moşna,
Iași,11746,Moţca,Moţca,
Iași,11656,Movileni (Heleşteni),Movileni,Heleşteni
Iași,11738,Muncelu de Sus (Mogoşeşti-Siret),Muncelu de Sus,Mogoşeşti-Siret
Iași,11427,Munteni (Belceşti),Munteni,Belceşti
Iași,11657,Oboroceni (Heleşteni),Oboroceni,Heleşteni
Iași,11783,Obrijeni (Popeşti),Obrijeni,Popeşti
Iași,11765,Oneşti (Plugari),Oneşti,Plugari
Iași,12001,Oprişeni (Ţuţora),Oprişeni,Ţuţora
Iași,11940,Oproaia (Ţibana),Oproaia,Ţibana
Iași,11662,Orzeni (Holboca),Orzeni,Holboca
Iași,11483,Osoi (Comarna),Osoi,Comarna
Iași,11892,Osoi (Sineşti),Osoi,Sineşti
Iași,11755,Oţeleni,Oţeleni,
Iași,11626,Pădureni (Grajduri),Pădureni,Grajduri
Iași,11784,Pădureni (Popeşti),Pădureni,Popeşti
Iași,11648,Pârcovaci (Hârlau),Pârcovaci,Hârlau
Iași,11761,Paşcani,Paşcani,
Iași,11420,Păun (Bârnova),Păun,Bârnova
Iași,11594,Păuşeşti (Dumeşti),Păuşeşti,Dumeşti
Iași,11812,Perieni (Probota),Perieni,Probota
Iași,11613,Petreşti (Golăieşti),Petreşti,Golăieşti
Iași,11479,Petroşica (Coarnele Caprei),Petroşica,Coarnele Caprei
Iași,11474,Picioru Lupului (Ciurea),Picioru Lupului,Ciurea
Iași,11421,Pietrăria (Bârnova),Pietrăria,Bârnova
Iași,11573,Pietriş (Dolheşti),Pietriş,Dolheşti
Iași,11931,Pietrosu (Tătăruşi),Pietrosu,Tătăruşi
Iași,11549,Piscu Rusului (Dagâţa),Piscu Rusului,Dagâţa
Iași,11766,Plugari,Plugari,
Iași,11870,Pocreaca (Schitu Duca),Pocreaca,Schitu Duca
Iași,11414,Podişu (Bălţaţi),Podişu,Bălţaţi
Iași,11529,Podolenii de Jos (Cozmeşti),Podolenii de Jos,Cozmeşti
Iași,11530,Podolenii de Sus (Cozmeşti),Podolenii de Sus,Cozmeşti
Iași,11618,Podu Hagiului (Gorban),Podu Hagiului,Gorban
Iași,11771,Podu Iloaiei,Podu Iloaiei,
Iași,11614,Podu Jijiei (Golăieşti),Podu Jijiei,Golăieşti
Iași,11562,Poiana (Deleni),Poiana,Deleni
Iași,11871,Poiana (Schitu Duca),Poiana,Schitu Duca
Iași,11627,Poiana cu Cetate (Grajduri),Poiana cu Cetate,Grajduri
Iași,11941,Poiana de Sus (Ţibana),Poiana de Sus,Ţibana
Iași,11942,Poiana Mănăstirii (Ţibana),Poiana Mănăstirii,Ţibana
Iași,11458,Poiana Mărului (Cepleniţa),Poiana Mărului,Cepleniţa
Iași,11862,Poiana Şcheii (Şcheia),Poiana Şcheii,Şcheia
Iași,11872,Poieni (Schitu Duca),Poieni,Schitu Duca
Iași,11550,Poienile (Dagâţa),Poienile,Dagâţa
Iași,11786,Popeşti,Popeşti,
Iași,11801,Popricani,Popricani,
Iași,11752,Potângeni (Movileni),Potângeni,Movileni
Iași,11677,Prigoreni (Ion Neculce),Prigoreni,Ion Neculce
Iași,11809,Prisăcani,Prisăcani,
Iași,11813,Probota,Probota,
Iași,11721,Proselnici (Miroslava),Proselnici,Miroslava
Iași,11816,Răchiteni,Răchiteni,
Iași,11840,Rădeni (Roşcani),Rădeni,Roşcani
Iași,11821,Răducăneni,Răducăneni,
Iași,11950,Răsboieni (Ţibăneşti),Răsboieni,Ţibăneşti
Iași,11678,Războieni (Ion Neculce),Războieni,Ion Neculce
Iași,11951,Recea (Ţibăneşti),Recea,Ţibăneşti
Iași,11449,Rediu (Brăeşti),Rediu,Brăeşti
Iași,20953,Rediu,Rediu,
Iași,11845,Rediu (Ruginoasa),Rediu,Ruginoasa
Iași,11854,Rediu (Scânteia),Rediu,Scânteia
Iași,11401,Rediu Aldei (Aroneanu),Rediu Aldei,Aroneanu
Iași,11802,Rediu Mitropoliei (Popricani),Rediu Mitropoliei,Popricani
Iași,11835,Româneşti,Româneşti,
Iași,11841,Roşcani,Roşcani,
Iași,11822,Roşu (Răducăneni),Roşu,Răducăneni
Iași,11466,Rotăria (Ciorteşti),Rotăria,Ciorteşti
Iași,11846,Ruginoasa,Ruginoasa,
Iași,11943,Runcu (Ţibana),Runcu,Ţibana
Iași,11663,Rusenii Noi (Holboca),Rusenii Noi,Holboca
Iași,11664,Rusenii Vechi (Holboca),Rusenii Vechi,Holboca
Iași,11542,Săcăreşti (Cucuteni),Săcăreşti,Cucuteni
Iași,11641,Sălăgeni (Grozeşti),Sălăgeni,Grozeşti
Iași,11634,Sângeri (Gropniţa),Sângeri,Gropniţa
Iași,11415,Sârca (Bălţaţi),Sârca,Bălţaţi
Iași,11428,Satu Nou (Belceşti),Satu Nou,Belceşti
Iași,11863,Satu Nou (Şcheia),Satu Nou,Şcheia
Iași,11873,Satu Nou (Schitu Duca),Satu Nou,Schitu Duca
Iași,11907,Satu Nou (Sireţel),Satu Nou,Sireţel
Iași,11635,Săveni (Gropniţa),Săveni,Gropniţa
Iași,11855,Scânteia,Scânteia,
Iași,11388,Şcheia (Alexandru Ioan Cuza),Şcheia,Alexandru Ioan Cuza
Iași,11874,Schitu Duca,Schitu Duca,
Iași,11710,Schitu Hadâmbului (Mironeasa),Schitu Hadâmbului,Mironeasa
Iași,12081,Schitu Stavnic (Voineşti),Schitu Stavnic,Voineşti
Iași,11772,Scobâlţeni (Podu Iloaiei),Scobâlţeni,Podu Iloaiei
Iași,11879,Scobinţi,Scobinţi,
Iași,11619,Scoposeni (Gorban),Scoposeni,Gorban
Iași,11669,Scoposeni (Horleşti),Scoposeni,Horleşti
Iași,12050,Sculení (Victoria),Sculení,Victoria
Iași,12051,Şendreni (Victoria),Şendreni,Victoria
Iași,11467,Şerbeşti (Ciorteşti),Şerbeşti,Ciorteşti
Iași,11894,Sineşti,Sineşti,
Iași,11903,Şipote,Şipote,
Iași,11908,Sireţel,Sireţel,
Iași,11475,Slobozia (Ciurea),Slobozia,Ciurea
Iași,11564,Slobozia (Deleni),Slobozia,Deleni
Iași,11875,Slobozia (Schitu Duca),Slobozia,Schitu Duca
Iași,11909,Slobozia (Sireţel),Slobozia,Sireţel
Iași,12082,Slobozia (Voineşti),Slobozia,Voineşti
Iași,11729,Soci (Mirosloveşti),Soci,Mirosloveşti
Iași,11762,Sodomeni (Paşcani),Sodomeni,Paşcani
Iași,11434,Soloneţ (Bivolari),Soloneţ,Bivolari
Iași,11402,Şorogari (Aroneanu),Şorogari,Aroneanu
Iași,11397,Spineni (Andrieșeni),Spineni,Andrieșeni
Iași,11600,Spinoasa (Erbiceni),Spinoasa,Erbiceni
Iași,11601,Sprânceana (Erbiceni),Sprânceana,Erbiceni
Iași,11484,Stânca (Comarna),Stânca,Comarna
Iași,12052,Stânca (Victoria),Stânca,Victoria
Iași,11958,Stejarii (Ţigănaşi),Stejarii,Ţigănaşi
Iași,11880,Sticlăria (Scobinţi),Sticlăria,Scobinţi
Iași,11913,Stolniceni-Prăjescu,Stolniceni-Prăjescu,
Iași,11895,Storneşti (Sineşti),Storneşti,Sineşti
Iași,11972,Stroeşti (Todireşti),Stroeşti,Todireşti
Iași,11922,Strunga,Strunga,
Iași,11924,Suhuleţ (Tansa),Suhuleţ,Tansa
Iași,11435,Tabăra (Bivolari),Tabăra,Bivolari
Iași,11429,Tansa (Belceşti),Tansa,Belceşti
Iași,11925,Tansa,Tansa,
Iași,11928,Targu Frumos,Targu Frumos,
Iași,11551,Tarniţa (Dagâţa),Tarniţa,Dagâţa
Iași,11932,Tătăruşi,Tătăruşi,
Iași,11831,Tăuteşti (Rediu),Tăuteşti,Rediu
Iași,11944,Ţibana,Ţibana,
Iași,11952,Ţibăneşti,Ţibăneşti,
Iași,11959,Ţigănaşi,Ţigănaşi,
Iași,11803,Ţipileşti (Popricani),Ţipileşti,Popricani
Iași,11422,Todirel (Bârnova),Todirel,Bârnova
Iași,11973,Todireşti,Todireşti,
Iași,11990,Tomeşti,Tomeşti,
Iași,12024,Topile (Valea Seacă),Topile,Valea Seacă
Iași,11602,Totoeşti (Erbiceni),Totoeşti,Erbiceni
Iași,11436,Traian (Bivolari),Traian,Bivolari
Iași,11996,Trifeşti,Trifeşti,
Iași,11739,Tudor Vladimirescu (Mogoşeşti-Siret),Tudor Vladimirescu,Mogoşeşti-Siret
Iași,11856,Tufeştii de Sus (Scânteia),Tufeştii de Sus,Scânteia
Iași,11953,Tungujei (Ţibăneşti),Tungujei,Ţibăneşti
Iași,12002,Ţuţora,Ţuţora,
Iași,11933,Uda (Tătăruşi),Uda,Tătăruşi
Iași,11430,Ulmi (Belceşti),Ulmi,Belceşti
Iași,12017,Ungheni,Ungheni,
Iași,11722,Uricani (Miroslava),Uricani,Miroslava
Iași,11817,Ursăreşti (Răchiteni),Ursăreşti,Răchiteni
Iași,11711,Urşiţa (Mironeasa),Urşiţa,Mironeasa
Iași,11838,Ursoaia (Româneşti),Ursoaia,Româneşti
Iași,11945,Vadu Vejei (Ţibana),Vadu Vejei,Ţibana
Iași,12063,Vâlcelele (Vlădeni),Vâlcelele,Vlădeni
Iași,11934,Vâlcica (Tătăruşi),Vâlcica,Tătăruşi
Iași,11723,Valea Adâncă (Miroslava),Valea Adâncă,Miroslava
Iași,11665,Valea Lungă (Holboca),Valea Lungă,Holboca
Iași,12020,Valea Lupului,Valea Lupului,
Iași,11416,Valea Oilor (Bălţaţi),Valea Oilor,Bălţaţi
Iași,11522,Valea Racului (Cotnari),Valea Racului,Cotnari
Iași,11628,Valea Satului (Grajduri),Valea Satului,Grajduri
Iași,12025,Valea Seacă,Valea Seacă,
Iași,11724,Valea Ursului (Miroslava),Valea Ursului,Miroslava
Iași,11954,Vălenii (Ţibăneşti),Vălenii,Ţibăneşti
Iași,11792,Vama (Popeşti),Vama,Popeşti
Iași,11804,Vânători (Popricani),Vânători,Popricani
Iași,12043,Vânători,Vânători,
Iași,11847,Vascani (Ruginoasa),Vascani,Ruginoasa
Iași,11730,Verşeni (Mirosloveşti),Verşeni,Mirosloveşti
Iași,12053,Victoria,Victoria,
Iași,11423,Vişan (Bârnova),Vişan,Bârnova
Iași,12064,Vlădeni,Vlădeni,
Iași,11992,Vlădiceni (Tomeşti),Vlădiceni,Tomeşti
Iași,12044,Vlădnicuţ (Vânători),Vlădnicuţ,Vânători
Iași,11997,Vladomira (Trifeşti),Vladomira,Trifeşti
Iași,12086,Vocoteşti (Voineşti),Vocoteşti,Voineşti
Iași,12087,Voineşti,Voineşti,
Iași,11389,Volintireşti (Alexandru Ioan Cuza),Volintireşti,Alexandru Ioan Cuza
Iași,11725,Voroveşti (Miroslava),Voroveşti,Miroslava
Iași,11805,Vulturi (Popricani),Vulturi,Popricani
Iași,11998,Zaboloteni (Trifeşti),Zaboloteni,Trifeşti
Iași,11881,Zagavia (Scobinţi),Zagavia,Scobinţi
Iași,11523,Zbereni (Cotnari),Zbereni,Cotnari
Iași,11620,Zberoaia (Gorban),Zberoaia,Gorban
Iași,11552,Zece Prăjini (Dagâţa),Zece Prăjini,Dagâţa
Iași,11459,Zlodica (Cepleniţa),Zlodica,Cepleniţa
Iași,11700,Zmeu (Lungani),Zmeu,Lungani
Maramureș,12321,Ardusat,Ardusat,
Maramureș,12738,Arduzel (Ulmeni),Arduzel,Ulmeni
Maramureș,12322,Arieşu de Câmp (Ardusat),Arieşu de Câmp,Ardusat
Maramureș,12661,Arieşu de Pădure (Satulung),Arieşu de Pădure,Satulung
Maramureș,12325,Ariniş,Ariniş,
Maramureș,12761,Aspra (Vima Mică),Aspra,Vima Mică
Maramureș,12329,Asuaju de Jos (Asuaju de Sus),Asuaju de Jos,Asuaju de Sus
Maramureș,12330,Asuaju de Sus,Asuaju de Sus,
Maramureș,12498,Baba (Coroieni),Baba,Coroieni
Maramureș,12332,Baia Mare,Baia Mare,
Maramureș,12337,Baia Sprie,Baia Sprie,
Maramureș,12418,Băile Borşa (Borşa),Băile Borşa,Borşa
Maramureș,12730,Băiţa (Tautii-Magheraus),Băiţa,Tautii-Magheraus
Maramureș,12342,Băiţa de sub Codru,Băiţa de sub Codru,
Maramureș,12345,Baiuţ (Băiuţ),Baiuţ,Băiuţ
Maramureș,12474,Bârgău (Cicârlău),Bârgău,Cicârlău
Maramureș,12349,Bârsana,Bârsana,
Maramureș,12352,Băseşti,Băseşti,
Maramureș,12555,Berbeşti (Giuleşti),Berbeşti,Giuleşti
Maramureș,12621,Berchez (Remetea Chioarului),Berchez,Remetea Chioarului
Maramureș,12622,Berchezoaia (Remetea Chioarului),Berchezoaia,Remetea Chioarului
Maramureș,12485,Berinţa (Copalnic-Mănăştur),Berinţa,Copalnic-Mănăştur
Maramureș,12357,Bicaz,Bicaz,
Maramureș,12371,Bistra,Bistra,
Maramureș,12333,Blidari (Baia Mare),Blidari,Baia Mare
Maramureș,12410,Bocicoel (Bogdan Vodă),Bocicoel,Bogdan Vodă
Maramureș,12405,Bocicoiu Mare,Bocicoiu Mare,
Maramureș,12411,Bogdan Vodă,Bogdan Vodă,
Maramureș,12715,Boiereni (Târgu Lăpuş),Boiereni,Târgu Lăpuş
Maramureș,12413,Boiu Mare,Boiu Mare,
Maramureș,12685,Bontăieni (Şişeşti),Bontăieni,Şişeşti
Maramureș,12716,Borcut (Târgu Lăpuş),Borcut,Târgu Lăpuş
Maramureș,12419,Borşa,Borşa,
Maramureș,12425,Botiza,Botiza,
Maramureș,12731,Bozânta Mare (Tautii-Magheraus),Bozânta Mare,Tautii-Magheraus
Maramureș,12606,Bozânta Mică (Recea),Bozânta Mică,Recea
Maramureș,12586,Breb (Ocna Șugatag),Breb,Ocna Șugatag
Maramureș,12466,Brebeni (Cerneşti),Brebeni,Cerneşti
Maramureș,12698,Buciumi (Şomcuta Mare),Buciumi,Şomcuta Mare
Maramureș,12432,Budeşti,Budeşti,
Maramureș,12732,Buşag (Tautii-Magheraus),Buşag,Tautii-Magheraus
Maramureș,12699,Buteasa (Şomcuta Mare),Buteasa,Şomcuta Mare
Maramureș,12545,Buzeşti (Fărcaşa),Buzeşti,Fărcaşa
Maramureș,12444,Călineşti,Călineşti,
Maramureș,12462,Câmpulung la Tisa,Câmpulung la Tisa,
Maramureș,12536,Cărbunari (Dumbrăviţa),Cărbunari,Dumbrăviţa
Maramureș,12486,Cărpiniş (Copalnic-Mănăştur),Cărpiniş,Copalnic-Mănăştur
Maramureș,12482,Cătălina (Coltău),Cătălina,Coltău
Maramureș,12464,Cavnic,Cavnic,
Maramureș,12467,Cerneşti,Cerneşti,
Maramureș,12687,Cetăţele (Şişeşti),Cetăţele,Şişeşti
Maramureș,12537,Chechiş (Dumbrăviţa),Chechiş,Dumbrăviţa
Maramureș,12740,Chelinţa (Ulmeni),Chelinţa,Ulmeni
Maramureș,12338,Chiuzbaia (Baia Sprie),Chiuzbaia,Baia Sprie
Maramureș,12475,Cicârlău,Cicârlău,
Maramureș,12468,Ciocotiş (Cerneşti),Ciocotiş,Cerneşti
Maramureș,12700,Ciolt (Şomcuta Mare),Ciolt,Şomcuta Mare
Maramureș,12359,Ciuta (Bicaz),Ciuta,Bicaz
Maramureș,12479,Coaş,Coaş,
Maramureș,12701,Codru Butesii (Şomcuta Mare),Codru Butesii,Şomcuta Mare
Maramureș,12483,Coltău,Coltău,
Maramureș,12323,Colţirea (Ardusat),Colţirea,Ardusat
Maramureș,12487,Copalnic (Copalnic-Mănăştur),Copalnic,Copalnic-Mănăştur
Maramureș,12488,Copalnic-Deal (Copalnic-Mănăştur),Copalnic-Deal,Copalnic-Mănăştur
Maramureș,12489,Copalnic-Mănăştur,Copalnic-Mănăştur,
Maramureș,12448,Corneşti (Călineşti),Corneşti,Călineşti
Maramureș,12360,Corni (Bicaz),Corni,Bicaz
Maramureș,12499,Coroieni,Coroieni,
Maramureș,12643,Coruia (Săcălăşeni),Coruia,Săcălăşeni
Maramureș,12504,Costeni (Cupşeni),Costeni,Cupşeni
Maramureș,12635,Coştiui (Rona de Sus),Coştiui,Rona de Sus
Maramureș,12406,Crăciuneşti (Bocicoiu Mare),Crăciuneşti,Bocicoiu Mare
Maramureș,12374,Crasna Vişeului (Bistra),Crasna Vişeului,Bistra
Maramureș,12717,Cufoaia (Târgu Lăpuş),Cufoaia,Târgu Lăpuş
Maramureș,12644,Culcea (Săcălăşeni),Culcea,Săcălăşeni
Maramureș,12505,Cupşeni,Cupşeni,
Maramureș,12754,Curtuiuşu Mare (Valea Chioarului),Curtuiuşu Mare,Valea Chioarului
Maramureș,12490,Curtuiuşu Mic (Copalnic-Mănăştur),Curtuiuşu Mic,Copalnic-Mănăştur
Maramureș,12718,Dămăcuşeni (Târgu Lăpuş),Dămăcuşeni,Târgu Lăpuş
Maramureș,12691,Dăneşti (Şişeşti),Dăneşti,Şişeşti
Maramureș,12572,Dăneştii Chioarului (Mireşu Mare),Dăneştii Chioarului,Mireşu Mare
Maramureș,12762,Dealu Corbului (Vima Mică),Dealu Corbului,Vima Mică
Maramureș,12500,Dealu Mare (Coroieni),Dealu Mare,Coroieni
Maramureș,12509,Deseşti,Deseşti,
Maramureș,12719,Dobricu Lăpuşului (Târgu Lăpuş),Dobricu Lăpuşului,Târgu Lăpuş
Maramureș,12501,Drăghia (Coroieni),Drăghia,Coroieni
Maramureș,12520,Dragomireşti,Dragomireşti,
Maramureș,12720,Dumbrava (Târgu Lăpuş),Dumbrava,Târgu Lăpuş
Maramureș,12538,Dumbrăviţa,Dumbrăviţa,
Maramureș,12755,Duruşa (Valea Chioarului),Duruşa,Valea Chioarului
Maramureș,12469,Fânaţe (Cerneşti),Fânaţe,Cerneşti
Maramureș,12721,Fântânele (Târgu Lăpuş),Fântânele,Târgu Lăpuş
Maramureș,12546,Farcaşa (Fărcaşa),Farcaşa,Fărcaşa
Maramureș,12491,Făureşti (Copalnic-Mănăştur),Făureşti,Copalnic-Mănăştur
Maramureș,12556,Fereşti (Giuleşti),Fereşti,Giuleşti
Maramureș,12756,Fericea (Valea Chioarului),Fericea,Valea Chioarului
Maramureș,12662,Fersig (Satulung),Fersig,Satulung
Maramureș,12702,Finteuşu Mare (Şomcuta Mare),Finteuşu Mare,Şomcuta Mare
Maramureș,12663,Finteuşu Mic (Satulung),Finteuşu Mic,Satulung
Maramureș,12334,Firiza (Baia Mare),Firiza,Baia Mare
Maramureș,12414,Frâncenii Boiului (Boiu Mare),Frâncenii Boiului,Boiu Mare
Maramureș,12553,Gârdani,Gârdani,
Maramureș,12557,Giuleşti,Giuleşti,
Maramureș,12707,Glod (Strâmtura),Glod,Strâmtura
Maramureș,12722,Groape (Târgu Lăpuş),Groape,Târgu Lăpuş
Maramureș,12560,Groşi,Groşi,
Maramureș,12564,Groşii Ţibleşului,Groşii Ţibleşului,
Maramureș,12476,Handalu Ilbei (Cicârlău),Handalu Ilbei,Cicârlău
Maramureș,12510,Hărniceşti (Deseşti),Hărniceşti,Deseşti
Maramureș,12664,Hideaga (Satulung),Hideaga,Satulung
Maramureș,12587,Hoteni (Ocna Șugatag),Hoteni,Ocna Șugatag
Maramureș,12703,Hovrila (Şomcuta Mare),Hovrila,Şomcuta Mare
Maramureș,12573,Iadăra (Mireşu Mare),Iadăra,Mireşu Mare
Maramureș,12678,Iapa (Sighetu Marmaţiei),Iapa,Sighetu Marmaţiei
Maramureș,12566,Ieud,Ieud,
Maramureș,12477,Ilba (Cicârlău),Ilba,Cicârlău
Maramureș,12723,Inău (Târgu Lăpuş),Inău,Târgu Lăpuş
Maramureș,12480,Întrerâuri (Coaş),Întrerâuri,Coaş
Maramureș,12470,Izvoarele (Cerneşti),Izvoarele,Cerneşti
Maramureș,12763,Jugăstreni (Vima Mică),Jugăstreni,Vima Mică
Maramureș,12568,Lăpuş,Lăpuş,
Maramureș,12613,Lăpuşel (Recea),Lăpuşel,Recea
Maramureș,12711,Larga (Suciu de Sus),Larga,Suciu de Sus
Maramureș,12492,Lăschia (Copalnic-Mănăştur),Lăschia,Copalnic-Mănăştur
Maramureș,12679,Lazu Baciului (Sighetu Marmaţiei),Lazu Baciului,Sighetu Marmaţiei
Maramureș,12570,Leordina,Leordina,
Maramureș,12506,Libotin (Cupşeni),Libotin,Cupşeni
Maramureș,12574,Lucăceşti (Mireşu Mare),Lucăceşti,Mireşu Mare
Maramureș,12407,Lunca la Tisa (Bocicoiu Mare),Lunca la Tisa,Bocicoiu Mare
Maramureș,12471,Măgureni (Cerneşti),Măgureni,Cerneşti
Maramureș,12558,Mănăstirea (Giuleşti),Mănăstirea,Giuleşti
Maramureș,12742,Mânău (Ulmeni),Mânău,Ulmeni
Maramureș,12511,Mara (Deseşti),Mara,Deseşti
Maramureș,12733,Merişor (Tautii-Magheraus),Merişor,Tautii-Magheraus
Maramureș,12757,Mesteacăn (Valea Chioarului),Mesteacăn,Valea Chioarului
Maramureș,12575,Mireşu Mare,Mireşu Mare,
Maramureș,12614,Mocira (Recea),Mocira,Recea
Maramureș,12665,Mogoşeşti (Satulung),Mogoşeşti,Satulung
Maramureș,12580,Moisei,Moisei,
Maramureș,12350,Năneşti (Bârsana),Năneşti,Bârsana
Maramureș,12692,Negreia (Şişeşti),Negreia,Şişeşti
Maramureș,12734,Nistru (Tautii-Magheraus),Nistru,Tautii-Magheraus
Maramureș,12582,Oarţa de Jos,Oarţa de Jos,
Maramureș,12583,Oarţa de Sus (Oarţa de Jos),Oarţa de Sus,Oarţa de Jos
Maramureș,12588,Ocna Şugatag (Ocna Șugatag),Ocna Şugatag,Ocna Șugatag
Maramureș,12561,Ocoliş (Groşi),Ocoliş,Groşi
Maramureș,12353,Odeşti (Băseşti),Odeşti,Băseşti
Maramureș,12593,Onceşti,Onceşti,
Maramureș,12584,Orţiţa (Oarţa de Jos),Orţiţa,Oarţa de Jos
Maramureș,12764,Peteritea (Vima Mică),Peteritea,Vima Mică
Maramureș,12599,Petrova,Petrova,
Maramureș,12627,Piatra (Remeţi),Piatra,Remeţi
Maramureș,12694,Plopiş (Şişeşti),Plopiş,Şişeşti
Maramureș,12346,Poiana Botizii (Băiuţ),Poiana Botizii,Băiuţ
Maramureș,12601,Poienile de sub Munte,Poienile de sub Munte,
Maramureș,12603,Poienile Izei,Poienile Izei,
Maramureș,12623,Posta (Remetea Chioarului),Posta,Remetea Chioarului
Maramureș,12493,Preluca Nouă (Copalnic-Mănăştur),Preluca Nouă,Copalnic-Mănăştur
Maramureș,12494,Preluca Veche (Copalnic-Mănăştur),Preluca Veche,Copalnic-Mănăştur
Maramureș,12666,Pribileşti (Satulung),Pribileşti,Satulung
Maramureș,12415,Prislop (Boiu Mare),Prislop,Boiu Mare
Maramureș,12724,Răzoare (Târgu Lăpuş),Răzoare,Târgu Lăpuş
Maramureș,12616,Recea,Recea,
Maramureș,12624,Remecioara (Remetea Chioarului),Remecioara,Remetea Chioarului
Maramureș,12625,Remetea Chioarului,Remetea Chioarului,
Maramureș,12628,Remeţi,Remeţi,
Maramureș,12576,Remeţi pe Someş (Mireşu Mare),Remeţi pe Someş,Mireşu Mare
Maramureș,12631,Repedea,Repedea,
Maramureș,12326,Rodina (Ariniş),Rodina,Ariniş
Maramureș,12725,Rogoz (Târgu Lăpuş),Rogoz,Târgu Lăpuş
Maramureș,12726,Rohia (Târgu Lăpuş),Rohia,Târgu Lăpuş
Maramureș,12416,Româneşti (Boiu Mare),Româneşti,Boiu Mare
Maramureș,12633,Rona de Jos,Rona de Jos,
Maramureș,12636,Rona de Sus,Rona de Sus,
Maramureș,12638,Rozavlea,Rozavlea,
Maramureș,12539,Rus (Dumbrăviţa),Rus,Dumbrăviţa
Maramureș,12641,Ruscova,Ruscova,
Maramureș,12495,Ruşor (Copalnic-Mănăştur),Ruşor,Copalnic-Mănăştur
Maramureș,12669,Săbişa (Seini),Săbişa,Seini
Maramureș,12645,Săcălăşeni,Săcălăşeni,
Maramureș,12647,Săcel,Săcel,
Maramureș,12354,Sălişte (Băseşti),Sălişte,Băseşti
Maramureș,12653,Săliştea de Sus,Săliştea de Sus,
Maramureș,12765,Sălniţa (Vima Mică),Sălniţa,Vima Mică
Maramureș,12655,Sălsig,Sălsig,
Maramureș,12639,Sâlţa (Rozavlea),Sâlţa,Rozavlea
Maramureș,12657,Săpânţa,Săpânţa,
Maramureș,12659,Sarasău,Sarasău,
Maramureș,12439,Sârbi (Budeşti),Sârbi,Budeşti
Maramureș,12549,Sârbi (Fărcaşa),Sârbi,Fărcaşa
Maramureș,12617,Săsar (Recea),Săsar,Recea
Maramureș,12589,Sat-Şugatag (Ocna Șugatag),Sat-Şugatag,Ocna Șugatag
Maramureș,12562,Satu Nou de Jos (Groşi),Satu Nou de Jos,Groşi
Maramureș,12339,Satu Nou de Sus (Baia Sprie),Satu Nou de Sus,Baia Sprie
Maramureș,12667,Satulung,Satulung,
Maramureș,12670,Seini,Seini,
Maramureș,12675,Şieu,Şieu,
Maramureș,12680,Sighetu Marmaţiei,Sighetu Marmaţiei,
Maramureș,12540,Sindreşti (Dumbrăviţa),Sindreşti,Dumbrăviţa
Maramureș,12695,Şişeşti,Şişeşti,
Maramureș,12708,Slătioara (Strâmtura),Slătioara,Strâmtura
Maramureș,12704,Şomcuta Mare,Şomcuta Mare,
Maramureș,12744,Someş-Uileac (Ulmeni),Someş-Uileac,Ulmeni
Maramureș,12577,Stejera (Mireşu Mare),Stejera,Mireşu Mare
Maramureș,12727,Stoiceni (Târgu Lăpuş),Stoiceni,Târgu Lăpuş
Maramureș,12347,Strâmbu-Băiuţ (Băiuţ),Strâmbu-Băiuţ,Băiuţ
Maramureș,12709,Strâmtura,Strâmtura,
Maramureș,12355,Stremţ (Băseşti),Stremţ,Băseşti
Maramureș,12712,Suciu de Jos (Suciu de Sus),Suciu de Jos,Suciu de Sus
Maramureș,12713,Suciu de Sus,Suciu de Sus,
Maramureș,12681,Sugău (Sighetu Marmaţiei),Sugău,Sighetu Marmaţiei
Maramureș,12696,Şurdeşti (Şişeşti),Şurdeşti,Şişeşti
Maramureș,12551,Tămaia (Fărcaşa),Tămaia,Fărcaşa
Maramureș,12327,Tămăşeşti (Ariniş),Tămăşeşti,Ariniş
Maramureș,12728,Târgu Lăpuş,Târgu Lăpuş,
Maramureș,12340,Tăuţii de Sus (Baia Sprie),Tăuţii de Sus,Baia Sprie
Maramureș,12735,Tautii-Magheraus,Tautii-Magheraus,
Maramureș,12629,Teceu Mic (Remeţi),Teceu Mic,Remeţi
Maramureș,12745,Ticau (Ulmeni),Ticau,Ulmeni
Maramureș,12408,Tisa (Bocicoiu Mare),Tisa,Bocicoiu Mare
Maramureș,12746,Tohat (Ulmeni),Tohat,Ulmeni
Maramureș,12472,Trestia (Cerneşti),Trestia,Cerneşti
Maramureș,12578,Tulghieş (Mireşu Mare),Tulghieş,Mireşu Mare
Maramureș,12747,Ulmeni,Ulmeni,
Maramureș,12736,Ulmoasa (Tautii-Magheraus),Ulmoasa,Tautii-Magheraus
Maramureș,12541,Unguraş (Dumbrăviţa),Unguraş,Dumbrăviţa
Maramureș,12507,Ungureni (Cupşeni),Ungureni,Cupşeni
Maramureș,12343,Urmeniş (Băiţa de sub Codru),Urmeniş,Băiţa de sub Codru
Maramureș,12496,Vad (Copalnic-Mănăştur),Vad,Copalnic-Mănăştur
Maramureș,12751,Vadu Izei,Vadu Izei,
Maramureș,12758,Valea Chioarului,Valea Chioarului,
Maramureș,12682,Valea Cufundoasa (Sighetu Marmaţiei),Valea Cufundoasa,Sighetu Marmaţiei
Maramureș,12683,Valea Hotarului (Sighetu Marmaţiei),Valea Hotarului,Sighetu Marmaţiei
Maramureș,12335,Valea Neagră (Baia Mare),Valea Neagră,Baia Mare
Maramureș,12752,Valea Stejarului (Vadu Izei),Valea Stejarului,Vadu Izei
Maramureș,12400,Valea Vişeului (Bistra),Valea Vişeului,Bistra
Maramureș,12458,Văleni (Călineşti),Văleni,Călineşti
Maramureș,12502,Vălenii Lăpuşului (Coroieni),Vălenii Lăpuşului,Coroieni
Maramureș,12705,Vălenii Şomcutei (Şomcuta Mare),Vălenii Şomcutei,Şomcuta Mare
Maramureș,12759,Vărai (Valea Chioarului),Vărai,Valea Chioarului
Maramureș,12749,Vicea (Ulmeni),Vicea,Ulmeni
Maramureș,12671,Viile Apei (Seini),Viile Apei,Seini
Maramureș,12766,Vima Mare (Vima Mică),Vima Mare,Vima Mică
Maramureș,12767,Vima Mică,Vima Mică,
Maramureș,12769,Vişeu de Jos,Vişeu de Jos,
Maramureș,12771,Vişeu de Mijloc (Vişeu de Sus),Vişeu de Mijloc,Vişeu de Sus
Maramureș,12772,Vişeu de Sus,Vişeu de Sus,
Mehedinți,13081,23 August (Malovăţ),23 August,Malovăţ
Mehedinți,13219,Adunaţii Teiului (Tâmna),Adunaţii Teiului,Tâmna
Mehedinți,12946,Albuleşti (Dumbrava),Albuleşti,Dumbrava
Mehedinți,13260,Almăjel (Vlădaia),Almăjel,Vlădaia
Mehedinți,13021,Alunişul (Husnicioara),Alunişul,Husnicioara
Mehedinți,12875,Argineşti (Butoieşti),Argineşti,Butoieşti
Mehedinți,13139,Arvăteşti (Prunişor),Arvăteşti,Prunişor
Mehedinți,12923,Aurora (Cujmir),Aurora,Cujmir
Mehedinți,12775,Bâcleş,Bâcleş,
Mehedinți,13022,Bădiţeşti (Husnicioara),Bădiţeşti,Husnicioara
Mehedinți,13040,Bahna (Iloviţa),Bahna,Iloviţa
Mehedinți,12783,Baia de Aramă,Baia de Aramă,
Mehedinți,12942,Baia Nouă (Dubova),Baia Nouă,Dubova
Mehedinți,12793,Băla (Bala),Băla,Bala
Mehedinți,12794,Bala de Sus (Bala),Bala de Sus,Bala
Mehedinți,12810,Bălăciţa,Bălăciţa,
Mehedinți,13140,Balota (Prunişor),Balota,Prunişor
Mehedinți,13053,Baloteşti (Izvoru Bârzii),Baloteşti,Izvoru Bârzii
Mehedinți,12814,Balta,Balta,
Mehedinți,12991,Balta Verde (Gogoşu),Balta Verde,Gogoşu
Mehedinți,12998,Bâltanele (Greci),Bâltanele,Greci
Mehedinți,13141,Bâltanele (Prunişor),Bâltanele,Prunişor
Mehedinți,13115,Băluţa (Ponoarele),Băluţa,Ponoarele
Mehedinți,12822,Bâlvăneşti,Bâlvăneşti,
Mehedinți,12823,Bâlvăneştii de Jos (Bâlvăneşti),Bâlvăneştii de Jos,Bâlvăneşti
Mehedinți,13116,Bârâiacu (Ponoarele),Bârâiacu,Ponoarele
Mehedinți,13082,Bârda (Malovăţ),Bârda,Malovăţ
Mehedinți,13197,Bârlogeni (Stângăceaua),Bârlogeni,Stângăceaua
Mehedinți,12930,Batoţi (Devesel),Batoţi,Devesel
Mehedinți,13100,Biban (Pădina Mare),Biban,Pădina Mare
Mehedinți,12931,Bistreţu (Devesel),Bistreţu,Devesel
Mehedinți,13016,Bistriţa (Hinova),Bistriţa,Hinova
Mehedinți,12999,Blidaru (Greci),Blidaru,Greci
Mehedinți,13083,Bobaiţa (Malovăţ),Bobaiţa,Malovăţ
Mehedinți,13220,Boceni (Tâmna),Boceni,Tâmna
Mehedinți,13023,Borogea (Husnicioara),Borogea,Husnicioara
Mehedinți,12947,Brâgleasa (Dumbrava),Brâgleasa,Dumbrava
Mehedinți,12828,Braniştea,Braniştea,
Mehedinți,13117,Brânzeni (Ponoarele),Brânzeni,Ponoarele
Mehedinți,12795,Brateşul (Bala),Brateşul,Bala
Mehedinți,12784,Bratilovu (Baia de Aramă),Bratilovu,Baia de Aramă
Mehedinți,12796,Brativoeşti (Bala),Brativoeşti,Bala
Mehedinți,12785,Brebina (Baia de Aramă),Brebina,Baia de Aramă
Mehedinți,12906,Breţa (Corcova),Breţa,Corcova
Mehedinți,13198,Breznicioara (Stângăceaua),Breznicioara,Stângăceaua
Mehedinți,12838,Brezniţa-Motru,Brezniţa-Motru,
Mehedinți,12846,Brezniţa-Ocol,Brezniţa-Ocol,
Mehedinți,12852,Broşteni,Broşteni,
Mehedinți,13250,Bucura (Vanju Mare),Bucura,Vanju Mare
Mehedinți,13033,Budăneşti (Ilovăţ),Budăneşti,Ilovăţ
Mehedinți,13118,Buicani (Ponoarele),Buicani,Ponoarele
Mehedinți,12876,Buiceşti (Butoieşti),Buiceşti,Butoieşti
Mehedinți,12898,Bunoaica (Cireşu),Bunoaica,Cireşu
Mehedinți,12869,Burila Mare,Burila Mare,
Mehedinți,12992,Burila Mică (Gogoşu),Burila Mică,Gogoşu
Mehedinți,13044,Buseşti (Isverna),Buseşti,Isverna
Mehedinți,12877,Butoieşti,Butoieşti,
Mehedinți,12824,Călineştii de Jos (Bâlvăneşti),Călineştii de Jos,Bâlvăneşti
Mehedinți,12825,Călineştii de Sus (Bâlvăneşti),Călineştii de Sus,Bâlvăneşti
Mehedinți,12797,Câmpu Mare (Bala),Câmpu Mare,Bala
Mehedinți,12853,Căpăţâneşti (Broşteni),Căpăţâneşti,Broşteni
Mehedinți,13181,Cărămidaru (Siseşti),Cărămidaru,Siseşti
Mehedinți,13005,Cârceni (Grozeşti),Cârceni,Grozeşti
Mehedinți,13017,Cârjei (Hinova),Cârjei,Hinova
Mehedinți,12798,Cârşu (Bala),Cârşu,Bala
Mehedinți,12884,Căzăneşti,Căzăneşti,
Mehedinți,13155,Cearângu (Punghina),Cearângu,Punghina
Mehedinți,13024,Celnata (Husnicioara),Celnata,Husnicioara
Mehedinți,13119,Ceptureni (Ponoarele),Ceptureni,Ponoarele
Mehedinți,13199,Cerânganul (Stângăceaua),Cerânganul,Stângăceaua
Mehedinți,13045,Cerna-Vârf (Isverna),Cerna-Vârf,Isverna
Mehedinți,12907,Cernaia (Corcova),Cernaia,Corcova
Mehedinți,13169,Cerneţi (Şimian),Cerneţi,Şimian
Mehedinți,13142,Cerveniţa (Prunişor),Cerveniţa,Prunişor
Mehedinți,13206,Ciochiuţa (Strehaia),Ciochiuţa,Strehaia
Mehedinți,13061,Cioroboreni (Jiana),Cioroboreni,Jiana
Mehedinți,13183,Ciovârnăşani (Siseşti),Ciovârnăşani,Siseşti
Mehedinți,12899,Cireşu,Cireşu,
Mehedinți,12815,Coada Cornetului (Balta),Coada Cornetului,Balta
Mehedinți,13184,Cocorova (Siseşti),Cocorova,Siseşti
Mehedinți,13221,Colareţ (Tâmna),Colareţ,Tâmna
Mehedinți,13084,Colibaşi (Malovăţ),Colibaşi,Malovăţ
Mehedinți,13207,Comanda (Strehaia),Comanda,Strehaia
Mehedinți,12799,Comăneşti (Bala),Comăneşti,Bala
Mehedinți,12971,Copăcioasa (Floreşti),Copăcioasa,Floreşti
Mehedinți,12908,Corcova,Corcova,
Mehedinți,12909,Cordun (Corcova),Cordun,Corcova
Mehedinți,12920,Corlăţel,Corlăţel,
Mehedinți,12776,Corzu (Bâcleş),Corzu,Bâcleş
Mehedinți,12839,Cosovăţ (Brezniţa-Motru),Cosovăţ,Brezniţa-Motru
Mehedinți,12816,Costeşti (Balta),Costeşti,Balta
Mehedinți,13265,Cotoroaia (Voloiac),Cotoroaia,Voloiac
Mehedinți,13136,Cozia (Pristol),Cozia,Pristol
Mehedinți,13034,Cracu Lung (Ilovăţ),Cracu Lung,Ilovăţ
Mehedinți,13120,Cracu Muntelui (Ponoarele),Cracu Muntelui,Ponoarele
Mehedinți,13185,Crăgueşti (Siseşti),Crăgueşti,Siseşti
Mehedinți,12800,Crainici (Bala),Crainici,Bala
Mehedinți,13222,Cremenea (Tâmna),Cremenea,Tâmna
Mehedinți,12870,Crivina (Burila Mare),Crivina,Burila Mare
Mehedinți,12910,Croica (Corcova),Croica,Corcova
Mehedinți,12924,Cujmir,Cujmir,
Mehedinți,12925,Cujmiru Mic (Cujmir),Cujmiru Mic,Cujmir
Mehedinți,13035,Dâlbociţa (Ilovăţ),Dâlbociţa,Ilovăţ
Mehedinți,12801,Dâlma (Bala),Dâlma,Bala
Mehedinți,13062,Dănceu (Jiana),Dănceu,Jiana
Mehedinți,12927,Dârvari,Dârvari,
Mehedinți,12786,Dealu Mare (Baia de Aramă),Dealu Mare,Baia de Aramă
Mehedinți,13170,Dedoviţa Nouă (Şimian),Dedoviţa Nouă,Şimian
Mehedinți,13171,Dedoviţa Veche (Şimian),Dedoviţa Veche,Şimian
Mehedinți,12840,Deleni (Brezniţa-Motru),Deleni,Brezniţa-Motru
Mehedinți,13121,Delureni (Ponoarele),Delureni,Ponoarele
Mehedinți,12932,Devesel,Devesel,
Mehedinți,12811,Dobra (Bălăciţa),Dobra,Bălăciţa
Mehedinți,13046,Drăgheşti (Isverna),Drăgheşti,Isverna
Mehedinți,13143,Dragoteşti (Prunişor),Dragoteşti,Prunişor
Mehedinți,13156,Drincea (Punghina),Drincea,Punghina
Mehedinți,12937,Drobeta-Turnu Severin,Drobeta-Turnu Severin,
Mehedinți,12943,Dubova,Dubova,
Mehedinți,13172,Dudaşu (Şimian),Dudaşu,Şimian
Mehedinți,12938,Dudaşu Schelei (Drobeta-Turnu Severin),Dudaşu Schelei,Drobeta-Turnu Severin
Mehedinți,12951,Dumbrava,Dumbrava,
Mehedinți,12952,Dumbrava de Jos (Dumbrava),Dumbrava de Jos,Dumbrava
Mehedinți,12953,Dumbrava de Mijloc (Dumbrava),Dumbrava de Mijloc,Dumbrava
Mehedinți,12954,Dumbrava de Sus (Dumbrava),Dumbrava de Sus,Dumbrava
Mehedinți,13025,Dumbrăviţa (Husnicioara),Dumbrăviţa,Husnicioara
Mehedinți,12933,Dunărea Mică (Devesel),Dunărea Mică,Devesel
Mehedinți,12944,Eibenthal (Dubova),Eibenthal,Dubova
Mehedinți,12885,Ercea (Căzăneşti),Ercea,Căzăneşti
Mehedinți,13173,Ergheviţa (Şimian),Ergheviţa,Şimian
Mehedinți,12966,Eşelniţa,Eşelniţa,
Mehedinți,13144,Fântâna Domnească (Prunişor),Fântâna Domnească,Prunişor
Mehedinți,13131,Fântânile Negre (Poroina Mare),Fântânile Negre,Poroina Mare
Mehedinți,13223,Faţa Cremenii (Tâmna),Faţa Cremenii,Tâmna
Mehedinți,13200,Faţa Motrului (Stângăceaua),Faţa Motrului,Stângăceaua
Mehedinți,12841,Făuroaia (Brezniţa-Motru),Făuroaia,Brezniţa-Motru
Mehedinți,13036,Firizu (Ilovăţ),Firizu,Ilovăţ
Mehedinți,12972,Floreşti,Floreşti,
Mehedinți,12911,Gârbovăţu de Jos (Corcova),Gârbovăţu de Jos,Corcova
Mehedinți,12886,Gârbovăţu de Sus (Căzăneşti),Gârbovăţu de Sus,Căzăneşti
Mehedinți,13122,Gărdăneasa (Ponoarele),Gărdăneasa,Ponoarele
Mehedinți,12973,Gârdoaia (Floreşti),Gârdoaia,Floreşti
Mehedinți,12984,Gârla Mare,Gârla Mare,
Mehedinți,13145,Gârniţa (Prunişor),Gârniţa,Prunişor
Mehedinți,12928,Gemeni (Dârvari),Gemeni,Dârvari
Mehedinți,13146,Ghelmegioaia (Prunişor),Ghelmegioaia,Prunişor
Mehedinți,13123,Gheorgheşti (Ponoarele),Gheorgheşti,Ponoarele
Mehedinți,12777,Giura (Bâcleş),Giura,Bâcleş
Mehedinți,13047,Giurgiani (Isverna),Giurgiani,Isverna
Mehedinți,12831,Goanţa (Braniştea),Goanţa,Braniştea
Mehedinți,12986,Godeanu,Godeanu,
Mehedinți,13092,Godeanu (Obârşia-Cloşani),Godeanu,Obârşia-Cloşani
Mehedinți,12994,Gogoşu,Gogoşu,
Mehedinți,12955,Golineasa (Dumbrava),Golineasa,Dumbrava
Mehedinți,13111,Gornenţi (Podeni),Gornenţi,Podeni
Mehedinți,12817,Gornoviţa (Balta),Gornoviţa,Balta
Mehedinți,12887,Govodarva (Căzăneşti),Govodarva,Căzăneşti
Mehedinți,13000,Greci,Greci,
Mehedinți,13007,Grozeşti,Grozeşti,
Mehedinți,13012,Gruia,Gruia,
Mehedinți,12878,Gura Motrului (Butoieşti),Gura Motrului,Butoieşti
Mehedinți,12939,Gura Văii (Drobeta-Turnu Severin),Gura Văii,Drobeta-Turnu Severin
Mehedinți,13147,Gutu (Prunişor),Gutu,Prunişor
Mehedinți,12812,Gvardiniţa (Bălăciţa),Gvardiniţa,Bălăciţa
Mehedinți,13054,Halânga (Izvoru Bârzii),Halânga,Izvoru Bârzii
Mehedinți,12956,Higiu (Dumbrava),Higiu,Dumbrava
Mehedinți,13018,Hinova,Hinova,
Mehedinți,13257,Hotărani (Vânjuleţ),Hotărani,Vânjuleţ
Mehedinți,13208,Hurduceşti (Strehaia),Hurduceşti,Strehaia
Mehedinți,13026,Husnicioara,Husnicioara,
Mehedinți,13101,Iablaniţa (Pădina Mare),Iablaniţa,Pădina Mare
Mehedinți,13148,Igiroasa (Prunişor),Igiroasa,Prunişor
Mehedinți,13037,Ilovăţ,Ilovăţ,
Mehedinți,13041,Iloviţa,Iloviţa,
Mehedinți,12888,Ilovu (Căzăneşti),Ilovu,Căzăneşti
Mehedinți,12912,Imoasa (Corcova),Imoasa,Corcova
Mehedinți,13048,Isverna,Isverna,
Mehedinți,12803,Iupca (Bala),Iupca,Bala
Mehedinți,13089,Izimşa (Obârşia de Câmp),Izimşa,Obârşia de Câmp
Mehedinți,13013,Izvoarele (Gruia),Izvoarele,Gruia
Mehedinți,13224,Izvorălu (Tâmna),Izvorălu,Tâmna
Mehedinți,13072,Izvorălu de Jos (Livezile),Izvorălu de Jos,Livezile
Mehedinți,13073,Izvoru Aneştilor (Livezile),Izvoru Aneştilor,Livezile
Mehedinți,13055,Izvoru Bârzii,Izvoru Bârzii,
Mehedinți,12871,Izvoru Frumos (Burila Mare),Izvoru Frumos,Burila Mare
Mehedinți,13063,Jiana,Jiana,
Mehedinți,13064,Jiana Mare (Jiana),Jiana Mare,Jiana
Mehedinți,13065,Jiana Veche (Jiana),Jiana Veche,Jiana
Mehedinți,12847,Jidoştiţa (Brezniţa-Ocol),Jidoştiţa,Brezniţa-Ocol
Mehedinți,12889,Jigniţa (Căzăneşti),Jigniţa,Căzăneşti
Mehedinți,12913,Jirov (Corcova),Jirov,Corcova
Mehedinți,12879,Jugastru (Butoieşti),Jugastru,Butoieşti
Mehedinți,12901,Jupâneşti (Cireşu),Jupâneşti,Cireşu
Mehedinți,13266,Lac (Voloiac),Lac,Voloiac
Mehedinți,13085,Lazu (Malovăţ),Lazu,Malovăţ
Mehedinți,12974,Livezi (Floreşti),Livezi,Floreşti
Mehedinți,13074,Livezile,Livezile,
Mehedinți,13124,Ludu (Ponoarele),Ludu,Ponoarele
Mehedinți,13149,Lumnic (Prunişor),Lumnic,Prunişor
Mehedinți,13209,Lunca Banului (Strehaia),Lunca Banului,Strehaia
Mehedinți,12860,Luncşoara (Broşteni),Luncşoara,Broşteni
Mehedinți,12862,Lupşa de Jos (Broşteni),Lupşa de Jos,Broşteni
Mehedinți,12863,Lupşa de Sus (Broşteni),Lupşa de Sus,Broşteni
Mehedinți,12848,Magheru (Brezniţa-Ocol),Magheru,Brezniţa-Ocol
Mehedinți,13157,Măgurele (Punghina),Măgurele,Punghina
Mehedinți,13112,Mălărişca (Podeni),Mălărişca,Podeni
Mehedinți,13086,Malovăţ,Malovăţ,
Mehedinți,13225,Manu (Tâmna),Manu,Tâmna
Mehedinți,12787,Mărăşeşti (Baia de Aramă),Mărăşeşti,Baia de Aramă
Mehedinți,12987,Marga (Godeanu),Marga,Godeanu
Mehedinți,13027,Marmanu (Husnicioara),Marmanu,Husnicioara
Mehedinți,12914,Măru Roşu (Corcova),Măru Roşu,Corcova
Mehedinți,13210,Menti (Strehaia),Menti,Strehaia
Mehedinți,12864,Meriş (Broşteni),Meriş,Broşteni
Mehedinți,13150,Mijarca (Prunişor),Mijarca,Prunişor
Mehedinți,13042,Moiseşti (Iloviţa),Moiseşti,Iloviţa
Mehedinți,12804,Molani (Bala),Molani,Bala
Mehedinți,12976,Moşneni (Floreşti),Moşneni,Floreşti
Mehedinți,13211,Motruleni (Strehaia),Motruleni,Strehaia
Mehedinți,13049,Nadanova (Isverna),Nadanova,Isverna
Mehedinți,12788,Negoeşti (Baia de Aramă),Negoeşti,Baia de Aramă
Mehedinți,13087,Negreşti (Malovăţ),Negreşti,Malovăţ
Mehedinți,12902,Negruşa (Cireşu),Negruşa,Cireşu
Mehedinți,12818,Nevăţu (Balta),Nevăţu,Balta
Mehedinți,13251,Nicolae Bălcescu (Vanju Mare),Nicolae Bălcescu,Vanju Mare
Mehedinți,13188,Noapteşa (Siseşti),Noapteşa,Siseşti
Mehedinți,13090,Obârşia de Câmp,Obârşia de Câmp,
Mehedinți,13093,Obârşia-Cloşani,Obârşia-Cloşani,
Mehedinți,13193,Ohaba (Şovarna),Ohaba,Şovarna
Mehedinți,13102,Olteanca (Pădina Mare),Olteanca,Pădina Mare
Mehedinți,13028,Oprăneşti (Husnicioara),Oprăneşti,Husnicioara
Mehedinți,13095,Oprișor,Oprișor,
Mehedinți,13252,Oreviţa Mare (Vanju Mare),Oreviţa Mare,Vanju Mare
Mehedinți,13098,Orşova,Orşova,
Mehedinți,13019,Ostrovu Corbului (Hinova),Ostrovu Corbului,Hinova
Mehedinți,12995,Ostrovu Mare (Gogoşu),Ostrovu Mare,Gogoşu
Mehedinți,13103,Pădina (Pădina Mare),Pădina,Pădina Mare
Mehedinți,13104,Pădina Mare,Pădina Mare,
Mehedinți,13105,Pădina Mică (Pădina Mare),Pădina Mică,Pădina Mare
Mehedinți,12890,Păltinişu (Căzăneşti),Păltinişu,Căzăneşti
Mehedinți,12826,Pârlagele (Bâlvăneşti),Pârlagele,Bâlvăneşti
Mehedinți,12915,Pârvuleşti (Corcova),Pârvuleşti,Corcova
Mehedinți,13008,Păsărani (Grozeşti),Păsărani,Grozeşti
Mehedinți,13108,Pătulele,Pătulele,
Mehedinți,12988,Păuneşti (Godeanu),Păuneşti,Godeanu
Mehedinți,13226,Pavăţ (Tâmna),Pavăţ,Tâmna
Mehedinți,13029,Peri (Husnicioara),Peri,Husnicioara
Mehedinți,12978,Peşteana (Floreşti),Peşteana,Floreşti
Mehedinți,12979,Peştenuţa (Floreşti),Peştenuţa,Floreşti
Mehedinți,12778,Petra (Bâcleş),Petra,Bâcleş
Mehedinți,13075,Petriş (Livezile),Petriş,Livezile
Mehedinți,12789,Pistriţa (Baia de Aramă),Pistriţa,Baia de Aramă
Mehedinți,12842,Plai (Brezniţa-Motru),Plai,Brezniţa-Motru
Mehedinți,13227,Plopi (Tâmna),Plopi,Tâmna
Mehedinți,12880,Pluta (Butoieşti),Pluta,Butoieşti
Mehedinți,13113,Podeni,Podeni,
Mehedinți,12779,Podu Grosului (Bâcleş),Podu Grosului,Bâcleş
Mehedinți,12891,Poiana (Căzăneşti),Poiana,Căzăneşti
Mehedinți,13014,Poiana Gruii (Gruia),Poiana Gruii,Gruia
Mehedinți,13125,Ponoarele,Ponoarele,
Mehedinți,13174,Poroina (Şimian),Poroina,Şimian
Mehedinți,13132,Poroina Mare,Poroina Mare,
Mehedinți,13162,Poroiniţa (Rogova),Poroiniţa,Rogova
Mehedinți,13253,Portile de Fier II (Vanju Mare),Portile de Fier II,Vanju Mare
Mehedinți,13201,Poşta Veche (Stângăceaua),Poşta Veche,Stângăceaua
Mehedinți,12819,Prejna (Balta),Prejna,Balta
Mehedinți,13030,Priboieşti (Husnicioara),Priboieşti,Husnicioara
Mehedinți,13096,Prisăceaua (Oprișor),Prisăceaua,Oprișor
Mehedinți,13137,Pristol,Pristol,
Mehedinți,13126,Proiteşti (Ponoarele),Proiteşti,Ponoarele
Mehedinți,13151,Prunaru (Prunişor),Prunaru,Prunişor
Mehedinți,13152,Prunişor,Prunişor,
Mehedinți,13158,Punghina,Punghina,
Mehedinți,12916,Puşcaşu (Corcova),Puşcaşu,Corcova
Mehedinți,13056,Puţinei (Izvoru Bârzii),Puţinei,Izvoru Bârzii
Mehedinți,13038,Racova (Ilovăţ),Racova,Ilovăţ
Mehedinți,12881,Răduţeşti (Butoieşti),Răduţeşti,Butoieşti
Mehedinți,13127,Răiculeşti (Ponoarele),Răiculeşti,Ponoarele
Mehedinți,13057,Răscoleşti (Izvoru Bârzii),Răscoleşti,Izvoru Bârzii
Mehedinți,13159,Recea (Punghina),Recea,Punghina
Mehedinți,12958,Rocşoreni (Dumbrava),Rocşoreni,Dumbrava
Mehedinți,13163,Rogova,Rogova,
Mehedinți,12892,Roşia (Căzăneşti),Roşia,Căzăneşti
Mehedinți,13245,Roşiori (Vânători),Roşiori,Vânători
Mehedinți,12805,Rudina (Bala),Rudina,Bala
Mehedinți,12806,Runcuşoru (Bala),Runcuşoru,Bala
Mehedinți,13267,Ruptura (Voloiac),Ruptura,Voloiac
Mehedinți,13001,Sălătruc (Greci),Sălătruc,Greci
Mehedinți,13166,Salcia,Salcia,
Mehedinți,12807,Sărdăneşti (Bala),Sărdăneşti,Bala
Mehedinți,13202,Satu Mare (Stângăceaua),Satu Mare,Stângăceaua
Mehedinți,13160,Satu Nou (Punghina),Satu Nou,Punghina
Mehedinți,12934,Scăpău (Devesel),Scăpău,Devesel
Mehedinți,12940,Schela Cladovei (Drobeta-Turnu Severin),Schela Cladovei,Drobeta-Turnu Severin
Mehedinți,13058,Schinteieşti (Izvoru Bârzii),Schinteieşti,Izvoru Bârzii
Mehedinți,13059,Schitu Topolniţei (Izvoru Bârzii),Schitu Topolniţei,Izvoru Bârzii
Mehedinți,13261,Scorila (Vlădaia),Scorila,Vlădaia
Mehedinți,13050,Seliştea (Isverna),Seliştea,Isverna
Mehedinți,13031,Selişteni (Husnicioara),Selişteni,Husnicioara
Mehedinți,12780,Seliştiuţa (Bâcleş),Seliştiuţa,Bâcleş
Mehedinți,12893,Severineşti (Căzăneşti),Severineşti,Căzăneşti
Mehedinți,12820,Sfodea (Balta),Sfodea,Balta
Mehedinți,13176,Şimian,Şimian,
Mehedinți,13128,Şipotu (Ponoarele),Şipotu,Ponoarele
Mehedinți,13133,Şipotu (Poroina Mare),Şipotu,Poroina Mare
Mehedinți,12989,Şiroca (Godeanu),Şiroca,Godeanu
Mehedinți,13190,Şişeşti (Siseşti),Şişeşti,Siseşti
Mehedinți,13106,Slaşoma (Pădina Mare),Slaşoma,Pădina Mare
Mehedinți,13212,Slătinicu Mare (Strehaia),Slătinicu Mare,Strehaia
Mehedinți,13213,Slătinicu Mic (Strehaia),Slătinicu Mic,Strehaia
Mehedinți,12781,Smadoviţa (Bâcleş),Smadoviţa,Bâcleş
Mehedinți,13194,Şovarna,Şovarna,
Mehedinți,13268,Sperleşti (Voloiac),Sperleşti,Voloiac
Mehedinți,13214,Stănceşti (Strehaia),Stănceşti,Strehaia
Mehedinți,12790,Stăneşti (Baia de Aramă),Stăneşti,Baia de Aramă
Mehedinți,13203,Stângăceaua,Stângăceaua,
Mehedinți,12917,Stejaru (Corcova),Stejaru,Corcova
Mehedinți,13134,Stigniţa (Poroina Mare),Stigniţa,Poroina Mare
Mehedinți,13262,Ştircoviţa (Vlădaia),Ştircoviţa,Vlădaia
Mehedinți,13215,Strehaia,Strehaia,
Mehedinți,12980,Stroeşti (Floreşti),Stroeşti,Floreşti
Mehedinți,13195,Studina (Şovarna),Studina,Şovarna
Mehedinți,12894,Suharu (Căzăneşti),Suharu,Căzăneşti
Mehedinți,12849,Şuşiţa (Brezniţa-Ocol),Şuşiţa,Brezniţa-Ocol
Mehedinți,13010,Şuşiţa (Grozeşti),Şuşiţa,Grozeşti
Mehedinți,13217,Sviniţa,Sviniţa,
Mehedinți,12843,Tălăpanu (Brezniţa-Motru),Tălăpanu,Brezniţa-Motru
Mehedinți,13228,Tâmna,Tâmna,
Mehedinți,12882,Ţânţaru (Butoieşti),Ţânţaru,Butoieşti
Mehedinți,13204,Târsa (Stângăceaua),Târsa,Stângăceaua
Mehedinți,12872,Ţigănaşi (Burila Mare),Ţigănaşi,Burila Mare
Mehedinți,12935,Tismana (Devesel),Tismana,Devesel
Mehedinți,12791,Titerlesti (Baia de Aramă),Titerlesti,Baia de Aramă
Mehedinți,13269,Ţiţirigi (Voloiac),Ţiţirigi,Voloiac
Mehedinți,13254,Traian (Vanju Mare),Traian,Vanju Mare
Mehedinți,13051,Turtaba (Isverna),Turtaba,Isverna
Mehedinți,12921,Valea Anilor (Corlăţel),Valea Anilor,Corlăţel
Mehedinți,13270,Valea Bună (Voloiac),Valea Bună,Voloiac
Mehedinți,13177,Valea Copcii (Şimian),Valea Copcii,Şimian
Mehedinți,12895,Valea Coşuştei (Căzăneşti),Valea Coşuştei,Căzăneşti
Mehedinți,13077,Valea Izvorului (Livezile),Valea Izvorului,Livezile
Mehedinți,12961,Valea Marcului (Dumbrava),Valea Marcului,Dumbrava
Mehedinți,13002,Valea Petrii (Greci),Valea Petrii,Greci
Mehedinți,12844,Valea Teiului (Brezniţa-Motru),Valea Teiului,Brezniţa-Motru
Mehedinți,13129,Valea Ursului (Ponoarele),Valea Ursului,Ponoarele
Mehedinți,13229,Valea Ursului (Tâmna),Valea Ursului,Tâmna
Mehedinți,13247,Vânători,Vânători,
Mehedinți,13255,Vanju Mare,Vanju Mare,
Mehedinți,13258,Vânjuleţ,Vânjuleţ,
Mehedinți,12962,Varodia (Dumbrava),Varodia,Dumbrava
Mehedinți,13109,Viaşu (Pătulele),Viaşu,Pătulele
Mehedinți,12808,Vidimireşti (Bala),Vidimireşti,Bala
Mehedinți,13003,Vişina (Greci),Vişina,Greci
Mehedinți,13263,Vlădaia,Vlădaia,
Mehedinți,12918,Vlădăşeşti (Corcova),Vlădăşeşti,Corcova
Mehedinți,12963,Vlădica (Dumbrava),Vlădica,Dumbrava
Mehedinți,13271,Voloiac,Voloiac,
Mehedinți,13272,Voloicel (Voloiac),Voloicel,Voloiac
Mehedinți,12873,Vrancea (Burila Mare),Vrancea,Burila Mare
Mehedinți,13274,Vrata,Vrata,
Mehedinți,13153,Zegaia (Prunişor),Zegaia,Prunişor
Mehedinți,12982,Zegujani (Floreşti),Zegujani,Floreşti
Mureș,13567,Abud (Ghindari),Abud,Ghindari
Mureș,13697,Abuş (Mica),Abuş,Mica
Mureș,13277,Acăţari,Acăţari,
Mureș,13287,Adămuş,Adămuş,
Mureș,13598,Adrian (Gurghiu),Adrian,Gurghiu
Mureș,13550,Adrianu Mare (Găleşti),Adrianu Mare,Găleşti
Mureș,13551,Adrianu Mic (Găleşti),Adrianu Mic,Găleşti
Mureș,13367,Agrişteu (Bălăuşeri),Agrişteu,Bălăuşeri
Mureș,13294,Albeşti,Albeşti,
Mureș,13318,Aluniş,Aluniş,
Mureș,13793,Andreneasa (Răstoliţa),Andreneasa,Răstoliţa
Mureș,13871,Angofa (Sighişoara),Angofa,Sighişoara
Mureș,13799,Apalina (Reghin),Apalina,Reghin
Mureș,13327,Apold,Apold,
Mureș,13958,Archita (Vânători),Archita,Vânători
Mureș,13609,Arşiţa (Hodac),Arşiţa,Hodac
Mureș,13332,Aţintiş,Aţintiş,
Mureș,13872,Aurel Vlaicu (Sighişoara),Aurel Vlaicu,Sighişoara
Mureș,13667,Avrămeşti (Luduş),Avrămeşti,Luduş
Mureș,13339,Băgaciu,Băgaciu,
Mureș,13342,Bahnea,Bahnea,
Mureș,13675,Băiţa (Lunca),Băiţa,Lunca
Mureș,13350,Băla,Băla,
Mureș,13368,Bălăuşeri,Bălăuşeri,
Mureș,13853,Balda (Sărmașu),Balda,Sărmașu
Mureș,13374,Band,Band,
Mureș,13400,Bâra (Bereni),Bâra,Bereni
Mureș,14010,Bărboşi (Zau de Câmpie),Bărboşi,Zau de Câmpie
Mureș,13846,Bărdeşti (Sântana de Mureş),Bărdeşti,Sântana de Mureş
Mureș,13839,Bârlibaş (Sânpetru de Câmpie),Bârlibaş,Sânpetru de Câmpie
Mureș,13296,Bârlibăşoaia (Albeşti),Bârlibăşoaia,Albeşti
Mureș,13820,Bârza (Sânger),Bârza,Sânger
Mureș,13388,Batoş,Batoş,
Mureș,13552,Bedeni (Găleşti),Bedeni,Găleşti
Mureș,13393,Beica de Jos,Beica de Jos,
Mureș,13394,Beica de Sus (Beica de Jos),Beica de Sus,Beica de Jos
Mureș,13401,Bereni,Bereni,
Mureș,13746,Berghia (Pănet),Berghia,Pănet
Mureș,13343,Bernadea (Bahnea),Bernadea,Bahnea
Mureș,13711,Beu (Miercurea Nirajului),Beu,Miercurea Nirajului
Mureș,13815,Bezid (Sângeorgiu de Pădure),Bezid,Sângeorgiu de Pădure
Mureș,13816,Bezidu Nou (Sângeorgiu de Pădure),Bezidu Nou,Sângeorgiu de Pădure
Mureș,13610,Bicaşu (Hodac),Bicaşu,Hodac
Mureș,13408,Bichiş,Bichiş,
Mureș,13511,Bistra Mureşului (Deda),Bistra Mureşului,Deda
Mureș,13622,Blidireasa (Ibăneşti),Blidireasa,Ibăneşti
Mureș,13923,Bobohalma (Târnăveni),Bobohalma,Târnăveni
Mureș,13413,Bogata,Bogata,
Mureș,13298,Boiu (Albeşti),Boiu,Albeşti
Mureș,13758,Bolintineni (Păsăreni),Bolintineni,Păsăreni
Mureș,13765,Bologaia (Pogăceaua),Bologaia,Pogăceaua
Mureș,13496,Bord (Cucerdea),Bord,Cucerdea
Mureș,13530,Bordoşiu (Fântânele),Bordoşiu,Fântânele
Mureș,13794,Borzia (Răstoliţa),Borzia,Răstoliţa
Mureș,14011,Botei (Zau de Câmpie),Botei,Zau de Câmpie
Mureș,13333,Botez (Aţintiş),Botez,Aţintiş
Mureș,13924,Botorca (Târnăveni),Botorca,Târnăveni
Mureș,13441,Bozed (Ceuaşu de Câmpie),Bozed,Ceuaşu de Câmpie
Mureș,13470,Bozeni (Corunca),Bozeni,Corunca
Mureș,13623,Brădeţelu (Ibăneşti),Brădeţelu,Ibăneşti
Mureș,13416,Brâncovenești,Brâncovenești,
Mureș,13423,Breaza,Breaza,
Mureș,13479,Budiu Mic (Crăciuneşti),Budiu Mic,Crăciuneşti
Mureș,13720,Bujor (Miheşu de Câmpie),Bujor,Miheşu de Câmpie
Mureș,14012,Bujor-Hodaie (Zau de Câmpie),Bujor-Hodaie,Zau de Câmpie
Mureș,13776,Căciulata (Râciu),Căciulata,Râciu
Mureș,13395,Căcuciu (Beica de Jos),Căcuciu,Beica de Jos
Mureș,13532,Călimăneşti (Fântânele),Călimăneşti,Fântânele
Mureș,13516,Călugăreni (Eremitu),Călugăreni,Eremitu
Mureș,13522,Căluşeri (Ernei),Căluşeri,Ernei
Mureș,13442,Câmpeniţa (Ceuaşu de Câmpie),Câmpeniţa,Ceuaşu de Câmpie
Mureș,13517,Campu Cetatii (Eremitu),Campu Cetatii,Eremitu
Mureș,13402,Cându (Bereni),Cându,Bereni
Mureș,13698,Căpâlna de Sus (Mica),Căpâlna de Sus,Mica
Mureș,13888,Capeţi (Sovata),Capeţi,Sovata
Mureș,13636,Căpuşu de Câmpie (Iclănzel),Căpuşu de Câmpie,Iclănzel
Mureș,13599,Caşva (Gurghiu),Caşva,Gurghiu
Mureș,13334,Cecălaca (Aţintiş),Cecălaca,Aţintiş
Mureș,13568,Ceie (Ghindari),Ceie,Ghindari
Mureș,13933,Cerghid (Ungheni),Cerghid,Ungheni
Mureș,13934,Cerghizel (Ungheni),Cerghizel,Ungheni
Mureș,13699,Ceuaş (Mica),Ceuaş,Mica
Mureș,13443,Ceuaşu de Câmpie,Ceuaşu de Câmpie,
Mureș,13369,Chendu (Bălăuşeri),Chendu,Bălăuşeri
Mureș,13450,Cheţani,Cheţani,
Mureș,13458,Chibed,Chibed,
Mureș,13460,Chiheru de Jos,Chiheru de Jos,
Mureș,13461,Chiheru de Sus (Chiheru de Jos),Chiheru de Sus,Chiheru de Jos
Mureș,13847,Chinari (Sântana de Mureş),Chinari,Sântana de Mureş
Mureș,13288,Chinciuş (Adămuş),Chinciuş,Adămuş
Mureș,13829,Chirileu (Sânpaul),Chirileu,Sânpaul
Mureș,13637,Chisăliţa (Iclănzel),Chisăliţa,Iclănzel
Mureș,13533,Cibu (Fântânele),Cibu,Fântânele
Mureș,13480,Cinta (Crăciuneşti),Cinta,Crăciuneşti
Mureș,13668,Cioarga (Luduş),Cioarga,Luduş
Mureș,13893,Ciobotani (Stânceni),Ciobotani,Stânceni
Mureș,13821,Cipăieni (Sânger),Cipăieni,Sânger
Mureș,13652,Cipău (Iernut),Cipău,Iernut
Mureș,14013,Ciretea (Zau de Câmpie),Ciretea,Zau de Câmpie
Mureș,13721,Cirhagău (Miheşu de Câmpie),Cirhagău,Miheşu de Câmpie
Mureș,13766,Ciulea (Pogăceaua),Ciulea,Pogăceaua
Mureș,13669,Ciurgău (Luduş),Ciurgău,Luduş
Mureș,13862,Cloaşterf (Saschiz),Cloaşterf,Saschiz
Mureș,13451,Coasta Grindului (Cheţani),Coasta Grindului,Cheţani
Mureș,13777,Coasta Mare (Râciu),Coasta Mare,Râciu
Mureș,13600,Comori (Gurghiu),Comori,Gurghiu
Mureș,13278,Corbeşti (Acăţari),Corbeşti,Acăţari
Mureș,13452,Cordoş (Cheţani),Cordoş,Cheţani
Mureș,13289,Corneşti (Adămuş),Corneşti,Adămuş
Mureș,13481,Corneşti (Crăciuneşti),Corneşti,Crăciuneşti
Mureș,13465,Coroi (Coroisânmărtin),Coroi,Coroisânmărtin
Mureș,13466,Coroisânmărtin,Coroisânmărtin,
Mureș,13471,Corunca,Corunca,
Mureș,13778,Cotorinau (Râciu),Cotorinau,Râciu
Mureș,13811,Cotuş (Sângeorgiu de Mureş),Cotuş,Sângeorgiu de Mureş
Mureș,13473,Cozma,Cozma,
Mureș,13482,Crăciuneşti,Crăciuneşti,
Mureș,13290,Crăieşti (Adămuş),Crăieşti,Adămuş
Mureș,20954,Crăieşti,Crăieşti,
Mureș,13506,Criş (Daneş),Criş,Daneş
Mureș,13489,Cristeşti,Cristeşti,
Mureș,13497,Cucerdea,Cucerdea,
Mureș,13500,Cuci,Cuci,
Mureș,13747,Cuieşd (Pănet),Cuieşd,Pănet
Mureș,13444,Culpiu (Ceuaşu de Câmpie),Culpiu,Ceuaşu de Câmpie
Mureș,13344,Cund (Bahnea),Cund,Bahnea
Mureș,13779,Cureţe (Râciu),Cureţe,Râciu
Mureș,13848,Curteni (Sântana de Mureş),Curteni,Sântana de Mureş
Mureș,13925,Cuştelnic (Târnăveni),Cuştelnic,Târnăveni
Mureș,13328,Daia (Apold),Daia,Apold
Mureș,13345,Daia (Bahnea),Daia,Bahnea
Mureș,13822,Dalu (Sânger),Dalu,Sânger
Mureș,13291,Dâmbău (Adămuş),Dâmbău,Adămuş
Mureș,13840,Dâmbu (Sânpetru de Câmpie),Dâmbu,Sânpetru de Câmpie
Mureș,13518,Dămieni (Eremitu),Dămieni,Eremitu
Mureș,13507,Daneş,Daneş,
Mureș,13501,Dătăşeni (Cuci),Dătăşeni,Cuci
Mureș,13653,Deag (Iernut),Deag,Iernut
Mureș,13701,Deaj (Mica),Deaj,Mica
Mureș,13512,Deda,Deda,
Mureș,13389,Dedrad (Batoş),Dedrad,Batoş
Mureș,13648,Deleni (Ideciu de Jos),Deleni,Ideciu de Jos
Mureș,13767,Deleni (Pogăceaua),Deleni,Pogăceaua
Mureș,13340,Delenii (Băgaciu),Delenii,Băgaciu
Mureș,13830,Dileu Nou (Sânpaul),Dileu Nou,Sânpaul
Mureș,13740,Dileu Vechi (Ogra),Dileu Vechi,Ogra
Mureș,13752,Dobra (Papiu Ilarian),Dobra,Papiu Ilarian
Mureș,13375,Drăculea Bandului (Band),Drăculea Bandului,Band
Mureș,13403,Drojdii (Bereni),Drojdii,Bereni
Mureș,13611,Dubiştea de Pădure (Hodac),Dubiştea de Pădure,Hodac
Mureș,13624,Dulcea (Ibăneşti),Dulcea,Ibăneşti
Mureș,13983,Dumbrava (Vătava),Dumbrava,Vătava
Mureș,13523,Dumbrăvioara (Ernei),Dumbrăvioara,Ernei
Mureș,13370,Dumitreni (Bălăuşeri),Dumitreni,Bălăuşeri
Mureș,13712,Dumitrestii (Miercurea Nirajului),Dumitrestii,Miercurea Nirajului
Mureș,13502,După Deal (Cuci),După Deal,Cuci
Mureș,13638,După Deal (Iclănzel),După Deal,Iclănzel
Mureș,13359,Ercea (Băla),Ercea,Băla
Mureș,13404,Eremieni (Bereni),Eremieni,Bereni
Mureș,13519,Eremitu,Eremitu,
Mureș,13524,Ernei,Ernei,
Mureș,13376,Fânaţe (Band),Fânaţe,Band
Mureș,13543,Fânaţe (Fărăgău),Fânaţe,Fărăgău
Mureș,13639,Fânaţe (Iclănzel),Fânaţe,Iclănzel
Mureș,13928,Fânaţe (Tăureni),Fânaţe,Tăureni
Mureș,13640,Fânaţele Căpuşului (Iclănzel),Fânaţele Căpuşului,Iclănzel
Mureș,13377,Fanatele Madarasului (Band),Fanatele Madarasului,Band
Mureș,13474,Fânaţele Socolului (Cozma),Fânaţele Socolului,Cozma
Mureș,13768,Fântâna Babii (Pogăceaua),Fântâna Babii,Pogăceaua
Mureș,13535,Fântânele,Fântânele,
Mureș,13544,Fărăgău,Fărăgău,
Mureș,13962,Feleag (Vânători),Feleag,Vânători
Mureș,13513,Filea (Deda),Filea,Deda
Mureș,13371,Filitelnic (Bălăuşeri),Filitelnic,Bălăuşeri
Mureș,13426,Filpişu Mare (Breaza),Filpişu Mare,Breaza
Mureș,13427,Filpişu Mic (Breaza),Filpişu Mic,Breaza
Mureș,13320,Fiţcău (Aluniş),Fiţcău,Aluniş
Mureș,13677,Frunzeni (Lunca),Frunzeni,Lunca
Mureș,13670,Fundătura (Luduş),Fundătura,Luduş
Mureș,13601,Fundoaia (Gurghiu),Fundoaia,Gurghiu
Mureș,13279,Gaiesti (Acăţari),Gaiesti,Acăţari
Mureș,13795,Gălăoaia (Răstoliţa),Gălăoaia,Răstoliţa
Mureș,13759,Gălăţeni (Păsăreni),Gălăţeni,Păsăreni
Mureș,13553,Găleşti,Găleşti,
Mureș,13409,Gâmbuţ (Bichiş),Gâmbuţ,Bichiş
Mureș,13557,Găneşti (Gănești),Găneşti,Gănești
Mureș,14014,Gaura Sângerului (Zau de Câmpie),Gaura Sângerului,Zau de Câmpie
Mureș,13671,Gheja (Luduş),Gheja,Luduş
Mureș,13561,Gheorghe Doja,Gheorghe Doja,
Mureș,13641,Ghidaşteu (Iclănzel),Ghidaşteu,Iclănzel
Mureș,13569,Ghindari,Ghindari,
Mureș,13734,Ghineşti (Neaua),Ghineşti,Neaua
Mureș,13741,Giuluş (Ogra),Giuluş,Ogra
Mureș,13453,Giurgiş (Cheţani),Giurgiş,Cheţani
Mureș,13602,Glăjărie (Gurghiu),Glăjărie,Gurghiu
Mureș,13573,Glodeni,Glodeni,
Mureș,13346,Gogan (Bahnea),Gogan,Bahnea
Mureș,13390,Goreni (Batoş),Goreni,Batoş
Mureș,13584,Gorneşti,Gorneşti,
Mureș,13948,Grădini (Valea Largă),Grădini,Valea Largă
Mureș,13977,Grausorul (Vărgata),Grausorul,Vărgata
Mureș,13594,Grebenişu de Câmpie,Grebenişu de Câmpie,
Mureș,13454,Grindeni (Cheţani),Grindeni,Cheţani
Mureș,13722,Groapa Rădăii (Miheşu de Câmpie),Groapa Rădăii,Miheşu de Câmpie
Mureș,13280,Gruişor (Acăţari),Gruişor,Acăţari
Mureș,13603,Gurghiu,Gurghiu,
Mureș,13762,Habic (Petelea),Habic,Petelea
Mureș,13455,Hădăreni (Cheţani),Hădăreni,Cheţani
Mureș,13780,Hagău (Râciu),Hagău,Râciu
Mureș,13702,Hărănglab (Mica),Hărănglab,Mica
Mureș,13748,Hărţău (Pănet),Hărţău,Pănet
Mureș,13292,Herepea (Adămuş),Herepea,Adămuş
Mureș,13445,Herghelia (Ceuaşu de Câmpie),Herghelia,Ceuaşu de Câmpie
Mureș,13873,Hetiur (Sighişoara),Hetiur,Sighişoara
Mureș,13612,Hodac,Hodac,
Mureș,13545,Hodaia (Fărăgău),Hodaia,Fărăgău
Mureș,13617,Hodoşa,Hodoşa,
Mureș,13585,Iara de Mureş (Gorneşti),Iara de Mureş,Gorneşti
Mureș,13626,Ibăneşti,Ibăneşti,
Mureș,13627,Ibăneşti-Pădure (Ibăneşti),Ibăneşti-Pădure,Ibăneşti
Mureș,13525,Icland (Ernei),Icland,Ernei
Mureș,13642,Iclandu Mare (Iclănzel),Iclandu Mare,Iclănzel
Mureș,13643,Iclănzel,Iclănzel,
Mureș,13649,Ideciu de Jos,Ideciu de Jos,
Mureș,13650,Ideciu de Sus (Ideciu de Jos),Ideciu de Sus,Ideciu de Jos
Mureș,13417,Idicel (Brâncovenești),Idicel,Brâncovenești
Mureș,13418,Idicel-Pădure (Brâncovenești),Idicel-Pădure,Brâncovenești
Mureș,13347,Idiciu (Bahnea),Idiciu,Bahnea
Mureș,13897,Idrifaia (Suplac),Idrifaia,Suplac
Mureș,13654,Iernut,Iernut,
Mureș,13800,Iernuţeni (Reghin),Iernuţeni,Reghin
Mureș,13618,Ihod (Hodoşa),Ihod,Hodoşa
Mureș,13562,Ilieni (Gheorghe Doja),Ilieni,Gheorghe Doja
Mureș,13889,Ilieşi (Sovata),Ilieşi,Sovata
Mureș,13586,Ilioara (Gorneşti),Ilioara,Gorneşti
Mureș,13796,Iod (Răstoliţa),Iod,Răstoliţa
Mureș,13619,Isla (Hodoşa),Isla,Hodoşa
Mureș,13378,Istan-Tau (Band),Istan-Tau,Band
Mureș,13335,Iştihaza (Aţintiş),Iştihaza,Aţintiş
Mureș,13662,Ivăneşti (Livezeni),Ivăneşti,Livezeni
Mureș,13885,Jabeniţa (Solovăstru),Jabeniţa,Solovăstru
Mureș,13987,Jacodu (Veţca),Jacodu,Veţca
Mureș,13306,Jacu (Albeşti),Jacu,Albeşti
Mureș,13628,Lăpuşna (Ibăneşti),Lăpuşna,Ibăneşti
Mureș,13604,Larga (Gurghiu),Larga,Gurghiu
Mureș,13854,Larga (Sărmașu),Larga,Sărmașu
Mureș,13742,Lăscud (Ogra),Lăscud,Ogra
Mureș,13898,Laslău Mare (Suplac),Laslău Mare,Suplac
Mureș,13899,Laslău Mic (Suplac),Laslău Mic,Suplac
Mureș,13713,Lăureni (Miercurea Nirajului),Lăureni,Miercurea Nirajului
Mureș,13880,Lechincioara (Șincai),Lechincioara,Șincai
Mureș,13655,Lechinţa (Iernut),Lechinţa,Iernut
Mureș,13485,Lefaia (Crăieşti),Lefaia,Crăieşti
Mureș,13781,Leniş (Râciu),Leniş,Râciu
Mureș,13563,Leordeni (Gheorghe Doja),Leordeni,Gheorghe Doja
Mureș,13595,Leorinţa (Grebenişu de Câmpie),Leorinţa,Grebenişu de Câmpie
Mureș,13866,Leorinţa-Şăulia (Şăulia),Leorinţa-Şăulia,Şăulia
Mureș,13348,Lepindea (Bahnea),Lepindea,Bahnea
Mureș,13456,Linţ (Cheţani),Linţ,Cheţani
Mureș,13663,Livezeni,Livezeni,
Mureș,13679,Logig (Lunca),Logig,Lunca
Mureș,13817,Loţu (Sângeorgiu de Pădure),Loţu,Sângeorgiu de Pădure
Mureș,13672,Luduş,Luduş,
Mureș,13909,Luieriu (Suseni),Luieriu,Suseni
Mureș,13680,Lunca,Lunca,
Mureș,13689,Lunca Bradului,Lunca Bradului,
Mureș,13322,Lunca Mureşului (Aluniş),Lunca Mureşului,Aluniş
Mureș,13867,Măcicăşeşti (Şăulia),Măcicăşeşti,Şăulia
Mureș,13379,Mădăraş (Band),Mădăraş,Band
Mureș,13644,Mădărăşeni (Iclănzel),Mădărăşeni,Iclănzel
Mureș,13693,Măgherani,Măgherani,
Mureș,13729,Măgheruş (Nadeş),Măgheruş,Nadeş
Mureș,13405,Maia (Bereni),Maia,Bereni
Mureș,13554,Maiad (Găleşti),Maiad,Găleşti
Mureș,13803,Maioreşti (Ruşii-Munţi),Maioreşti,Ruşii-Munţi
Mureș,13949,Mălăeşti (Valea Largă),Mălăeşti,Valea Largă
Mureș,13336,Maldaoci (Aţintiş),Maldaoci,Aţintiş
Mureș,14015,Malea (Zau de Câmpie),Malea,Zau de Câmpie
Mureș,13380,Mărăşeşti (Band),Mărăşeşti,Band
Mureș,13406,Mărculeni (Bereni),Mărculeni,Bereni
Mureș,13520,Mătrici (Eremitu),Mătrici,Eremitu
Mureș,13578,Merişor (Glodeni),Merişor,Glodeni
Mureș,13753,Merişoru (Papiu Ilarian),Merişoru,Papiu Ilarian
Mureș,13894,Meştera (Stânceni),Meştera,Stânceni
Mureș,13704,Mica,Mica,
Mureș,13714,Miercurea Nirajului,Miercurea Nirajului,
Mureș,13863,Mihai Viteazu (Saschiz),Mihai Viteazu,Saschiz
Mureș,13723,Miheşu de Câmpie,Miheşu de Câmpie,
Mureș,13486,Milăşel (Crăieşti),Milăşel,Crăieşti
Mureș,13613,Mirigioaia (Hodac),Mirigioaia,Hodac
Mureș,13978,Mitreşti (Vărgata),Mitreşti,Vărgata
Mureș,13929,Moara de Jos (Tăureni),Moara de Jos,Tăureni
Mureș,13724,Mogoaia (Miheşu de Câmpie),Mogoaia,Miheşu de Câmpie
Mureș,13579,Moişa (Glodeni),Moişa,Glodeni
Mureș,13804,Morăreni (Ruşii-Munţi),Morăreni,Ruşii-Munţi
Mureș,13941,Moreşti (Ungheni),Moreşti,Ungheni
Mureș,13855,Moruţ (Sărmașu),Moruţ,Sărmașu
Mureș,13715,Moşuni (Miercurea Nirajului),Moşuni,Miercurea Nirajului
Mureș,13587,Mura Mare (Gorneşti),Mura Mare,Gorneşti
Mureș,13588,Mura Mică (Gorneşti),Mura Mică,Gorneşti
Mureș,13968,Mureni (Vânători),Mureni,Vânători
Mureș,13919,Mureşeni (Târgu-Mureş),Mureşeni,Târgu-Mureş
Mureș,13281,Murgeşti (Acăţari),Murgeşti,Acăţari
Mureș,13396,Nadăşa (Beica de Jos),Nadăşa,Beica de Jos
Mureș,13730,Nadeş,Nadeş,
Mureș,13410,Nandra (Bichiş),Nandra,Bichiş
Mureș,13808,Nazna (Sâncraiu de Mureş),Nazna,Sâncraiu de Mureş
Mureș,13690,Neagra (Lunca Bradului),Neagra,Lunca Bradului
Mureș,13735,Neaua,Neaua,
Mureș,13381,Negrenii de Campie (Band),Negrenii de Campie,Band
Mureș,13487,Nima Milăşelului (Crăieşti),Nima Milăşelului,Crăieşti
Mureș,13782,Nima Râciului (Râciu),Nima Râciului,Râciu
Mureș,13656,Oarba de Mureş (Iernut),Oarba de Mureş,Iernut
Mureș,13783,Obârşie (Râciu),Obârşie,Râciu
Mureș,13467,Odrihei (Coroisânmărtin),Odrihei,Coroisânmărtin
Mureș,13743,Ogra,Ogra,
Mureș,13546,Onuca (Fărăgău),Onuca,Fărăgău
Mureș,13994,Ormeniş (Viișoara),Ormeniş,Viișoara
Mureș,13382,Oroiu (Band),Oroiu,Band
Mureș,13503,Orosia (Cuci),Orosia,Cuci
Mureș,13605,Orşova (Gurghiu),Orşova,Gurghiu
Mureș,13606,Orşova-Pădure (Gurghiu),Orşova-Pădure,Gurghiu
Mureș,13411,Ozd (Bichiş),Ozd,Bichiş
Mureș,13580,Păcureni (Glodeni),Păcureni,Glodeni
Mureș,13868,Pădurea (Şăulia),Pădurea,Şăulia
Mureș,13589,Pădureni (Gorneşti),Pădureni,Gorneşti
Mureș,13581,Păingeni (Glodeni),Păingeni,Glodeni
Mureș,13749,Pănet,Pănet,
Mureș,13754,Papiu Ilarian,Papiu Ilarian,
Mureș,13769,Pârâu Crucii (Pogăceaua),Pârâu Crucii,Pogăceaua
Mureș,13784,Pârâu Crucii (Râciu),Pârâu Crucii,Râciu
Mureș,13630,Pârâu Mare (Ibăneşti),Pârâu Mare,Ibăneşti
Mureș,13760,Păsăreni,Păsăreni,
Mureș,13558,Păucişoara (Gănești),Păucişoara,Gănești
Mureș,13607,Păuloaia (Gurghiu),Păuloaia,Gurghiu
Mureș,13590,Periş (Gorneşti),Periş,Gorneşti
Mureș,13383,Petea (Band),Petea,Band
Mureș,13763,Petelea,Petelea,
Mureș,13504,Petrilaca (Cuci),Petrilaca,Cuci
Mureș,13591,Petrilaca de Mureş (Gorneşti),Petrilaca de Mureş,Gorneşti
Mureș,13514,Pietriş (Deda),Pietriş,Deda
Mureș,13731,Pipea (Nadeş),Pipea,Nadeş
Mureș,13547,Poarta (Fărăgău),Poarta,Fărăgău
Mureș,13950,Poduri (Valea Largă),Poduri,Valea Largă
Mureș,13770,Pogăceaua,Pogăceaua,
Mureș,13664,Poieniţa (Livezeni),Poieniţa,Livezeni
Mureș,13657,Porumbac (Iernut),Porumbac,Iernut
Mureș,13446,Porumbeni (Ceuaşu de Câmpie),Porumbeni,Ceuaşu de Câmpie
Mureș,13823,Pripoare (Sânger),Pripoare,Sânger
Mureș,13881,Pusta (Șincai),Pusta,Șincai
Mureș,13658,Racameţ (Iernut),Racameţ,Iernut
Mureș,13785,Râciu,Râciu,
Mureș,13414,Ranta (Bogata),Ranta,Bogata
Mureș,13984,Râpa de Jos (Vătava),Râpa de Jos,Vătava
Mureș,13797,Răstoliţa,Răstoliţa,
Mureș,13725,Răzoare (Miheşu de Câmpie),Răzoare,Miheşu de Câmpie
Mureș,13942,Recea (Ungheni),Recea,Ungheni
Mureș,13801,Reghin,Reghin,
Mureș,13920,Remetea (Târgu-Mureş),Remetea,Târgu-Mureş
Mureș,13736,Rîgmani (Neaua),Rîgmani,Neaua
Mureș,13874,Rora (Sighişoara),Rora,Sighişoara
Mureș,13673,Roşiori (Luduş),Roşiori,Luduş
Mureș,13282,Roteni (Acăţari),Roteni,Acăţari
Mureș,13536,Roua (Fântânele),Roua,Fântânele
Mureș,13805,Ruşii-Munţi,Ruşii-Munţi,
Mureș,13447,Săbed (Ceuaşu de Câmpie),Săbed,Ceuaşu de Câmpie
Mureș,13890,Săcădat (Sovata),Săcădat,Sovata
Mureș,13419,Săcalu de Pădure (Brâncovenești),Săcalu de Pădure,Brâncovenești
Mureș,13526,Săcăreni (Ernei),Săcăreni,Ernei
Mureș,13329,Şaeş (Apold),Şaeş,Apold
Mureș,13691,Sălard (Lunca Bradului),Sălard,Lunca Bradului
Mureș,13988,Sălaşuri (Veţca),Sălaşuri,Veţca
Mureș,13659,Sălcud (Iernut),Sălcud,Iernut
Mureș,13620,Sambrias (Hodoşa),Sambrias,Hodoşa
Mureș,13809,Sâncraiu de Mureş,Sâncraiu de Mureş,
Mureș,13755,Şandru (Papiu Ilarian),Şandru,Papiu Ilarian
Mureș,13841,Sângeorgiu de Câmpie (Sânpetru de Câmpie),Sângeorgiu de Câmpie,Sânpetru de Câmpie
Mureș,13812,Sângeorgiu de Mureş,Sângeorgiu de Mureş,
Mureș,13818,Sângeorgiu de Pădure,Sângeorgiu de Pădure,
Mureș,13824,Sânger,Sânger,
Mureș,13527,Sângeru de Pădure (Ernei),Sângeru de Pădure,Ernei
Mureș,13337,Sâniacob (Aţintiş),Sâniacob,Aţintiş
Mureș,13665,Sânişor (Livezeni),Sânişor,Livezeni
Mureș,13832,Sânmărghita (Sânpaul),Sânmărghita,Sânpaul
Mureș,13786,Sânmărtinu de Câmpie (Râciu),Sânmărtinu de Câmpie,Râciu
Mureș,13397,Sânmihai de Pădure (Beica de Jos),Sânmihai de Pădure,Beica de Jos
Mureș,13833,Sânpaul,Sânpaul,
Mureș,13842,Sânpetru de Câmpie,Sânpetru de Câmpie,
Mureș,13737,Sânsimion (Neaua),Sânsimion,Neaua
Mureș,13849,Sântana de Mureş,Sântana de Mureş,
Mureș,13997,Sântioana (Viișoara),Sântioana,Viișoara
Mureș,13750,Sântioana de Mureş (Pănet),Sântioana de Mureş,Pănet
Mureș,13682,Sântu (Lunca),Sântu,Lunca
Mureș,20948,Sanvasii (Găleşti),Sanvasii,Găleşti
Mureș,13310,Şapartoc (Albeşti),Şapartoc,Albeşti
Mureș,13851,Sărăţeni,Sărăţeni,
Mureș,13716,Şardu Nirajului (Miercurea Nirajului),Şardu Nirajului,Miercurea Nirajului
Mureș,13856,Sărmăşel (Sărmașu),Sărmăşel,Sărmașu
Mureș,13857,Sărmăşel-Gara (Sărmașu),Sărmăşel-Gara,Sărmașu
Mureș,13858,Sărmașu,Sărmașu,
Mureș,13864,Saschiz,Saschiz,
Mureș,13564,Satu Nou (Gheorghe Doja),Satu Nou,Gheorghe Doja
Mureș,13843,Satu Nou (Sânpetru de Câmpie),Satu Nou,Sânpetru de Câmpie
Mureș,13869,Şăulia,Şăulia,
Mureș,13726,Şăuliţa (Miheşu de Câmpie),Şăuliţa,Miheşu de Câmpie
Mureș,13944,Şăuşa (Ungheni),Şăuşa,Ungheni
Mureș,13771,Scurta (Pogăceaua),Scurta,Pogăceaua
Mureș,13806,Sebeş (Ruşii-Munţi),Sebeş,Ruşii-Munţi
Mureș,13508,Seleuş (Daneş),Seleuş,Daneş
Mureș,14007,Seleuş (Zagăr),Seleuş,Zagăr
Mureș,13372,Senereuş (Bălăuşeri),Senereuş,Bălăuşeri
Mureș,13398,Şerbeni (Beica de Jos),Şerbeni,Beica de Jos
Mureș,13498,Şeulia de Mureş (Cucerdea),Şeulia de Mureş,Cucerdea
Mureș,13660,Sfântu Gheorghe (Iernut),Sfântu Gheorghe,Iernut
Mureș,13772,Sicele (Pogăceaua),Sicele,Pogăceaua
Mureș,13875,Sighişoara,Sighişoara,
Mureș,13694,Silea Nirajului (Măgherani),Silea Nirajului,Măgherani
Mureș,13882,Şincai (Șincai),Şincai,Șincai
Mureș,13883,Şincai-Fânaţe (Șincai),Şincai-Fânaţe,Șincai
Mureș,13973,Şoard (Vânători),Şoard,Vânători
Mureș,13475,Socolu de Câmpie (Cozma),Socolu de Câmpie,Cozma
Mureș,13468,Şoimuş (Coroisânmărtin),Şoimuş,Coroisânmărtin
Mureș,13570,Solocma (Ghindari),Solocma,Ghindari
Mureș,13886,Solovăstru,Solovăstru,
Mureș,13707,Şomoştelnic (Mica),Şomoştelnic,Mica
Mureș,13876,Soromiclea (Sighişoara),Soromiclea,Sighişoara
Mureș,13891,Sovata,Sovata,
Mureș,13895,Stânceni,Stânceni,
Mureș,13727,Ştefanca (Miheşu de Câmpie),Ştefanca,Miheşu de Câmpie
Mureș,14016,Ştefăneaca (Zau de Câmpie),Ştefăneaca,Zau de Câmpie
Mureș,13509,Stejărenii (Daneş),Stejărenii,Daneş
Mureș,13283,Stejeriş (Acăţari),Stejeriş,Acăţari
Mureș,13559,Sub Pădure (Gănești),Sub Pădure,Gănești
Mureș,13900,Suplac,Suplac,
Mureș,13915,Suseni,Suseni,
Mureș,13284,Suveica (Acăţari),Suveica,Acăţari
Mureș,13645,Tăblăşeni (Iclănzel),Tăblăşeni,Iclănzel
Mureș,13717,Tâmpa (Miercurea Nirajului),Tâmpa,Miercurea Nirajului
Mureș,13921,Târgu-Mureş,Târgu-Mureş,
Mureș,13926,Târnăveni,Târnăveni,
Mureș,14017,Tău (Zau de Câmpie),Tău,Zau de Câmpie
Mureș,13930,Tăureni,Tăureni,
Mureș,13592,Teleac (Gorneşti),Teleac,Gorneşti
Mureș,13732,Ţigmandru (Nadeş),Ţigmandru,Nadeş
Mureș,13384,Ţiptelnic (Band),Ţiptelnic,Band
Mureș,13632,Tireu (Ibăneşti),Tireu,Ibăneşti
Mureș,13565,Tirimia (Gheorghe Doja),Tirimia,Gheorghe Doja
Mureș,13483,Tirimioara (Crăciuneşti),Tirimioara,Crăciuneşti
Mureș,13633,Tisieu (Ibăneşti),Tisieu,Ibăneşti
Mureș,13859,Titiana (Sărmașu),Titiana,Sărmașu
Mureș,13614,Toaca (Hodac),Toaca,Hodac
Mureș,13813,Tofălău (Sângeorgiu de Mureş),Tofălău,Sângeorgiu de Mureş
Mureș,14004,Toldal (Voivodeni),Toldal,Voivodeni
Mureș,13548,Tonciu (Fărăgău),Tonciu,Fărăgău
Mureș,13311,Ţopa (Albeşti),Ţopa,Albeşti
Mureș,13695,Torba (Măgherani),Torba,Măgherani
Mureș,13571,Trei Sate (Ghindari),Trei Sate,Ghindari
Mureș,13555,Troiţa (Găleşti),Troiţa,Găleşti
Mureș,13844,Tuşinu (Sânpetru de Câmpie),Tuşinu,Sânpetru de Câmpie
Mureș,13391,Uila (Batoş),Uila,Batoş
Mureș,13788,Ulieş (Râciu),Ulieş,Râciu
Mureș,13945,Ungheni,Ungheni,
Mureș,13615,Uricea (Hodac),Uricea,Hodac
Mureș,13462,Urisiu de Jos (Chiheru de Jos),Urisiu de Jos,Chiheru de Jos
Mureș,13463,Urisiu de Sus (Chiheru de Jos),Urisiu de Sus,Chiheru de Jos
Mureș,13756,Ursoaia (Papiu Ilarian),Ursoaia,Papiu Ilarian
Mureș,13738,Vădaş (Neaua),Vădaş,Neaua
Mureș,13979,Vadu (Vărgata),Vadu,Vărgata
Mureș,13901,Vaidacuta (Suplac),Vaidacuta,Suplac
Mureș,13744,Vaideiu (Ogra),Vaideiu,Ogra
Mureș,13980,Valea (Vărgata),Valea,Vărgata
Mureș,13313,Valea Albeştiului (Albeşti),Valea Albeştiului,Albeşti
Mureș,13314,Valea Dăii (Albeşti),Valea Dăii,Albeşti
Mureș,13951,Valea Frăţiei (Valea Largă),Valea Frăţiei,Valea Largă
Mureș,13952,Valea Glodului (Valea Largă),Valea Glodului,Valea Largă
Mureș,13646,Valea Iclandului (Iclănzel),Valea Iclandului,Iclănzel
Mureș,13837,Valea Izvoarelor (Sânpaul),Valea Izvoarelor,Sânpaul
Mureș,13953,Valea Largă,Valea Largă,
Mureș,13385,Valea Mare (Band),Valea Mare,Band
Mureș,13954,Valea Pădurii (Valea Largă),Valea Pădurii,Valea Largă
Mureș,13386,Valea Rece (Band),Valea Rece,Band
Mureș,13789,Valea Sânmărtinului (Râciu),Valea Sânmărtinului,Râciu
Mureș,13596,Valea Sânpetrului (Grebenişu de Câmpie),Valea Sânpetrului,Grebenişu de Câmpie
Mureș,13773,Valea Sânpetrului (Pogăceaua),Valea Sânpetrului,Pogăceaua
Mureș,13315,Valea Şapartocului (Albeşti),Valea Şapartocului,Albeşti
Mureș,13476,Valea Sasului (Cozma),Valea Sasului,Cozma
Mureș,13790,Valea Seacă (Râciu),Valea Seacă,Râciu
Mureș,13955,Valea Şurii (Valea Largă),Valea Şurii,Valea Largă
Mureș,13791,Valea Ulieşului (Râciu),Valea Ulieşului,Râciu
Mureș,13477,Valea Ungurului (Cozma),Valea Ungurului,Cozma
Mureș,13956,Valea Urieşului (Valea Largă),Valea Urieşului,Valea Largă
Mureș,13774,Văleni (Pogăceaua),Văleni,Pogăceaua
Mureș,13285,Vălenii (Acăţari),Vălenii,Acăţari
Mureș,13420,Vălenii de Mureş (Brâncovenești),Vălenii de Mureş,Brâncovenești
Mureș,13825,Vălişoara (Sânger),Vălişoara,Sânger
Mureș,13494,Vălureni (Cristeşti),Vălureni,Cristeşti
Mureș,13974,Vânători,Vânători,
Mureș,13981,Vărgata,Vărgata,
Mureș,13985,Vătava,Vătava,
Mureș,13877,Venchi (Sighişoara),Venchi,Sighişoara
Mureș,13718,Veţa (Miercurea Nirajului),Veţa,Miercurea Nirajului
Mureș,13989,Veţca,Veţca,
Mureș,13946,Vidrasău (Ungheni),Vidrasău,Ungheni
Mureș,13541,Viforoasa (Fântânele),Viforoasa,Fântânele
Mureș,13878,Viilor (Sighişoara),Viilor,Sighişoara
Mureș,14000,Viişoara (Viișoara),Viişoara,Viișoara
Mureș,13860,Vişinelu (Sărmașu),Vişinelu,Sărmașu
Mureș,13448,Voiniceni (Ceuaşu de Câmpie),Voiniceni,Ceuaşu de Câmpie
Mureș,14005,Voivodeni,Voivodeni,
Mureș,13330,Vulcan (Apold),Vulcan,Apold
Mureș,14008,Zagăr,Zagăr,
Mureș,13826,Zăpodea (Sânger),Zăpodea,Sânger
Mureș,14018,Zau de Câmpie,Zau de Câmpie,
Mureș,13634,Zimţi (Ibăneşti),Zimţi,Ibăneşti
Neamț,14513,Adjudeni (Tămăşeni),Adjudeni,Tămăşeni
Neamț,14021,Agapia,Agapia,
Neamț,14022,Agapia-Manastire (Agapia),Agapia-Manastire,Agapia
Neamț,14027,Agârcia (Alexandru cel Bun),Agârcia,Alexandru cel Bun
Neamț,14028,Alexandru cel Bun,Alexandru cel Bun,
Neamț,14266,Almaş (Gârcina),Almaş,Gârcina
Neamț,14036,Arămeşti (Bahna),Arămeşti,Bahna
Neamț,14548,Arămoaia (Tupilaţi),Arămoaia,Tupilaţi
Neamț,14516,Ardeluţa (Tarcău),Ardeluţa,Tarcău
Neamț,14319,Avereşti (Ion Creangă),Avereşti,Ion Creangă
Neamț,14037,Bahna,Bahna,
Neamț,14058,Bahna Mare (Bârgăuani),Bahna Mare,Bârgăuani
Neamț,14038,Băhnişoara (Bahna),Băhnişoara,Bahna
Neamț,14059,Bălăneşti (Bârgăuani),Bălăneşti,Bârgăuani
Neamț,14045,Bălţăteşti,Bălţăteşti,
Neamț,14276,Băluşeşti (Dochia),Băluşeşti,Dochia
Neamț,14311,Băluşeşti (Icuşeşti),Băluşeşti,Icuşeşti
Neamț,14123,Băneasa (Bozieni),Băneasa,Bozieni
Neamț,14049,Bâra,Bâra,
Neamț,14060,Baratca (Bârgăuani),Baratca,Bârgăuani
Neamț,14144,Bărcăneşti (Cândeşti),Bărcăneşti,Cândeşti
Neamț,14061,Bârgăuani,Bârgăuani,
Neamț,14466,Bârjoveni (Secuieni),Bârjoveni,Secuieni
Neamț,14082,Bârnadu (Bicaz-Chei),Bârnadu,Bicaz-Chei
Neamț,14114,Barticeşti (Boteşti),Barticeşti,Boteşti
Neamț,14467,Başta (Secuieni),Başta,Secuieni
Neamț,14312,Bătrâneşti (Icuşeşti),Bătrâneşti,Icuşeşti
Neamț,14431,Beţeşti (Rediu),Beţeşti,Rediu
Neamț,14072,Bicaz,Bicaz,
Neamț,14083,Bicaz-Chei,Bicaz-Chei,
Neamț,14087,Bicazu Ardelean,Bicazu Ardelean,
Neamț,14029,Bisericani (Alexandru cel Bun),Bisericani,Alexandru cel Bun
Neamț,14157,Bistricioara (Ceahlău),Bistricioara,Ceahlău
Neamț,14030,Bistriţa (Alexandru cel Bun),Bistriţa,Alexandru cel Bun
Neamț,14307,Blebea (Humuleşti),Blebea,Humuleşti
Neamț,14393,Boboieşti (Pipirig),Boboieşti,Pipirig
Neamț,14091,Bodeşti,Bodeşti,
Neamț,14092,Bodeştii de Jos (Bodeşti),Bodeştii de Jos,Bodeşti
Neamț,14096,Boghicea,Boghicea,
Neamț,14470,Bogzeşti (Secuieni),Bogzeşti,Secuieni
Neamț,14378,Boiştea (Petricani),Boiştea,Petricani
Neamț,14100,Borca,Borca,
Neamț,14494,Bordea (Ştefan cel Mare),Bordea,Ştefan cel Mare
Neamț,14108,Borleşti,Borleşti,
Neamț,14215,Borniş (Dragomireşti),Borniş,Dragomireşti
Neamț,14425,Borşeni (Războieni),Borşeni,Războieni
Neamț,14115,Boteşti,Boteşti,
Neamț,14124,Bozieni,Bozieni,
Neamț,14450,Bozienii de Sus (Ruginoasa),Bozienii de Sus,Ruginoasa
Neamț,14286,Bradu (Grinţieş),Bradu,Grinţieş
Neamț,14243,Brăşăuţi (Dumbrava Roşie),Brăşăuţi,Dumbrava Roşie
Neamț,14517,Brateş (Tarcău),Brateş,Tarcău
Neamț,14062,Breaza (Bârgăuani),Breaza,Bârgăuani
Neamț,14236,Briţcani (Dulceşti),Briţcani,Dulceşti
Neamț,14039,Broşteni (Bahna),Broşteni,Bahna
Neamț,14129,Brusturi,Brusturi,
Neamț,14140,Brusturi-Draganesti,Brusturi-Draganesti,
Neamț,14557,Bucium (Valea Ursului),Bucium,Valea Ursului
Neamț,14259,Budeşti (Făurei),Budeşti,Făurei
Neamț,14295,Buhalniţa (Hangu),Buhalniţa,Hangu
Neamț,14188,Buhonca (Doljeşti),Buhonca,Doljeşti
Neamț,14416,Bunghi (Poienari),Bunghi,Poienari
Neamț,14189,Buruieneşti (Doljeşti),Buruieneşti,Doljeşti
Neamț,14250,Buşmei (Farcaşa),Buşmei,Farcaşa
Neamț,14471,Butnăreşti (Secuieni),Butnăreşti,Secuieni
Neamț,14277,Căciuleşti (Girov),Căciuleşti,Girov
Neamț,14404,Călugăreni (Poiana Teiului),Călugăreni,Poiana Teiului
Neamț,14145,Cândeşti,Cândeşti,
Neamț,14073,Capşa (Bicaz),Capşa,Bicaz
Neamț,14237,Cârlig (Dulceşti),Cârlig,Dulceşti
Neamț,14498,Cârligi (Ştefan cel Mare),Cârligi,Ştefan cel Mare
Neamț,14180,Căşăria (Dobreni),Căşăria,Dobreni
Neamț,14097,Căuşeni (Boghicea),Căuşeni,Boghicea
Neamț,14518,Cazaci (Tarcău),Cazaci,Tarcău
Neamț,14158,Ceahlău,Ceahlău,
Neamț,14063,Certieni (Bârgăuani),Certieni,Bârgăuani
Neamț,14484,Chicerea (Stăniţa),Chicerea,Stăniţa
Neamț,14064,Chilia (Bârgăuani),Chilia,Bârgăuani
Neamț,14558,Chilii (Valea Ursului),Chilii,Valea Ursului
Neamț,14446,Chintinici (Roznov),Chintinici,Roznov
Neamț,14296,Chiriţeni (Hangu),Chiriţeni,Hangu
Neamț,14341,Ciornei (Oniceni),Ciornei,Oniceni
Neamț,14383,Ciritei (Piatra Neamţ),Ciritei,Piatra Neamţ
Neamț,14354,Ciurea (Pânceşti),Ciurea,Pânceşti
Neamț,14260,Climeşti (Făurei),Climeşti,Făurei
Neamț,14161,Cordun,Cordun,
Neamț,14238,Corhana (Dulceşti),Corhana,Dulceşti
Neamț,14093,Corni (Bodeşti),Corni,Bodeşti
Neamț,14165,Costişa,Costişa,
Neamț,14302,Cotu Vameş (Horia),Cotu Vameş,Horia
Neamț,14170,Crăcăoani,Crăcăoani,
Neamț,14171,Cracăul Negru (Crăcăoani),Cracăul Negru,Crăcăoani
Neamț,14125,Crăieşti (Bozieni),Crăieşti,Bozieni
Neamț,14126,Cuci (Bozieni),Cuci,Bozieni
Neamț,14267,Cuejdiu (Gârcina),Cuejdiu,Gârcina
Neamț,14290,Curechiştea (Grumăzeşti),Curechiştea,Grumăzeşti
Neamț,14244,Cut (Dumbrava Roşie),Cut,Dumbrava Roşie
Neamț,14176,Dămuc,Dămuc,
Neamț,14278,Dăneşti (Girov),Dăneşti,Girov
Neamț,14065,Dârloaia (Bârgăuani),Dârloaia,Bârgăuani
Neamț,14563,David (Văleni),David,Văleni
Neamț,14532,Davideni (Ţibucani),Davideni,Ţibucani
Neamț,14499,Deleni (Ştefan cel Mare),Deleni,Ştefan cel Mare
Neamț,14384,Doamna (Piatra Neamţ),Doamna,Piatra Neamţ
Neamț,14181,Dobreni,Dobreni,
Neamț,14186,Dochia,Dochia,
Neamț,14076,Dodeni (Bicaz),Dodeni,Bicaz
Neamț,14279,Doina (Girov),Doina,Girov
Neamț,14394,Dolheşti (Pipirig),Dolheşti,Pipirig
Neamț,14190,Doljeşti,Doljeşti,
Neamț,14166,Dorneşti (Costişa),Dorneşti,Costişa
Neamț,14197,Drăgăneşti,Drăgăneşti,
Neamț,14220,Dragomireşti,Dragomireşti,
Neamț,14149,Dragova (Cândeşti),Dragova,Cândeşti
Neamț,14405,Dreptu (Poiana Teiului),Dreptu,Poiana Teiului
Neamț,14239,Dulceşti,Dulceşti,
Neamț,14536,Dumbrava (Timişeşti),Dumbrava,Timişeşti
Neamț,14245,Dumbrava Roşie,Dumbrava Roşie,
Neamț,14463,Dumbrava-Deal (Săvineşti),Dumbrava-Deal,Săvineşti
Neamț,14248,Durău,Durău,
Neamț,14500,Duşeşti (Ştefan cel Mare),Duşeşti,Ştefan cel Mare
Neamț,14252,Farcaşa,Farcaşa,
Neamț,14261,Făurei,Făurei,
Neamț,14023,Filioara (Agapia),Filioara,Agapia
Neamț,14253,Frumosu (Farcaşa),Frumosu,Farcaşa
Neamț,14167,Frunzeni (Costişa),Frunzeni,Costişa
Neamț,14264,Gâdinţi,Gâdinţi,
Neamț,14406,Galu (Poiana Teiului),Galu,Poiana Teiului
Neamț,14268,Gârcina,Gârcina,
Neamț,14066,Ghelăieşti (Bârgăuani),Ghelăieşti,Bârgăuani
Neamț,14270,Gherăeşti,Gherăeşti,
Neamț,14271,Gherăeştii Noi (Gherăeşti),Gherăeştii Noi,Gherăeşti
Neamț,14084,Gherman (Bicaz-Chei),Gherman,Bicaz-Chei
Neamț,14485,Ghidion (Stăniţa),Ghidion,Stăniţa
Neamț,14501,Ghigoieşti (Ştefan cel Mare),Ghigoieşti,Ştefan cel Mare
Neamț,14274,Ghindăoani,Ghindăoani,
Neamț,14280,Girov,Girov,
Neamț,14475,Giuleşti (Secuieni),Giuleşti,Secuieni
Neamț,14559,Giurgeni (Valea Ursului),Giurgeni,Valea Ursului
Neamț,14342,Gorun (Oniceni),Gorun,Oniceni
Neamț,14442,Goşmani (Români),Goşmani,Români
Neamț,14287,Grinţieş,Grinţieş,
Neamț,14131,Groşi (Brusturi),Groşi,Brusturi
Neamț,14297,Grozăveşti (Hangu),Grozăveşti,Hangu
Neamț,14291,Grumăzeşti,Grumăzeşti,
Neamț,14281,Gura Văii (Girov),Gura Văii,Girov
Neamț,14525,Hamzoaia (Taşca),Hamzoaia,Taşca
Neamț,14298,Hangu,Hangu,
Neamț,14549,Hanul Ancuţei (Tupilaţi),Hanul Ancuţei,Tupilaţi
Neamț,14327,Hârţeşti (Mărgineni),Hârţeşti,Mărgineni
Neamț,14067,Hârtop (Bârgăuani),Hârtop,Bârgăuani
Neamț,14222,Hlăpeşti (Dragomireşti),Hlăpeşti,Dragomireşti
Neamț,14338,Hociungi (Moldoveni),Hociungi,Moldoveni
Neamț,14328,Hoiseşti (Mărgineni),Hoiseşti,Mărgineni
Neamț,14358,Holm (Pânceşti),Holm,Pânceşti
Neamț,14068,Homiceni (Bârgăuani),Homiceni,Bârgăuani
Neamț,14304,Horia,Horia,
Neamț,14177,Huisurez (Dămuc),Huisurez,Dămuc
Neamț,14308,Humuleşti,Humuleşti,
Neamț,14309,Humulestii Noi (Humuleşti),Humulestii Noi,Humuleşti
Neamț,14313,Icuşeşti,Icuşeşti,
Neamț,14553,Ingăreşti (Urecheni),Ingăreşti,Urecheni
Neamț,14320,Ion Creangă,Ion Creangă,
Neamț,14329,Itrineşti (Mărgineni),Itrineşti,Mărgineni
Neamț,14127,Iucşa (Bozieni),Iucşa,Bozieni
Neamț,14085,Ivaneş (Bicaz-Chei),Ivaneş,Bicaz-Chei
Neamț,14040,Izvoare (Bahna),Izvoare,Bahna
Neamț,14246,Izvoare (Dumbrava Roşie),Izvoare,Dumbrava Roşie
Neamț,14321,Izvoru (Ion Creangă),Izvoru,Ion Creangă
Neamț,14077,Izvoru Alb (Bicaz),Izvoru Alb,Bicaz
Neamț,14078,Izvoru Muntelui (Bicaz),Izvoru Muntelui,Bicaz
Neamț,14395,Leghin (Pipirig),Leghin,Pipirig
Neamț,14041,Liliac (Bahna),Liliac,Bahna
Neamț,14343,Linseşti (Oniceni),Linseşti,Oniceni
Neamț,14388,Luminiş (Piatra Şoimului),Luminiş,Piatra Şoimului
Neamț,14101,Lunca (Borca),Lunca,Borca
Neamț,14344,Lunca (Oniceni),Lunca,Oniceni
Neamț,14572,Lunca (Vânători-Neamț),Lunca,Vânători-Neamț
Neamț,14373,Lunca Moldovei (Păstrăveni),Lunca Moldovei,Păstrăveni
Neamț,14459,Luţca (Sagna),Luţca,Sagna
Neamț,14102,Mădei (Borca),Mădei,Borca
Neamț,14172,Magazia (Crăcăoani),Magazia,Crăcăoani
Neamț,14573,Mânăstirea Neamţ (Vânători-Neamț),Mânăstirea Neamţ,Vânători-Neamț
Neamț,14168,Mănoaia (Costişa),Mănoaia,Costişa
Neamț,14331,Mărgineni,Mărgineni,
Neamț,14345,Mărmureni (Oniceni),Mărmureni,Oniceni
Neamț,14109,Mastacăn (Borleşti),Mastacăn,Borleşti
Neamț,14223,Mastacăn (Dragomireşti),Mastacăn,Dragomireşti
Neamț,14314,Mesteacăn (Icuşeşti),Mesteacăn,Icuşeşti
Neamț,14262,Micşuneşti (Făurei),Micşuneşti,Făurei
Neamț,14543,Miron Costin (Trifeşti),Miron Costin,Trifeşti
Neamț,14173,Mitocu Bălan (Crăcăoani),Mitocu Bălan,Crăcăoani
Neamț,14339,Moldoveni,Moldoveni,
Neamț,14566,Moreni (Văleni),Moreni,Văleni
Neamț,14322,Muncelu (Ion Creangă),Muncelu,Ion Creangă
Neamț,14560,Muncelu de Jos (Valea Ursului),Muncelu de Jos,Valea Ursului
Neamț,14567,Munteni (Văleni),Munteni,Văleni
Neamț,14526,Neagra (Taşca),Neagra,Taşca
Neamț,14110,Nechit (Borleşti),Nechit,Borleşti
Neamț,14052,Negreşti (Bâra),Negreşti,Bâra
Neamț,14182,Negreşti (Dobreni),Negreşti,Dobreni
Neamț,14401,Negriteşti (Podoleni),Negriteşti,Podoleni
Neamț,14389,Neguleşti (Piatra Şoimului),Neguleşti,Piatra Şoimului
Neamț,14574,Nemţişor (Vânători-Neamț),Nemţişor,Vânători-Neamț
Neamț,14292,Netezi (Grumăzeşti),Netezi,Grumăzeşti
Neamț,14119,Nisiporeşti (Boteşti),Nisiporeşti,Boteşti
Neamț,14098,Nistria (Boghicea),Nistria,Boghicea
Neamț,14366,Oanţu (Pângăraţi),Oanţu,Pângăraţi
Neamț,14420,Oglinzi (Răuceşti),Oglinzi,Răuceşti
Neamț,14346,Oniceni,Oniceni,
Neamț,14204,Orţăşti (Drăgăneşti),Orţăşti,Drăgăneşti
Neamț,14094,Oşlobeni (Bodeşti),Oşlobeni,Bodeşti
Neamț,14150,Pădureni (Cândeşti),Pădureni,Cândeşti
Neamț,14360,Pânceşti,Pânceşti,
Neamț,14367,Pângărăcior (Pângăraţi),Pângărăcior,Pângăraţi
Neamț,14368,Pângăraţi,Pângăraţi,
Neamț,14103,Pârâul Cârjei (Borca),Pârâul Cârjei,Borca
Neamț,14407,Pârâul Fagului (Poiana Teiului),Pârâul Fagului,Poiana Teiului
Neamț,14159,Pârâul Mare (Ceahlău),Pârâul Mare,Ceahlău
Neamț,14104,Pârâul Pântei (Borca),Pârâul Pântei,Borca
Neamț,14374,Păstrăveni,Păstrăveni,
Neamț,14396,Pâţâligeni (Pipirig),Pâţâligeni,Pipirig
Neamț,14361,Patricheni (Pânceşti),Patricheni,Pânceşti
Neamț,14379,Petricani,Petricani,
Neamț,14408,Petru Vodă (Poiana Teiului),Petru Vodă,Poiana Teiului
Neamț,14385,Piatra Neamţ,Piatra Neamţ,
Neamț,14390,Piatra Şoimului,Piatra Şoimului,
Neamț,14347,Pietrosu (Oniceni),Pietrosu,Oniceni
Neamț,14162,Pildeşti (Cordun),Pildeşti,Cordun
Neamț,14397,Pipirig,Pipirig,
Neamț,14537,Plăieşu (Timişeşti),Plăieşu,Timişeşti
Neamț,14554,Plugari (Urecheni),Plugari,Urecheni
Neamț,14398,Pluton (Pipirig),Pluton,Pipirig
Neamț,14402,Podoleni,Podoleni,
Neamț,14141,Poiana (Brusturi-Draganesti),Poiana,Brusturi-Draganesti
Neamț,14183,Poiana (Dobreni),Poiana,Dobreni
Neamț,14240,Poiana (Dulceşti),Poiana,Dulceşti
Neamț,14288,Poiana (Grinţieş),Poiana,Grinţieş
Neamț,14369,Poiana (Pângăraţi),Poiana,Pângăraţi
Neamț,14174,Poiana Crăcăoani (Crăcăoani),Poiana Crăcăoani,Crăcăoani
Neamț,14348,Poiana Humei (Oniceni),Poiana Humei,Oniceni
Neamț,14409,Poiana Largului (Poiana Teiului),Poiana Largului,Poiana Teiului
Neamț,14410,Poiana Teiului,Poiana Teiului,
Neamț,14417,Poienari,Poienari,
Neamț,14391,Poieni (Piatra Şoimului),Poieni,Piatra Şoimului
Neamț,14486,Poienile Oancei (Stăniţa),Poienile Oancei,Stăniţa
Neamț,14435,Poloboc (Rediu),Poloboc,Rediu
Neamț,14254,Popeşti (Farcaşa),Popeşti,Farcaşa
Neamț,14282,Popeşti (Girov),Popeşti,Girov
Neamț,14079,Potoci (Bicaz),Potoci,Bicaz
Neamț,14477,Prăjeşti (Secuieni),Prăjeşti,Secuieni
Neamț,14370,Preluca (Pângăraţi),Preluca,Pângăraţi
Neamț,14538,Preuteşti (Timişeşti),Preuteşti,Timişeşti
Neamț,14349,Pustieta (Oniceni),Pustieta,Oniceni
Neamț,14375,Rădeni (Păstrăveni),Rădeni,Păstrăveni
Neamț,14206,Râşca (Drăgăneşti),Râşca,Drăgăneşti
Neamț,14421,Răuceşti,Răuceşti,
Neamț,14426,Războieni,Războieni,
Neamț,14427,Războienii de Jos (Războieni),Războienii de Jos,Războieni
Neamț,14323,Recea (Ion Creangă),Recea,Ion Creangă
Neamț,14054,Rediu (Bâra),Rediu,Bâra
Neamț,14315,Rocna (Icuşeşti),Rocna,Icuşeşti
Neamț,14440,Roman,Roman,
Neamț,14443,Români,Români,
Neamț,14411,Roşeni (Poiana Teiului),Roşeni,Poiana Teiului
Neamț,14241,Roşiori (Dulceşti),Roşiori,Dulceşti
Neamț,14191,Rotunda (Doljeşti),Rotunda,Doljeşti
Neamț,14447,Roznov,Roznov,
Neamț,14299,Rugineşti (Hangu),Rugineşti,Hangu
Neamț,14453,Ruginoasa,Ruginoasa,
Neamț,14111,Ruseni (Borleşti),Ruseni,Borleşti
Neamț,14412,Ruseni (Poiana Teiului),Ruseni,Poiana Teiului
Neamț,14456,Săbăoani,Săbăoani,
Neamț,14105,Sabasa (Borca),Sabasa,Borca
Neamț,14418,Săcăleni (Poienari),Săcăleni,Poienari
Neamț,14024,Săcăluşeşti (Agapia),Săcăluşeşti,Agapia
Neamț,14460,Sagna,Sagna,
Neamț,14184,Sărata (Dobreni),Sărata,Dobreni
Neamț,14422,Săveşti (Răuceşti),Săveşti,Răuceşti
Neamț,14413,Săvineşti (Poiana Teiului),Săvineşti,Poiana Teiului
Neamț,14464,Săvineşti,Săvineşti,
Neamț,14031,Scăricica (Alexandru cel Bun),Scăricica,Alexandru cel Bun
Neamț,14519,Schitu Tarcău (Tarcău),Schitu Tarcău,Tarcău
Neamț,14080,Secu (Bicaz),Secu,Bicaz
Neamț,14478,Secuieni,Secuieni,
Neamț,14479,Secuienii Noi (Secuieni),Secuienii Noi,Secuieni
Neamț,14444,Siliştea (Români),Siliştea,Români
Neamț,14163,Simioneşti (Cordun),Simioneşti,Cordun
Neamț,14055,Slobozia (Bâra),Slobozia,Bâra
Neamț,14448,Slobozia (Roznov),Slobozia,Roznov
Neamț,14437,Socea (Rediu),Socea,Rediu
Neamț,14106,Soci (Borca),Soci,Borca
Neamț,14509,Soci (Ştefan cel Mare),Soci,Ştefan cel Mare
Neamț,14208,Şoimăreşti (Drăgăneşti),Şoimăreşti,Drăgăneşti
Neamț,14350,Solca (Oniceni),Solca,Oniceni
Neamț,14112,Şovoaia (Borleşti),Şovoaia,Borleşti
Neamț,14376,Spieşti (Păstrăveni),Spieşti,Păstrăveni
Neamț,14316,Spiridoneşti (Icuşeşti),Spiridoneşti,Icuşeşti
Neamț,14399,Stânca (Pipirig),Stânca,Pipirig
Neamț,14487,Stăniţa,Stăniţa,
Neamț,14510,Ştefan cel Mare,Ştefan cel Mare,
Neamț,14256,Stejaru (Farcaşa),Stejaru,Farcaşa
Neamț,14324,Stejaru (Ion Creangă),Stejaru,Ion Creangă
Neamț,14371,Stejaru (Pângăraţi),Stejaru,Pângăraţi
Neamț,14520,Straja (Tarcău),Straja,Tarcău
Neamț,14317,Tabăra (Icuşeşti),Tabăra,Icuşeşti
Neamț,14069,Talpa (Bârgăuani),Talpa,Bârgăuani
Neamț,14364,Tălpălăi (Pânceşti),Tălpălăi,Pânceşti
Neamț,14514,Tămăşeni,Tămăşeni,
Neamț,14521,Tarcău,Tarcău,
Neamț,14152,Ţârdenii Mici (Cândeşti),Ţârdenii Mici,Cândeşti
Neamț,14523,Târgu Neamţ,Târgu Neamţ,
Neamț,14380,Târpeşti (Petricani),Târpeşti,Petricani
Neamț,14136,Târzia (Brusturi),Târzia,Brusturi
Neamț,14527,Taşca,Taşca,
Neamț,14530,Tazlău,Tazlău,
Neamț,14088,Telec (Bicazu Ardelean),Telec,Bicazu Ardelean
Neamț,14272,Teţcani (Gherăeşti),Teţcani,Gherăeşti
Neamț,14533,Ţibucani,Ţibucani,
Neamț,14534,Ţibucanii de Jos (Ţibucani),Ţibucanii de Jos,Ţibucani
Neamț,14089,Ticoş (Bicazu Ardelean),Ticoş,Bicazu Ardelean
Neamț,14528,Ticoş-Floarea (Taşca),Ticoş-Floarea,Taşca
Neamț,14539,Timişeşti,Timişeşti,
Neamț,14488,Todireni (Stăniţa),Todireni,Stăniţa
Neamț,14381,Ţolici (Petricani),Ţolici,Petricani
Neamț,14414,Topoliceni (Poiana Teiului),Topoliceni,Poiana Teiului
Neamț,14293,Topoliţa (Grumăzeşti),Topoliţa,Grumăzeşti
Neamț,14550,Totoieşti (Tupilaţi),Totoieşti,Tupilaţi
Neamț,14457,Traian (Săbăoani),Traian,Săbăoani
Neamț,14577,Traian (Zăneşti),Traian,Zăneşti
Neamț,14178,Trei Fântâni (Dămuc),Trei Fântâni,Dămuc
Neamț,14544,Trifeşti,Trifeşti,
Neamț,14551,Tupilaţi,Tupilaţi,
Neamț,14283,Turtureşti (Girov),Turtureşti,Girov
Neamț,14042,Ţuţcanii din Deal (Bahna),Ţuţcanii din Deal,Bahna
Neamț,14043,Ţuţcanii din Vale (Bahna),Ţuţcanii din Vale,Bahna
Neamț,14480,Unceşti (Secuieni),Unceşti,Secuieni
Neamț,14423,Ungheni (Răuceşti),Ungheni,Răuceşti
Neamț,14231,Unghi (Dragomireşti),Unghi,Dragomireşti
Neamț,14555,Urecheni,Urecheni,
Neamț,14233,Vad (Dragomireşti),Vad,Dragomireşti
Neamț,14032,Vădurele (Alexandru cel Bun),Vădurele,Alexandru cel Bun
Neamț,14153,Vădurele (Cândeşti),Vădurele,Cândeşti
Neamț,14033,Vaduri (Alexandru cel Bun),Vaduri,Alexandru cel Bun
Neamț,14428,Valea Albă (Războieni),Valea Albă,Războieni
Neamț,14046,Valea Arini (Bălţăteşti),Valea Arini,Bălţăteşti
Neamț,14351,Valea Enei (Oniceni),Valea Enei,Oniceni
Neamț,14429,Valea Mare (Războieni),Valea Mare,Războieni
Neamț,14047,Valea Seacă (Bălţăteşti),Valea Seacă,Bălţăteşti
Neamț,14561,Valea Ursului,Valea Ursului,
Neamț,14121,Văleni (Boteşti),Văleni,Boteşti
Neamț,14386,Văleni (Piatra Neamţ),Văleni,Piatra Neamţ
Neamț,14575,Vânători-Neamţ (Vânători-Neamț),Vânători-Neamţ,Vânători-Neamț
Neamț,14025,Văratec (Agapia),Văratec,Agapia
Neamț,14489,Veja (Stăniţa),Veja,Stăniţa
Neamț,14284,Verşeşti (Girov),Verşeşti,Girov
Neamț,14034,Viişoara (Alexandru cel Bun),Viişoara,Alexandru cel Bun
Neamț,14070,Vlădiceni (Bârgăuani),Vlădiceni,Bârgăuani
Neamț,14490,Vlădnicele (Stăniţa),Vlădnicele,Stăniţa
Neamț,14461,Vulpăşeşti (Sagna),Vulpăşeşti,Sagna
Neamț,14578,Zăneşti,Zăneşti,
Neamț,14540,Zvorăneşti (Timişeşti),Zvorăneşti,Timişeşti
Olt,14836,Afumaţi (Leleasca),Afumaţi,Leleasca
Olt,14947,Albeşti (Poboru),Albeşti,Poboru
Olt,14822,Alimăneşti (Izvoarele),Alimăneşti,Izvoarele
Olt,15051,Alunişu (Spineni),Alunişu,Spineni
Olt,14939,Arceşti (Pleşoiu),Arceşti,Pleşoiu
Olt,14940,Arceşti-Cot (Pleşoiu),Arceşti-Cot,Pleşoiu
Olt,14789,Arvăteasca (Grădinile),Arvăteasca,Grădinile
Olt,14581,Băbiciu,Băbiciu,
Olt,14881,Bacea (Movileni),Bacea,Movileni
Olt,14739,Bâgeşti (Făgeţelu),Bâgeşti,Făgeţelu
Olt,14844,Bălăneşti (Mărunţei),Bălăneşti,Mărunţei
Olt,14583,Baldovineşti,Baldovineşti,
Olt,14768,Băleasa (Găvăneşti),Băleasa,Găvăneşti
Olt,14587,Balş,Balş,
Olt,15014,Bălţaţi (Scorniceşti),Bălţaţi,Scorniceşti
Olt,14593,Bălteni,Bălteni,
Olt,14601,Bărăşti,Bărăşti,
Olt,14653,Bărăşti (Coloneşti),Bărăşti,Coloneşti
Olt,14875,Bărăşti (Morunglav),Bărăşti,Morunglav
Olt,14602,Bărăştii de Cepturi (Bărăşti),Bărăştii de Cepturi,Bărăşti
Olt,14603,Bărăştii de Vede (Bărăşti),Bărăştii de Vede,Bărăşti
Olt,15117,Bărbălăi (Tătuleşti),Bărbălăi,Tătuleşti
Olt,15177,Bârca (Valea Mare),Bârca,Valea Mare
Olt,15172,Bărcăneşti (Vâlcele),Bărcăneşti,Vâlcele
Olt,15059,Bârseştii de Sus (Sprâncenata),Bârseştii de Sus,Sprâncenata
Olt,15159,Barza (Tufeni),Barza,Tufeni
Olt,14654,Bătăreni (Coloneşti),Bătăreni,Coloneşti
Olt,14721,Batia (Dobroteasa),Batia,Dobroteasa
Olt,14613,Bechet (Bobiceşti),Bechet,Bobiceşti
Olt,14641,Beculeşti (Cârlogani),Beculeşti,Cârlogani
Olt,14614,Belgun (Bobiceşti),Belgun,Bobiceşti
Olt,14897,Beria de Jos (Oporelu),Beria de Jos,Oporelu
Olt,14898,Beria de Sus (Oporelu),Beria de Sus,Oporelu
Olt,14702,Berindei (Dăneasa),Berindei,Dăneasa
Olt,15015,Bircii (Scorniceşti),Bircii,Scorniceşti
Olt,14932,Bistriţa Nouă (Piatra-Olt),Bistriţa Nouă,Piatra-Olt
Olt,15228,Blaj (Voineasa),Blaj,Voineasa
Olt,14615,Bobiceşti,Bobiceşti,
Olt,14909,Bobu (Osica de Jos),Bobu,Osica de Jos
Olt,14647,Bondrea (Cezieni),Bondrea,Cezieni
Olt,14604,Boroeşti (Bărăşti),Boroeşti,Bărăşti
Olt,14622,Brâncoveni,Brâncoveni,
Olt,14611,Braneţ (Bârza),Braneţ,Bârza
Olt,14627,Brastavăţu,Brastavăţu,
Olt,14630,Brebeni,Brebeni,
Olt,14769,Broşteni (Găvăneşti),Broşteni,Găvăneşti
Olt,14633,Bucinişu,Bucinişu,
Olt,14634,Bucinişu Mic (Bucinişu),Bucinişu Mic,Bucinişu
Olt,14960,Buiceşti (Priseaca),Buiceşti,Priseaca
Olt,15217,Bulimanu (Vitomireşti),Bulimanu,Vitomireşti
Olt,14673,Burduleşti (Corbu),Burduleşti,Corbu
Olt,14851,Buşca (Mihăeşti),Buşca,Mihăeşti
Olt,14684,Buta (Crâmpoia),Buta,Crâmpoia
Olt,14918,Butoi (Pârşcoveni),Butoi,Pârşcoveni
Olt,14674,Buzeşti (Corbu),Buzeşti,Corbu
Olt,14964,Călineşti (Radomireşti),Călineşti,Radomireşti
Olt,14636,Călui,Călui,
Olt,14722,Câmpu Mare (Dobroteasa),Câmpu Mare,Dobroteasa
Olt,14889,Câmpu Părului (Obârşia),Câmpu Părului,Obârşia
Olt,15143,Cândeleşti (Topana),Cândeleşti,Topana
Olt,14639,Caracal,Caracal,
Olt,14642,Cârlogani,Cârlogani,
Olt,14656,Cârstani (Coloneşti),Cârstani,Coloneşti
Olt,15007,Catanele (Schitu),Catanele,Schitu
Olt,15203,Căzăneşti (Verguleasa),Căzăneşti,Verguleasa
Olt,14643,Cepari (Cârlogani),Cepari,Cârlogani
Olt,14687,Cepeşti (Cungrea),Cepeşti,Cungrea
Olt,14978,Cerbeni (Sâmbureşti),Cerbeni,Sâmbureşti
Olt,14648,Cezieni,Cezieni,
Olt,14657,Chelbeşti (Coloneşti),Chelbeşti,Coloneşti
Olt,15124,Cherleştii din Deal (Teslui),Cherleştii din Deal,Teslui
Olt,15125,Cherleştii Moşteni (Teslui),Cherleştii Moşteni,Teslui
Olt,14740,Chilia (Făgeţelu),Chilia,Făgeţelu
Olt,14726,Chilii (Dobrun),Chilii,Dobrun
Olt,14616,Chinteşti (Bobiceşti),Chinteşti,Bobiceşti
Olt,15016,Chiţeasca (Scorniceşti),Chiţeasca,Scorniceşti
Olt,14651,Cilieni,Cilieni,
Olt,14605,Ciocăneşti (Bărăşti),Ciocăneşti,Bărăşti
Olt,14703,Cioflanu (Dăneasa),Cioflanu,Dăneasa
Olt,15144,Ciorâca (Topana),Ciorâca,Topana
Olt,14746,Cioroiaşu (Fălcoiu),Cioroiaşu,Fălcoiu
Olt,14747,Cioroiu (Fălcoiu),Cioroiu,Fălcoiu
Olt,15036,Cireaşov (Slatina),Cireaşov,Slatina
Olt,14676,Ciureşti (Corbu),Ciureşti,Corbu
Olt,14941,Cocorăşti (Pleşoiu),Cocorăşti,Pleşoiu
Olt,15145,Cojgărei (Topana),Cojgărei,Topana
Olt,15109,Colibaşi (Strejeşti),Colibaşi,Strejeşti
Olt,14658,Coloneşti,Coloneşti,
Olt,14708,Comanca (Deveselu),Comanca,Deveselu
Olt,14617,Comăneşti (Bobiceşti),Comăneşti,Bobiceşti
Olt,14732,Comani (Drăgăneşti-Olt),Comani,Drăgăneşti-Olt
Olt,15126,Comăniţa (Teslui),Comăniţa,Teslui
Olt,15017,Constantineşti (Scorniceşti),Constantineşti,Scorniceşti
Olt,14669,Corabia,Corabia,
Olt,14589,Corbeni (Balş),Corbeni,Balş
Olt,14677,Corbu,Corbu,
Olt,15127,Corbu (Teslui),Corbu,Teslui
Olt,14649,Corlăteşti (Cezieni),Corlăteşti,Cezieni
Olt,14948,Cornăţelu (Poboru),Cornăţelu,Poboru
Olt,14682,Coteana,Coteana,
Olt,14890,Coteni (Obârşia),Coteni,Obârşia
Olt,15236,Cotorbeşti (Vulpeni),Cotorbeşti,Vulpeni
Olt,14965,Crăciunei (Radomireşti),Crăciunei,Radomireşti
Olt,14685,Crâmpoia,Crâmpoia,
Olt,14949,Creţi (Poboru),Creţi,Poboru
Olt,14933,Criva de Jos (Piatra-Olt),Criva de Jos,Piatra-Olt
Olt,14934,Criva de Sus (Piatra-Olt),Criva de Sus,Piatra-Olt
Olt,14628,Cruşovu (Brastavăţu),Cruşovu,Brastavăţu
Olt,15204,Cucueţi (Verguleasa),Cucueţi,Verguleasa
Olt,14688,Cungrea,Cungrea,
Olt,14695,Curtişoara,Curtişoara,
Olt,14711,Curtişoara (Dobreţu),Curtişoara,Dobreţu
Olt,15052,Cuza Vodă (Spineni),Cuza Vodă,Spineni
Olt,14770,Dâmburile (Găvăneşti),Dâmburile,Găvăneşti
Olt,14704,Dăneasa,Dăneasa,
Olt,15053,Davideşti (Spineni),Davideşti,Spineni
Olt,15218,Dejeşti (Vitomireşti),Dejeşti,Vitomireşti
Olt,15129,Deleni (Teslui),Deleni,Teslui
Olt,14709,Deveselu,Deveselu,
Olt,15249,Dienci (Vultureşti),Dienci,Vultureşti
Olt,15139,Doanca (Tia Mare),Doanca,Tia Mare
Olt,14942,Doba (Pleşoiu),Doba,Pleşoiu
Olt,14712,Dobreţu,Dobreţu,
Olt,14807,Dobriceni (Iancu Jianu),Dobriceni,Iancu Jianu
Olt,14715,Dobrosloveni,Dobrosloveni,
Olt,14723,Dobroteasa,Dobroteasa,
Olt,14696,Dobrotinet (Curtişoara),Dobrotinet,Curtişoara
Olt,14727,Dobrun,Dobrun,
Olt,15219,Doneşti (Vitomireşti),Doneşti,Vitomireşti
Olt,14733,Drăgăneşti-Olt,Drăgăneşti-Olt,
Olt,14735,Drăghiceni,Drăghiceni,
Olt,14756,Dranovăţu (Găneasa),Dranovăţu,Găneasa
Olt,15205,Dumitreşti (Verguleasa),Dumitreşti,Verguleasa
Olt,14935,Enoşeşti (Piatra-Olt),Enoşeşti,Piatra-Olt
Olt,14741,Făgeţelu,Făgeţelu,
Olt,14748,Fălcoiu,Fălcoiu,
Olt,14750,Fărcaşele,Fărcaşele,
Olt,14751,Fărcaşu de Jos (Fărcaşele),Fărcaşu de Jos,Fărcaşele
Olt,14811,Floru (Icoana),Floru,Icoana
Olt,15224,Frăsinet-Gară (Vlădila),Frăsinet-Gară,Vlădila
Olt,14716,Frăsinetu (Dobrosloveni),Frăsinetu,Dobrosloveni
Olt,15060,Frunzaru (Sprâncenata),Frunzaru,Sprâncenata
Olt,14757,Găneasa,Găneasa,
Olt,14765,Gârcov,Gârcov,
Olt,14771,Găvăneşti,Găvăneşti,
Olt,14752,Ghimpaţi (Fărcaşele),Ghimpaţi,Fărcaşele
Olt,14773,Ghimpeţeni,Ghimpeţeni,
Olt,14774,Ghimpeţenii Noi (Ghimpeţeni),Ghimpeţenii Noi,Ghimpeţeni
Olt,14876,Ghioşani (Morunglav),Ghioşani,Morunglav
Olt,14776,Giuvărăşti,Giuvărăşti,
Olt,14778,Gostavăţu,Gostavăţu,
Olt,14618,Govora (Bobiceşti),Govora,Bobiceşti
Olt,14781,Grădinari,Grădinari,
Olt,14790,Grădinile,Grădinile,
Olt,14758,Grădiştea (Găneasa),Grădiştea,Găneasa
Olt,14912,Greci (Osica de Sus),Greci,Osica de Sus
Olt,15008,Greci (Schitu),Greci,Schitu
Olt,14837,Greereşti (Leleasca),Greereşti,Leleasca
Olt,14793,Grojdibodu,Grojdibodu,
Olt,15237,Gropşani (Vulpeni),Gropşani,Vulpeni
Olt,14736,Grozăveşti (Drăghiceni),Grozăveşti,Drăghiceni
Olt,14742,Gruiu (Făgeţelu),Gruiu,Făgeţelu
Olt,14584,Gubandru (Baldovineşti),Gubandru,Baldovineşti
Olt,14659,Gueşti (Coloneşti),Gueşti,Coloneşti
Olt,14637,Gura Căluiu (Călui),Gura Căluiu,Călui
Olt,14796,Gura Padinii,Gura Padinii,
Olt,14713,Horezu (Dobreţu),Horezu,Dobreţu
Olt,14753,Hotărani (Fărcaşele),Hotărani,Fărcaşele
Olt,14794,Hotaru (Grojdibodu),Hotaru,Grojdibodu
Olt,14800,Ianca,Ianca,
Olt,15076,Ianca Nouă (Ştefan cel Mare),Ianca Nouă,Ştefan cel Mare
Olt,14808,Iancu Jianu,Iancu Jianu,
Olt,14689,Ibăneşti (Cungrea),Ibăneşti,Cungrea
Olt,14812,Icoana,Icoana,
Olt,14979,Ioniceşti (Sâmbureşti),Ioniceşti,Sâmbureşti
Olt,14815,Ipoteşti,Ipoteşti,
Olt,14743,Isaci (Făgeţelu),Isaci,Făgeţelu
Olt,14819,Izbiceni,Izbiceni,
Olt,14829,Izvoarele,Izvoarele,
Olt,14759,Izvoru (Găneasa),Izvoru,Găneasa
Olt,14975,Jieni (Rusăneşti),Jieni,Rusăneşti
Olt,15018,Jitaru (Scorniceşti),Jitaru,Scorniceşti
Olt,14980,Lăunele (Sâmbureşti),Lăunele,Sâmbureşti
Olt,14606,Lăzăreşti (Bărăşti),Lăzăreşti,Bărăşti
Olt,14838,Leleasca,Leleasca,
Olt,14619,Leoteşti (Bobiceşti),Leoteşti,Bobiceşti
Olt,14737,Liiceni (Drăghiceni),Liiceni,Drăghiceni
Olt,14697,Linia din Vale (Curtişoara),Linia din Vale,Curtişoara
Olt,15009,Lisa (Schitu),Lisa,Schitu
Olt,15118,Lunca (Tătuleşti),Lunca,Tătuleşti
Olt,14925,Măgura (Perieţi),Măgura,Perieţi
Olt,15119,Măgura (Tătuleşti),Măgura,Tătuleşti
Olt,14845,Malu Roşu (Mărunţei),Malu Roşu,Mărunţei
Olt,15110,Mamura (Strejeşti),Mamura,Strejeşti
Olt,15195,Mandra (Văleni),Mandra,Văleni
Olt,14981,Mănuleşti (Sâmbureşti),Mănuleşti,Sâmbureşti
Olt,15238,Mardale (Vulpeni),Mardale,Vulpeni
Olt,15229,Mărgăriteşti (Voineasa),Mărgăriteşti,Voineasa
Olt,14623,Mărgheni (Brâncoveni),Mărgheni,Brâncoveni
Olt,15019,Mărgineni-Slobozia (Scorniceşti),Mărgineni-Slobozia,Scorniceşti
Olt,14660,Mărunţei (Coloneşti),Mărunţei,Coloneşti
Olt,14846,Mărunţei,Mărunţei,
Olt,14607,Mereni (Bărăşti),Mereni,Bărăşti
Olt,14926,Mierleştii de Sus (Perieţi),Mierleştii de Sus,Perieţi
Olt,14839,Mierliceşti (Leleasca),Mierliceşti,Leleasca
Olt,14690,Mieşti (Cungrea),Mieşti,Cungrea
Olt,14857,Mihăeşti,Mihăeşti,
Olt,15020,Mihăileşti-Popeşti (Scorniceşti),Mihăileşti-Popeşti,Scorniceşti
Olt,14869,Milcov,Milcov,
Olt,14679,Milcoveni (Corbu),Milcoveni,Corbu
Olt,14870,Milcovu din Deal (Milcov),Milcovu din Deal,Milcov
Olt,14871,Milcovu din Vale (Milcov),Milcovu din Vale,Milcov
Olt,15120,Mirceşti (Tătuleşti),Mirceşti,Tătuleşti
Olt,14620,Mirila (Bobiceşti),Mirila,Bobiceşti
Olt,15021,Mogoşeşti (Scorniceşti),Mogoşeşti,Scorniceşti
Olt,15121,Momaiu (Tătuleşti),Momaiu,Tătuleşti
Olt,14877,Moruneşti (Morunglav),Moruneşti,Morunglav
Olt,14878,Morunglav,Morunglav,
Olt,15010,Moşteni (Schitu),Moşteni,Schitu
Olt,14608,Moţoeşti (Bărăşti),Moţoeşti,Bărăşti
Olt,14884,Movileni,Movileni,
Olt,14661,Năvârgeni (Coloneşti),Năvârgeni,Coloneşti
Olt,15022,Negreni (Scorniceşti),Negreni,Scorniceşti
Olt,14887,Nicolae Titulescu,Nicolae Titulescu,
Olt,14891,Obârşia,Obârşia,
Olt,14892,Obârşia Nouă (Obârşia),Obârşia Nouă,Obârşia
Olt,14895,Oboga,Oboga,
Olt,14624,Ociogi (Brâncoveni),Ociogi,Brâncoveni
Olt,14919,Olari (Pârşcoveni),Olari,Pârşcoveni
Olt,14761,Oltişoru (Găneasa),Oltişoru,Găneasa
Olt,14899,Oporelu,Oporelu,
Olt,15054,Optăşani (Spineni),Optăşani,Spineni
Olt,14902,Optaşi (Optaşi-Măgura),Optaşi,Optaşi-Măgura
Olt,14903,Optaşi-Măgura,Optaşi-Măgura,
Olt,14905,Orlea,Orlea,
Olt,14906,Orlea Nouă (Orlea),Orlea Nouă,Orlea
Olt,14910,Osica de Jos,Osica de Jos,
Olt,14913,Osica de Sus,Osica de Sus,
Olt,14914,Ostrov (Osica de Sus),Ostrov,Osica de Sus
Olt,14691,Oteştii de Jos (Cungrea),Oteştii de Jos,Cungrea
Olt,14692,Oteştii de Sus (Cungrea),Oteştii de Sus,Cungrea
Olt,14920,Pârşcoveni,Pârşcoveni,
Olt,14922,Peretu,Peretu,
Olt,14929,Perieţi,Perieţi,
Olt,15239,Pescăreşti (Vulpeni),Pescăreşti,Vulpeni
Olt,14705,Pestra (Dăneasa),Pestra,Dăneasa
Olt,14783,Petculeşti (Grădinari),Petculeşti,Grădinari
Olt,14936,Piatra (Piatra-Olt),Piatra,Piatra-Olt
Olt,14937,Piatra-Olt,Piatra-Olt,
Olt,14744,Pielcani (Făgeţelu),Pielcani,Făgeţelu
Olt,14585,Pietriş (Baldovineşti),Pietriş,Baldovineşti
Olt,14698,Pietrişu (Curtişoara),Pietrişu,Curtişoara
Olt,15023,Piscani (Scorniceşti),Piscani,Scorniceşti
Olt,14791,Plăviceanca (Grădinile),Plăviceanca,Grădinile
Olt,14996,Plăviceni (Scărişoara),Plăviceni,Scărişoara
Olt,14943,Pleşoiu,Pleşoiu,
Olt,15240,Plopşorelu (Vulpeni),Plopşorelu,Vulpeni
Olt,14950,Poboru,Poboru,
Olt,15206,Poganu (Verguleasa),Poganu,Verguleasa
Olt,14966,Poiana (Radomireşti),Poiana,Radomireşti
Olt,14879,Poiana Mare (Morunglav),Poiana Mare,Morunglav
Olt,14609,Popeşti (Bărăşti),Popeşti,Bărăşti
Olt,15199,Popeşti (Văleni),Popeşti,Văleni
Olt,14954,Potcoava,Potcoava,
Olt,14955,Potcoava-Falcoeni (Potcoava),Potcoava-Falcoeni,Potcoava
Olt,14804,Potelu (Ianca),Potelu,Ianca
Olt,15140,Potlogeni (Tia Mare),Potlogeni,Tia Mare
Olt,14717,Potopinu (Dobrosloveni),Potopinu,Dobrosloveni
Olt,14809,Preoteşti (Iancu Jianu),Preoteşti,Iancu Jianu
Olt,15241,Prisaca (Vulpeni),Prisaca,Vulpeni
Olt,14961,Priseaca,Priseaca,
Olt,14699,Proaspeţi (Curtişoara),Proaspeţi,Curtişoara
Olt,15055,Profa (Spineni),Profa,Spineni
Olt,15230,Racoviţa (Voineasa),Racoviţa,Voineasa
Olt,14900,Rădeşti (Oporelu),Rădeşti,Oporelu
Olt,14967,Radomireşti,Radomireşti,
Olt,14700,Raiţiu (Curtişoara),Raiţiu,Curtişoara
Olt,15186,Recea (Valea Mare),Recea,Valea Mare
Olt,14969,Redea,Redea,
Olt,14970,Redişoara (Redea),Redişoara,Redea
Olt,14718,Reşca (Dobrosloveni),Reşca,Dobrosloveni
Olt,14719,Reşcuţa (Dobrosloveni),Reşcuţa,Dobrosloveni
Olt,14590,Româna (Balş),Româna,Balş
Olt,14728,Roşienii Mari (Dobrun),Roşienii Mari,Dobrun
Olt,14729,Roşienii Mici (Dobrun),Roşienii Mici,Dobrun
Olt,14973,Rotunda,Rotunda,
Olt,14998,Rudari (Scărişoara),Rudari,Scărişoara
Olt,14784,Runcu Mare (Grădinari),Runcu Mare,Grădinari
Olt,14976,Rusăneşti,Rusăneşti,
Olt,15231,Rusăneştii de Sus (Voineasa),Rusăneştii de Sus,Voineasa
Olt,15024,Rusciori (Scorniceşti),Rusciori,Scorniceşti
Olt,15046,Salcia (Slătioara),Salcia,Slătioara
Olt,14962,Săltăneşti (Priseaca),Săltăneşti,Priseaca
Olt,14982,Sâmbureşti,Sâmbureşti,
Olt,14785,Satu Nou (Grădinari),Satu Nou,Grădinari
Olt,14907,Satu Nou (Orlea),Satu Nou,Orlea
Olt,15000,Scărişoara,Scărişoara,
Olt,15011,Schitu,Schitu,
Olt,15133,Schitu Deleni (Teslui),Schitu Deleni,Teslui
Olt,14944,Schitu din Deal (Pleşoiu),Schitu din Deal,Pleşoiu
Olt,14945,Schitu din Vale (Pleşoiu),Schitu din Vale,Pleşoiu
Olt,14644,Scorbura (Cârlogani),Scorbura,Cârlogani
Olt,15025,Scorniceşti,Scorniceşti,
Olt,14951,Seaca (Poboru),Seaca,Poboru
Olt,15030,Seaca,Seaca,
Olt,15032,Şerbăneşti,Şerbăneşti,
Olt,15033,Şerbăneştii de Sus (Şerbăneşti),Şerbăneştii de Sus,Şerbăneşti
Olt,15242,Simniceni (Vulpeni),Simniceni,Vulpeni
Olt,14956,Sineşti (Potcoava),Sineşti,Potcoava
Olt,15039,Slatina,Slatina,
Olt,15047,Slătioara,Slătioara,
Olt,14779,Slăveni (Gostavăţu),Slăveni,Gostavăţu
Olt,15049,Şopârliţa,Şopârliţa,
Olt,14693,Spătaru (Cungrea),Spătaru,Cungrea
Olt,15056,Spineni,Spineni,
Olt,15061,Sprâncenata,Sprâncenata,
Olt,14983,Stănuleasa (Sâmbureşti),Stănuleasa,Sâmbureşti
Olt,15220,Stănuleasa (Vitomireşti),Stănuleasa,Vitomireşti
Olt,15163,Stăvaru (Urzica),Stăvaru,Urzica
Olt,15082,Ştefan cel Mare,Ştefan cel Mare,
Olt,14872,Stejaru (Milcov),Stejaru,Milcov
Olt,15160,Stoborăşti (Tufeni),Stoborăşti,Tufeni
Olt,15102,Stoeneşti,Stoeneşti,
Olt,15107,Stoicăneşti,Stoicăneşti,
Olt,15111,Strejeşti,Strejeşti,
Olt,15112,Strejeştii de Sus (Strejeşti),Strejeştii de Sus,Strejeşti
Olt,15034,Strugurelu (Şerbăneşti),Strugurelu,Şerbăneşti
Olt,15114,Studina,Studina,
Olt,15115,Studiniţa (Studina),Studiniţa,Studina
Olt,14645,Stupina (Cârlogani),Stupina,Cârlogani
Olt,15026,Şuica (Scorniceşti),Şuica,Scorniceşti
Olt,14952,Surpeni (Poboru),Surpeni,Poboru
Olt,15243,Tabaci (Vulpeni),Tabaci,Vulpeni
Olt,14893,Tabonu (Obârşia),Tabonu,Obârşia
Olt,15122,Tătuleşti,Tătuleşti,
Olt,14591,Teiş (Balş),Teiş,Balş
Olt,15027,Teiuş (Scorniceşti),Teiuş,Scorniceşti
Olt,14631,Teiuşu (Brebeni),Teiuşu,Brebeni
Olt,15135,Teslui,Teslui,
Olt,15141,Tia Mare,Tia Mare,
Olt,15200,Tirişneag (Văleni),Tirişneag,Văleni
Olt,14915,Tomeni (Osica de Sus),Tomeni,Osica de Sus
Olt,14840,Toneşti (Leleasca),Toneşti,Leleasca
Olt,14984,Toneşti (Sâmbureşti),Toneşti,Sâmbureşti
Olt,15146,Topana,Topana,
Olt,15155,Traian,Traian,
Olt,15221,Trepteni (Vitomireşti),Trepteni,Vitomireşti
Olt,14957,Trufineşti (Potcoava),Trufineşti,Potcoava
Olt,14670,Tudor Vladimirescu (Corabia),Tudor Vladimirescu,Corabia
Olt,14841,Tufaru (Leleasca),Tufaru,Leleasca
Olt,15161,Tufeni,Tufeni,
Olt,15189,Turia (Valea Mare),Turia,Valea Mare
Olt,14730,Ulmet (Dobrun),Ulmet,Dobrun
Olt,14873,Ulmi (Milcov),Ulmi,Milcov
Olt,15147,Ungureni (Topana),Ungureni,Topana
Olt,15062,Uria (Sprâncenata),Uria,Sprâncenata
Olt,14766,Ursa (Gârcov),Ursa,Gârcov
Olt,14842,Urşi (Leleasca),Urşi,Leleasca
Olt,14813,Ursoaia (Icoana),Ursoaia,Icoana
Olt,15164,Urzica,Urzica,
Olt,15166,Vădastra,Vădastra,
Olt,15168,Vădăstriţa,Vădăstriţa,
Olt,15174,Vâlcele,Vâlcele,
Olt,15175,Vâlcelele de Sus (Vâlcele),Vâlcelele de Sus,Vâlcele
Olt,15207,Valea Fetei (Verguleasa),Valea Fetei,Verguleasa
Olt,15259,Valea lui Alb (Vultureşti),Valea lui Alb,Vultureşti
Olt,15191,Valea Mare,Valea Mare,
Olt,14958,Valea Merilor (Potcoava),Valea Merilor,Potcoava
Olt,15244,Valea Satului (Vulpeni),Valea Satului,Vulpeni
Olt,14971,Valea Soarelui (Redea),Valea Soarelui,Redea
Olt,14625,Văleni (Brâncoveni),Văleni,Brâncoveni
Olt,15201,Văleni,Văleni,
Olt,15208,Vâneşti (Verguleasa),Vâneşti,Verguleasa
Olt,14671,Vârtopu (Corabia),Vârtopu,Corabia
Olt,15209,Verguleasa,Verguleasa,
Olt,15057,Vineţi (Spineni),Vineţi,Spineni
Olt,15213,Vişina,Vişina,
Olt,15215,Vişina Nouă,Vişina Nouă,
Olt,14986,Vităneşti (Sârbii-Măgura),Vităneşti,Sârbii-Măgura
Olt,15222,Vitomireşti,Vitomireşti,
Olt,15225,Vlădila,Vlădila,
Olt,15226,Vlădila Nouă (Vlădila),Vlădila Nouă,Vlădila
Olt,14916,Vlăduleni (Osica de Sus),Vlăduleni,Osica de Sus
Olt,14666,Vlaici (Coloneşti),Vlaici,Coloneşti
Olt,15260,Vlăngăreşti (Vultureşti),Vlăngăreşti,Vultureşti
Olt,15233,Voineasa,Voineasa,
Olt,15245,Vulpeni,Vulpeni,
Olt,14724,Vulpeşti (Dobroteasa),Vulpeşti,Dobroteasa
Olt,15262,Vultureşti,Vultureşti,
Olt,14706,Zănoaga (Dăneasa),Zănoaga,Dăneasa
Olt,15192,Zorleasca (Valea Mare),Zorleasca,Valea Mare
Prahova,15265,Adunaţi,Adunaţi,
Prahova,15269,Albeşti-Muru (Albești-Paleologu),Albeşti-Muru,Albești-Paleologu
Prahova,15270,Albești-Paleologu,Albești-Paleologu,
Prahova,15295,Albinari (Ariceştii Zeletin),Albinari,Ariceştii Zeletin
Prahova,15274,Aluniş,Aluniş,
Prahova,15774,Antofiloaia (Râfov),Antofiloaia,Râfov
Prahova,15283,Apostolache,Apostolache,
Prahova,15289,Ariceştii Rahtivani,Ariceştii Rahtivani,
Prahova,15296,Ariceştii Zeletin,Ariceştii Zeletin,
Prahova,15889,Arioneştii Noi (Urlaţi),Arioneştii Noi,Urlaţi
Prahova,15890,Arioneştii Vechi (Urlaţi),Arioneştii Vechi,Urlaţi
Prahova,15914,Arva (Valea Călugărească),Arva,Valea Călugărească
Prahova,15298,Azuga,Azuga,
Prahova,15300,Baba Ana,Baba Ana,
Prahova,15306,Băicoi,Băicoi,
Prahova,15313,Balta Doamnei,Balta Doamnei,
Prahova,15318,Bălţeşti,Bălţeşti,
Prahova,15668,Băltiţa (Mănești),Băltiţa,Mănești
Prahova,15322,Băneşti,Băneşti,
Prahova,15314,Bâra (Balta Doamnei),Bâra,Balta Doamnei
Prahova,15469,Bărăitaru (Drăgăneşti),Bărăitaru,Drăgăneşti
Prahova,15325,Bărcăneşti,Bărcăneşti,
Prahova,15683,Bărzila (Păcureţi),Bărzila,Păcureţi
Prahova,15355,Băteşti (Brazi),Băteşti,Brazi
Prahova,15332,Bătrâni,Bătrâni,
Prahova,15470,Belciug (Drăgăneşti),Belciug,Drăgăneşti
Prahova,15335,Berceni,Berceni,
Prahova,15341,Bertea,Bertea,
Prahova,15391,Bighilin (Bucov),Bighilin,Bucov
Prahova,15344,Blejoi,Blejoi,
Prahova,15746,Bobiceşti (Predeal-Sărari),Bobiceşti,Predeal-Sărari
Prahova,15630,Boboci (Jugureni),Boboci,Jugureni
Prahova,15720,Bobolia (Poiana Câmpina),Bobolia,Poiana Câmpina
Prahova,15734,Bodeşti (Poseşti),Bodeşti,Poseşti
Prahova,15586,Bogdăneşti (Gornet),Bogdăneşti,Gornet
Prahova,15348,Boldeşti (Boldești-Grădiștea),Boldeşti,Boldești-Grădiștea
Prahova,15349,Boldești-Grădiștea,Boldești-Grădiștea,
Prahova,15352,Boldeşti-Scăeni,Boldeşti-Scăeni,
Prahova,15798,Bordenii Mari (Scorţeni),Bordenii Mari,Scorţeni
Prahova,15799,Bordenii Mici (Scorţeni),Bordenii Mici,Scorţeni
Prahova,15866,Boşilceşti (Telega),Boşilceşti,Telega
Prahova,15531,Bozieni (Fântânele),Bozieni,Fântânele
Prahova,15834,Brădet (Starchiojd),Brădet,Starchiojd
Prahova,15548,Brătăşanca (Filipeştii de Târg),Brătăşanca,Filipeştii de Târg
Prahova,15812,Brăteşti (Şirna),Brăteşti,Şirna
Prahova,15356,Brazi,Brazi,
Prahova,15357,Brazii de Jos (Brazi),Brazii de Jos,Brazi
Prahova,15358,Brazii de Sus (Brazi),Brazii de Sus,Brazi
Prahova,15365,Breaza,Breaza,
Prahova,15366,Breaza de Jos (Breaza),Breaza de Jos,Breaza
Prahova,15367,Breaza de Sus (Breaza),Breaza de Sus,Breaza
Prahova,15384,Brebu,Brebu,
Prahova,15385,Brebu Mânăstirei (Brebu),Brebu Mânăstirei,Brebu
Prahova,15386,Brebu Megieşesc (Brebu),Brebu Megieşesc,Brebu
Prahova,15775,Buchilaşi (Râfov),Buchilaşi,Râfov
Prahova,15392,Bucov,Bucov,
Prahova,15290,Buda (Ariceştii Rahtivani),Buda,Ariceştii Rahtivani
Prahova,15776,Buda (Râfov),Buda,Râfov
Prahova,15602,Bughea de Jos (Gura Vitioarei),Bughea de Jos,Gura Vitioarei
Prahova,15860,Bughea de Sus (Teişani),Bughea de Sus,Teişani
Prahova,15867,Buştenari (Telega),Buştenari,Telega
Prahova,15397,Buşteni,Buşteni,
Prahova,15790,Butuci (Sângeru),Butuci,Sângeru
Prahova,15284,Buzota (Apostolache),Buzota,Apostolache
Prahova,15554,Călineşti (Florești),Călineşti,Florești
Prahova,15401,Călugăreni,Călugăreni,
Prahova,15407,Câmpina,Câmpina,
Prahova,15555,Cap Roşu (Florești),Cap Roşu,Florești
Prahova,15725,Cărbunari (Poienarii Burchii),Cărbunari,Poienarii Burchii
Prahova,15409,Cărbuneşti,Cărbuneşti,
Prahova,15910,Cârjari (Vâlcănești),Cârjari,Vâlcănești
Prahova,15336,Cartierul Dâmbu (Berceni),Cartierul Dâmbu,Berceni
Prahova,15556,Cătina (Florești),Cătina,Florești
Prahova,15337,Cătunu (Berceni),Cătunu,Berceni
Prahova,15489,Cătunu (Drajna),Cătunu,Drajna
Prahova,15412,Ceptura,Ceptura,
Prahova,15413,Ceptura de Jos (Ceptura),Ceptura de Jos,Ceptura
Prahova,15414,Ceptura de Sus (Ceptura),Ceptura de Sus,Ceptura
Prahova,15419,Ceraşu,Ceraşu,
Prahova,15617,Cerneşti (Izvoarele),Cerneşti,Izvoarele
Prahova,15657,Cheia (Măneciu),Cheia,Măneciu
Prahova,15891,Cherba (Urlaţi),Cherba,Urlaţi
Prahova,15434,Cheşnoiu (Cocorăștii Colț),Cheşnoiu,Cocorăștii Colț
Prahova,15658,Chiciureni (Măneciu),Chiciureni,Măneciu
Prahova,15426,Chiojdeanca,Chiojdeanca,
Prahova,15619,Chiriţeşti (Izvoarele),Chiriţeşti,Izvoarele
Prahova,15393,Chiţorani (Bucov),Chiţorani,Bucov
Prahova,15271,Cioceni (Albești-Paleologu),Cioceni,Albești-Paleologu
Prahova,15490,Ciocrac (Drajna),Ciocrac,Drajna
Prahova,15430,Ciorani,Ciorani,
Prahova,15431,Cioranii de Jos (Ciorani),Cioranii de Jos,Ciorani
Prahova,15432,Cioranii de Sus (Ciorani),Cioranii de Sus,Ciorani
Prahova,15301,Cireşanu (Baba Ana),Cireşanu,Baba Ana
Prahova,15505,Ciupelniţa (Dumbrava),Ciupelniţa,Dumbrava
Prahova,15669,Coada Izvorului (Mănești),Coada Izvorului,Mănești
Prahova,15646,Coada Malului (Măgurele),Coada Malului,Măgurele
Prahova,15813,Coceana (Şirna),Coceana,Şirna
Prahova,15653,Cocorăştii Caplii (Măgureni),Cocorăştii Caplii,Măgureni
Prahova,15435,Cocorastii Colt (Cocorăștii Colț),Cocorastii Colt,Cocorăștii Colț
Prahova,15436,Cocorastii Grind (Cocorăștii Colț),Cocorastii Grind,Cocorăștii Colț
Prahova,15443,Cocorăştii Mislii,Cocorăştii Mislii,
Prahova,15691,Cocoşeşti (Păuleşti),Cocoşeşti,Păuleşti
Prahova,15447,Colceag,Colceag,
Prahova,15359,Colonia Brazi (Brazi),Colonia Brazi,Brazi
Prahova,15437,Colţu de Jos (Cocorăștii Colț),Colţu de Jos,Cocorăștii Colț
Prahova,15452,Comarnic,Comarnic,
Prahova,15302,Conduratu (Baba Ana),Conduratu,Baba Ana
Prahova,15338,Corlăteşti (Berceni),Corlăteşti,Berceni
Prahova,15458,Cornu,Cornu,
Prahova,15459,Cornu de Jos (Cornu),Cornu de Jos,Cornu
Prahova,15472,Cornu de Jos (Drăgăneşti),Cornu de Jos,Drăgăneşti
Prahova,15460,Cornu de Sus (Cornu),Cornu de Sus,Cornu
Prahova,15506,Cornu de Sus (Dumbrava),Cornu de Sus,Dumbrava
Prahova,15591,Coşerele (Gornet-Cricov),Coşerele,Gornet-Cricov
Prahova,15915,Coslegi (Valea Călugărească),Coslegi,Valea Călugărească
Prahova,15463,Cosmina de Jos (Cosminele),Cosmina de Jos,Cosminele
Prahova,15464,Cosmina de Sus (Cosminele),Cosmina de Sus,Cosminele
Prahova,15465,Cosminele,Cosminele,
Prahova,15659,Costeni (Măneciu),Costeni,Măneciu
Prahova,15936,Coţofeneşti (Vărbilău),Coţofeneşti,Vărbilău
Prahova,15303,Crângurile (Baba Ana),Crângurile,Baba Ana
Prahova,15580,Crivina (Gorgota),Crivina,Gorgota
Prahova,15587,Cuib (Gornet),Cuib,Gornet
Prahova,15315,Curcubeu (Balta Doamnei),Curcubeu,Balta Doamnei
Prahova,15684,Curmătura (Păcureţi),Curmătura,Păcureţi
Prahova,15307,Dămbu (Băicoi),Dămbu,Băicoi
Prahova,15916,Dârvari (Valea Călugărească),Dârvari,Valea Călugărească
Prahova,15543,Diţeşti (Filipeştii de Pădure),Diţeşti,Filipeştii de Pădure
Prahova,15592,Dobrota (Gornet-Cricov),Dobrota,Gornet-Cricov
Prahova,15868,Doftana (Telega),Doftana,Telega
Prahova,15757,Drăgăneasa (Provița de Jos),Drăgăneasa,Provița de Jos
Prahova,15473,Drăgăneşti,Drăgăneşti,
Prahova,15466,Drăghiceşti (Cosminele),Drăghiceşti,Cosminele
Prahova,15491,Drajna,Drajna,
Prahova,15492,Drajna de Jos (Drajna),Drajna de Jos,Drajna
Prahova,15493,Drajna de Sus (Drajna),Drajna de Sus,Drajna
Prahova,15507,Dumbrava,Dumbrava,
Prahova,15522,Dumbrăveşti,Dumbrăveşti,
Prahova,15549,Ezeni (Filipeştii de Târg),Ezeni,Filipeştii de Târg
Prahova,15660,Făcăieni (Măneciu),Făcăieni,Măneciu
Prahova,15494,Făget (Drajna),Făget,Drajna
Prahova,15603,Făgetu (Gura Vitioarei),Făgetu,Gura Vitioarei
Prahova,15574,Fânari (Gherghiţa),Fânari,Gherghiţa
Prahova,15581,Fânari (Gorgota),Fânari,Gorgota
Prahova,15535,Fântânele,Fântânele,
Prahova,15676,Fefelei (Mizil),Fefelei,Mizil
Prahova,15544,Filipeştii de Pădure,Filipeştii de Pădure,
Prahova,15550,Filipeştii de Târg,Filipeştii de Târg,
Prahova,15558,Floreşti (Florești),Floreşti,Florești
Prahova,15370,Frăsinet (Breaza),Frăsinet,Breaza
Prahova,15570,Fulga,Fulga,
Prahova,15571,Fulga de Jos (Fulga),Fulga de Jos,Fulga
Prahova,15572,Fulga de Sus (Fulga),Fulga de Sus,Fulga
Prahova,15604,Fundeni (Gura Vitioarei),Fundeni,Gura Vitioarei
Prahova,15692,Găgeni (Păuleşti),Găgeni,Păuleşti
Prahova,15704,Gâlmeia (Plopu),Gâlmeia,Plopu
Prahova,15523,Găvănel (Dumbrăveşti),Găvănel,Dumbrăveşti
Prahova,15661,Gheaba (Măneciu),Gheaba,Măneciu
Prahova,15575,Gherghiţa,Gherghiţa,
Prahova,15327,Ghighiu (Bărcăneşti),Ghighiu,Bărcăneşti
Prahova,15907,Ghinoaica (Vadu Săpat),Ghinoaica,Vadu Săpat
Prahova,15709,Ghiocel (Podenii Noi),Ghiocel,Podenii Noi
Prahova,15438,Ghioldum (Cocorăștii Colț),Ghioldum,Cocorăștii Colț
Prahova,15453,Ghioşeşti (Comarnic),Ghioşeşti,Comarnic
Prahova,15635,Glod (Lapoș),Glod,Lapoș
Prahova,15777,Goga (Râfov),Goga,Râfov
Prahova,15410,Gogeasca (Cărbuneşti),Gogeasca,Cărbuneşti
Prahova,15582,Gorgota,Gorgota,
Prahova,15588,Gornet,Gornet,
Prahova,15593,Gornet-Cricov,Gornet-Cricov,
Prahova,15444,Goruna (Cocorăştii Mislii),Goruna,Cocorăştii Mislii
Prahova,15350,Grădiştea (Boldești-Grădiștea),Grădiştea,Boldești-Grădiștea
Prahova,15835,Gresia (Starchiojd),Gresia,Starchiojd
Prahova,15819,Groşani (Slănic),Groşani,Slănic
Prahova,15372,Gura Beliei (Breaza),Gura Beliei,Breaza
Prahova,15672,Gura Crivăţului (Mănești),Gura Crivăţului,Mănești
Prahova,15598,Gura Vadului,Gura Vadului,
Prahova,15605,Gura Vitioarei,Gura Vitioarei,
Prahova,15814,Hăbud (Şirna),Hăbud,Şirna
Prahova,15705,Hârsa (Plopu),Hârsa,Plopu
Prahova,15475,Hătcărău (Drăgăneşti),Hătcărău,Drăgăneşti
Prahova,15621,Homorâciu (Izvoarele),Homorâciu,Izvoarele
Prahova,15648,Iazu (Măgurele),Iazu,Măgurele
Prahova,15576,Independenţa (Gherghiţa),Independenţa,Gherghiţa
Prahova,15448,Inoteşti (Colceag),Inoteşti,Colceag
Prahova,15608,Iordăcheanu,Iordăcheanu,
Prahova,15373,Irimeşti (Breaza),Irimeşti,Breaza
Prahova,15319,Izeşti (Bălţeşti),Izeşti,Bălţeşti
Prahova,15623,Izvoarele,Izvoarele,
Prahova,15761,Izvoru (Proviţa de Sus),Izvoru,Proviţa de Sus
Prahova,15892,Jercălăi (Urlaţi),Jercălăi,Urlaţi
Prahova,15631,Jugureni,Jugureni,
Prahova,15316,Lacu Turcului (Balta Doamnei),Lacu Turcului,Balta Doamnei
Prahova,15636,Lapoș,Lapoș,
Prahova,15637,Laposel (Lapoș),Laposel,Lapoș
Prahova,15308,Lilieşti (Băicoi),Lilieşti,Băicoi
Prahova,15640,Lipăneşti,Lipăneşti,
Prahova,15937,Livadea (Vărbilău),Livadea,Vărbilău
Prahova,15883,Loloiasca (Tomşani),Loloiasca,Tomşani
Prahova,15823,Lopatniţa (Şoimari),Lopatniţa,Şoimari
Prahova,15827,Lunca Mare (Şotrile),Lunca Mare,Şotrile
Prahova,15654,Lunca Prahovei (Măgureni),Lunca Prahovei,Măgureni
Prahova,15342,Lutu Roşu (Bertea),Lutu Roşu,Bertea
Prahova,15884,Magula (Tomşani),Magula,Tomşani
Prahova,15824,Măgura (Şoimari),Măgura,Şoimari
Prahova,15649,Măgurele,Măgurele,
Prahova,15655,Măgureni,Măgureni,
Prahova,15524,Mălăeştii de Jos (Dumbrăveşti),Mălăeştii de Jos,Dumbrăveşti
Prahova,15525,Mălăeştii de Sus (Dumbrăveşti),Mălăeştii de Sus,Dumbrăveşti
Prahova,15778,Mălăieşti (Râfov),Mălăieşti,Râfov
Prahova,15577,Malamuc (Gherghiţa),Malamuc,Gherghiţa
Prahova,15415,Malu Roşu (Ceptura),Malu Roşu,Ceptura
Prahova,15624,Malu Vânăt (Izvoarele),Malu Vânăt,Izvoarele
Prahova,15662,Mânăstirea Suzana (Măneciu),Mânăstirea Suzana,Măneciu
Prahova,15663,Măneciu,Măneciu,
Prahova,15664,Măneciu-Pământeni (Măneciu),Măneciu-Pământeni,Măneciu
Prahova,15665,Măneciu-Ungureni (Măneciu),Măneciu-Ungureni,Măneciu
Prahova,15673,Mănești,Mănești,
Prahova,15632,Marginea Pădurii (Jugureni),Marginea Pădurii,Jugureni
Prahova,15551,Mărginenii de Jos (Filipeştii de Târg),Mărginenii de Jos,Filipeştii de Târg
Prahova,15285,Mârlogea (Apostolache),Mârlogea,Apostolache
Prahova,15893,Măruntiş (Urlaţi),Măruntiş,Urlaţi
Prahova,15685,Matiţa (Păcureţi),Matiţa,Păcureţi
Prahova,15710,Mehedinţa (Podenii Noi),Mehedinţa,Podenii Noi
Prahova,15869,Meliceşti (Telega),Meliceşti,Telega
Prahova,15735,Merdeala (Poseşti),Merdeala,Poseşti
Prahova,15478,Meri (Drăgăneşti),Meri,Drăgăneşti
Prahova,15545,Minieri (Filipeştii de Pădure),Minieri,Filipeştii de Pădure
Prahova,15791,Mireşu Mare (Sângeru),Mireşu Mare,Sângeru
Prahova,15792,Mireşu Mic (Sângeru),Mireşu Mic,Sângeru
Prahova,15766,Miroslăveşti (Puchenii Mari),Miroslăveşti,Puchenii Mari
Prahova,15802,Mislea (Scorţeni),Mislea,Scorţeni
Prahova,15677,Mizil,Mizil,
Prahova,15767,Moara (Puchenii Mari),Moara,Puchenii Mari
Prahova,15779,Moara Domnească (Râfov),Moara Domnească,Râfov
Prahova,15339,Moara Nouă (Berceni),Moara Nouă,Berceni
Prahova,15609,Moceşti (Iordăcheanu),Moceşti,Iordăcheanu
Prahova,15291,Nedelea (Ariceştii Rahtivani),Nedelea,Ariceştii Rahtivani
Prahova,15360,Negoieşti (Brazi),Negoieşti,Brazi
Prahova,15711,Nevesteasca (Podenii Noi),Nevesteasca,Podenii Noi
Prahova,15706,Nisipoasa (Plopu),Nisipoasa,Plopu
Prahova,15374,Nistoreşti (Breaza),Nistoreşti,Breaza
Prahova,15563,Novăceşti (Florești),Novăceşti,Florești
Prahova,15427,Nucet (Chiojdeanca),Nucet,Chiojdeanca
Prahova,15589,Nucet (Gornet),Nucet,Gornet
Prahova,15736,Nucşoara de Jos (Poseşti),Nucşoara de Jos,Poseşti
Prahova,15737,Nucşoara de Sus (Poseşti),Nucşoara de Sus,Poseşti
Prahova,15266,Ocina de Jos (Adunaţi),Ocina de Jos,Adunaţi
Prahova,15267,Ocina de Sus (Adunaţi),Ocina de Sus,Adunaţi
Prahova,15768,Odăile (Puchenii Mari),Odăile,Puchenii Mari
Prahova,15495,Ogretin (Drajna),Ogretin,Drajna
Prahova,15679,Olari,Olari,
Prahova,15680,Olarii Vechi (Olari),Olarii Vechi,Olari
Prahova,15726,Ologeni (Poienarii Burchii),Ologeni,Poienarii Burchii
Prahova,15861,Olteni (Teişani),Olteni,Teişani
Prahova,15894,Orzoaia de Jos (Urlaţi),Orzoaia de Jos,Urlaţi
Prahova,15895,Orzoaia de Sus (Urlaţi),Orzoaia de Sus,Urlaţi
Prahova,15279,Ostrovu (Aluniş),Ostrovu,Aluniş
Prahova,15686,Păcureţi,Păcureţi,
Prahova,15845,Păcuri (Surani),Păcuri,Surani
Prahova,15780,Palanca (Râfov),Palanca,Râfov
Prahova,15917,Pantazi (Valea Călugărească),Pantazi,Valea Călugărească
Prahova,15449,Parepa-Ruşani (Colceag),Parepa-Ruşani,Colceag
Prahova,15695,Păuleşti,Păuleşti,
Prahova,15696,Păuleştii Noi (Păuleşti),Păuleştii Noi,Păuleşti
Prahova,15439,Perşunari (Cocorăștii Colț),Perşunari,Cocorăștii Colț
Prahova,15599,Perşunari (Gura Vadului),Perşunari,Gura Vadului
Prahova,15440,Piatra (Cocorăștii Colț),Piatra,Cocorăștii Colț
Prahova,15496,Piatra (Drajna),Piatra,Drajna
Prahova,15758,Piatra (Provița de Jos),Piatra,Provița de Jos
Prahova,15793,Piatra Mică (Sângeru),Piatra Mică,Sângeru
Prahova,15387,Pietriceaua (Brebu),Pietriceaua,Brebu
Prahova,15638,Pietricica (Lapoș),Pietricica,Lapoș
Prahova,15721,Pietrişu (Poiana Câmpina),Pietrişu,Poiana Câmpina
Prahova,15769,Pietroşani (Puchenii Mari),Pietroşani,Puchenii Mari
Prahova,15727,Pioreşti (Poienarii Burchii),Pioreşti,Poienarii Burchii
Prahova,15873,Pisculeşti (Tinosu),Pisculeşti,Tinosu
Prahova,15497,Piţigoi (Drajna),Piţigoi,Drajna
Prahova,15498,Plai (Drajna),Plai,Drajna
Prahova,15666,Plăieţu (Măneciu),Plăieţu,Măneciu
Prahova,15762,Plaiu (Proviţa de Sus),Plaiu,Proviţa de Sus
Prahova,15848,Plaiu (Talea),Plaiu,Talea
Prahova,15828,Plaiu Câmpinei (Şotrile),Plaiu Câmpinei,Şotrile
Prahova,15829,Plaiu Cornului (Şotrile),Plaiu Cornului,Şotrile
Prahova,15610,Plavia (Iordăcheanu),Plavia,Iordăcheanu
Prahova,15394,Pleaşa (Bucov),Pleaşa,Bucov
Prahova,15700,Ploieşti,Ploieşti,
Prahova,15345,Ploieştiori (Blejoi),Ploieştiori,Blejoi
Prahova,15526,Plopeni (Dumbrăveşti),Plopeni,Dumbrăveşti
Prahova,15702,Plopeni,Plopeni,
Prahova,15707,Plopu,Plopu,
Prahova,15712,Podenii Noi,Podenii Noi,
Prahova,15320,Podenii Vechi (Bălţeşti),Podenii Vechi,Bălţeşti
Prahova,15856,Podgoria (Tătaru),Podgoria,Tătaru
Prahova,15388,Podu Cheii (Brebu),Podu Cheii,Brebu
Prahova,15376,Podu Corbului (Breaza),Podu Corbului,Breaza
Prahova,15713,Podu lui Galben (Podenii Noi),Podu lui Galben,Podenii Noi
Prahova,15454,Podu Lung (Comarnic),Podu Lung,Comarnic
Prahova,15938,Podu Ursului (Vărbilău),Podu Ursului,Vărbilău
Prahova,15377,Podu Vadului (Breaza),Podu Vadului,Breaza
Prahova,15728,Podu Văleni (Poienarii Burchii),Podu Văleni,Poienarii Burchii
Prahova,15499,Podurile (Drajna),Podurile,Drajna
Prahova,15455,Poiana (Comarnic),Poiana,Comarnic
Prahova,15722,Poiana Câmpina,Poiana Câmpina,
Prahova,15606,Poiana Copăceni (Gura Vitioarei),Poiana Copăceni,Gura Vitioarei
Prahova,15333,Poiana Mare (Bătrâni),Poiana Mare,Bătrâni
Prahova,15500,Poiana Mierlei (Drajna),Poiana Mierlei,Drajna
Prahova,15398,Poiana Ţapului (Buşteni),Poiana Ţapului,Buşteni
Prahova,15467,Poiana Trestiei (Cosminele),Poiana Trestiei,Cosminele
Prahova,15939,Poiana Vărbilău (Vărbilău),Poiana Vărbilău,Vărbilău
Prahova,15583,Poienarii Apostoli (Gorgota),Poienarii Apostoli,Gorgota
Prahova,15729,Poienarii Burchii,Poienarii Burchii,
Prahova,15730,Poienarii Vechi (Poienarii Burchii),Poienarii Vechi,Poienarii Burchii
Prahova,15731,Poienarii-Rali (Poienarii Burchii),Poienarii-Rali,Poienarii Burchii
Prahova,15747,Poienile (Predeal-Sărari),Poienile,Predeal-Sărari
Prahova,15361,Popeşti (Brazi),Popeşti,Brazi
Prahova,15714,Popeşti (Podenii Noi),Popeşti,Podenii Noi
Prahova,15456,Posada (Comarnic),Posada,Comarnic
Prahova,15738,Poseşti,Poseşti,
Prahova,15739,Poseştii-Pământeni (Poseşti),Poseştii-Pământeni,Poseşti
Prahova,15740,Poseştii-Ungureni (Poseşti),Poseştii-Ungureni,Poseşti
Prahova,15584,Potigrafu (Gorgota),Potigrafu,Gorgota
Prahova,15820,Prăjani (Slănic),Prăjani,Slănic
Prahova,15748,Predeal (Predeal-Sărari),Predeal,Predeal-Sărari
Prahova,15749,Predeal-Sărari,Predeal-Sărari,
Prahova,15874,Predeşti (Tinosu),Predeşti,Tinosu
Prahova,15594,Priseaca (Gornet-Cricov),Priseaca,Gornet-Cricov
Prahova,15759,Provița de Jos,Provița de Jos,
Prahova,15763,Proviţa de Sus,Proviţa de Sus,
Prahova,15770,Puchenii Mari,Puchenii Mari,
Prahova,15771,Puchenii Mici (Puchenii Mari),Puchenii Mici,Puchenii Mari
Prahova,15772,Puchenii-Moşneni (Puchenii Mari),Puchenii-Moşneni,Puchenii Mari
Prahova,15328,Puşcaşi (Bărcăneşti),Puşcaşi,Bărcăneşti
Prahova,15918,Rachieri (Valea Călugărească),Rachieri,Valea Călugărească
Prahova,15919,Radila (Valea Călugărească),Radila,Valea Călugărească
Prahova,15781,Râfov,Râfov,
Prahova,15723,Răgman (Poiana Câmpina),Răgman,Poiana Câmpina
Prahova,15715,Rahova (Podenii Noi),Rahova,Podenii Noi
Prahova,15329,Româneşti (Bărcăneşti),Româneşti,Bărcăneşti
Prahova,15836,Rotarea (Starchiojd),Rotarea,Starchiojd
Prahova,15416,Rotari (Ceptura),Rotari,Ceptura
Prahova,15785,Salcia,Salcia,
Prahova,15788,Sălciile,Sălciile,
Prahova,15716,Sălcioara (Podenii Noi),Sălcioara,Podenii Noi
Prahova,15794,Sângeru,Sângeru,
Prahova,15750,Sărari (Predeal-Sărari),Sărari,Predeal-Sărari
Prahova,15751,Sărăţel (Predeal-Sărari),Sărăţel,Predeal-Sărari
Prahova,15803,Sârca (Scorţeni),Sârca,Scorţeni
Prahova,15441,Satu de Sus (Cocorăștii Colț),Satu de Sus,Cocorăștii Colț
Prahova,15304,Satu Nou (Baba Ana),Satu Nou,Baba Ana
Prahova,15641,Satu Nou (Lipăneşti),Satu Nou,Lipăneşti
Prahova,15886,Sătucu (Tomşani),Sătucu,Tomşani
Prahova,15309,Schela (Băicoi),Schela,Băicoi
Prahova,15896,Schiau (Urlaţi),Schiau,Urlaţi
Prahova,15920,Schiau (Valea Călugărească),Schiau,Valea Călugărească
Prahova,15627,Schiuleşti (Izvoarele),Schiuleşti,Izvoarele
Prahova,15804,Scorţeni,Scorţeni,
Prahova,15841,Scurteşti (Ştefeşti),Scurteşti,Ştefeşti
Prahova,15808,Secăria,Secăria,
Prahova,15353,Seciu (Boldeşti-Scăeni),Seciu,Boldeşti-Scăeni
Prahova,15830,Seciuri (Şotrile),Seciuri,Şotrile
Prahova,15717,Sfăcăru (Podenii Noi),Sfăcăru,Podenii Noi
Prahova,15527,Sfârleanca (Dumbrăveşti),Sfârleanca,Dumbrăveşti
Prahova,15782,Sicrita (Râfov),Sicrita,Râfov
Prahova,15857,Siliştea (Tătaru),Siliştea,Tătaru
Prahova,15546,Siliştea Dealului (Filipeştii de Pădure),Siliştea Dealului,Filipeştii de Pădure
Prahova,15810,Sinaia,Sinaia,
Prahova,15642,Şipotu (Lipăneşti),Şipotu,Lipăneşti
Prahova,15815,Şirna,Şirna,
Prahova,15821,Slănic,Slănic,
Prahova,15687,Slavu (Păcureţi),Slavu,Păcureţi
Prahova,15420,Slon (Ceraşu),Slon,Ceraşu
Prahova,15825,Şoimari,Şoimari,
Prahova,15417,Şoimeşti (Ceptura),Şoimeşti,Ceptura
Prahova,15831,Şotrile,Şotrile,
Prahova,15851,Stănceşti (Târgşoru Vechi),Stănceşti,Târgşoru Vechi
Prahova,15837,Starchiojd,Starchiojd,
Prahova,15842,Ştefeşti,Ştefeşti,
Prahova,15362,Stejaru (Brazi),Stejaru,Brazi
Prahova,15292,Stoeneşti (Ariceştii Rahtivani),Stoeneşti,Ariceştii Rahtivani
Prahova,15611,Străoşti (Iordăcheanu),Străoşti,Iordăcheanu
Prahova,15852,Strejnicu (Târgşoru Vechi),Strejnicu,Târgşoru Vechi
Prahova,15862,Ştubeiu (Teişani),Ştubeiu,Teişani
Prahova,15846,Surani,Surani,
Prahova,15378,Surdeşti (Breaza),Surdeşti,Breaza
Prahova,15849,Talea,Talea,
Prahova,15346,Ţânţăreni (Blejoi),Ţânţăreni,Blejoi
Prahova,15595,Ţărculeşti (Gornet-Cricov),Ţărculeşti,Gornet-Cricov
Prahova,15293,Târgşoru Nou (Ariceştii Rahtivani),Târgşoru Nou,Ariceştii Rahtivani
Prahova,15853,Târgşoru Vechi,Târgşoru Vechi,
Prahova,15816,Tăriceni (Şirna),Tăriceni,Şirna
Prahova,15741,Târleşti (Poseşti),Târleşti,Poseşti
Prahova,15843,Târşoreni (Ştefeşti),Târşoreni,Ştefeşti
Prahova,15732,Tătărăi (Poienarii Burchii),Tătărăi,Poienarii Burchii
Prahova,15330,Tătărani (Bărcăneşti),Tătărani,Bărcăneşti
Prahova,15858,Tătaru,Tătaru,
Prahova,15863,Teişani,Teişani,
Prahova,15870,Telega,Telega,
Prahova,15930,Teşila (Valea Doftanei),Teşila,Valea Doftanei
Prahova,15875,Tinosu,Tinosu,
Prahova,15310,Ţintea (Băicoi),Ţintea,Băicoi
Prahova,15445,Ţipăreşti (Cocorăştii Mislii),Ţipăreşti,Cocorăştii Mislii
Prahova,15795,Tisa (Sângeru),Tisa,Sângeru
Prahova,15600,Tohani (Gura Vadului),Tohani,Gura Vadului
Prahova,15887,Tomşani,Tomşani,
Prahova,15871,Ţonţeşti (Telega),Ţonţeşti,Telega
Prahova,15931,Trăisteni (Valea Doftanei),Trăisteni,Valea Doftanei
Prahova,15428,Trenu (Chiojdeanca),Trenu,Chiojdeanca
Prahova,15515,Trestienii de Jos (Dumbrava),Trestienii de Jos,Dumbrava
Prahova,15516,Trestienii de Sus (Dumbrava),Trestienii de Sus,Dumbrava
Prahova,15911,Trestioara (Vâlcănești),Trestioara,Vâlcănești
Prahova,15487,Tufani (Drăgăneşti),Tufani,Drăgăneşti
Prahova,15311,Tufeni (Băicoi),Tufeni,Băicoi
Prahova,15752,Tulburea (Predeal-Sărari),Tulburea,Predeal-Sărari
Prahova,15753,Tulburea-Văleni (Predeal-Sărari),Tulburea-Văleni,Predeal-Sărari
Prahova,15286,Udreşti (Apostolache),Udreşti,Apostolache
Prahova,15897,Ulmi (Urlaţi),Ulmi,Urlaţi
Prahova,15540,Ungureni (Fântânele),Ungureni,Fântânele
Prahova,15552,Ungureni (Filipeştii de Târg),Ungureni,Filipeştii de Târg
Prahova,15578,Ungureni (Gherghiţa),Ungureni,Gherghiţa
Prahova,15898,Urlaţi,Urlaţi,
Prahova,15323,Urleta (Băneşti),Urleta,Băneşti
Prahova,15272,Vadu Părului (Albești-Paleologu),Vadu Părului,Albești-Paleologu
Prahova,15908,Vadu Săpat,Vadu Săpat,
Prahova,15912,Vâlcăneşti (Vâlcănești),Vâlcăneşti,Vâlcănești
Prahova,15450,Vâlcelele (Colceag),Vâlcelele,Colceag
Prahova,15838,Valea Anei (Starchiojd),Valea Anei,Starchiojd
Prahova,15899,Valea Bobului (Urlaţi),Valea Bobului,Urlaţi
Prahova,15421,Valea Borului (Ceraşu),Valea Borului,Ceraşu
Prahova,15422,Valea Brădetului (Ceraşu),Valea Brădetului,Ceraşu
Prahova,15764,Valea Bradului (Proviţa de Sus),Valea Bradului,Proviţa de Sus
Prahova,15921,Valea Călugărească,Valea Călugărească,
Prahova,15900,Valea Crângului (Urlaţi),Valea Crângului,Urlaţi
Prahova,15287,Valea Cricovului (Apostolache),Valea Cricovului,Apostolache
Prahova,15612,Valea Cucului (Iordăcheanu),Valea Cucului,Iordăcheanu
Prahova,15932,Valea Doftanei,Valea Doftanei,
Prahova,15718,Valea Dulce (Podenii Noi),Valea Dulce,Podenii Noi
Prahova,15922,Valea Largă (Valea Călugărească),Valea Largă,Valea Călugărească
Prahova,15423,Valea Lespezii (Ceraşu),Valea Lespezii,Ceraşu
Prahova,15923,Valea Mantei (Valea Călugărească),Valea Mantei,Valea Călugărească
Prahova,15901,Valea Mieilor (Urlaţi),Valea Mieilor,Urlaţi
Prahova,15924,Valea Nicovani (Valea Călugărească),Valea Nicovani,Valea Călugărească
Prahova,15902,Valea Nucetului (Urlaţi),Valea Nucetului,Urlaţi
Prahova,15461,Valea Oprii (Cornu),Valea Oprii,Cornu
Prahova,15395,Valea Orlei (Bucov),Valea Orlei,Bucov
Prahova,15903,Valea Pietrei (Urlaţi),Valea Pietrei,Urlaţi
Prahova,15742,Valea Plopului (Poseşti),Valea Plopului,Poseşti
Prahova,15925,Valea Poienii (Valea Călugărească),Valea Poienii,Valea Călugărească
Prahova,15926,Valea Popii (Valea Călugărească),Valea Popii,Valea Călugărească
Prahova,15405,Valea Scheilor (Călugăreni),Valea Scheilor,Călugăreni
Prahova,15743,Valea Screzii (Poseşti),Valea Screzii,Poseşti
Prahova,15596,Valea Seacă (Gornet-Cricov),Valea Seacă,Gornet-Cricov
Prahova,15904,Valea Seman (Urlaţi),Valea Seman,Urlaţi
Prahova,15864,Valea Stâlpului (Teişani),Valea Stâlpului,Teişani
Prahova,15744,Valea Stupinii (Poseşti),Valea Stupinii,Poseşti
Prahova,15379,Valea Târsei (Breaza),Valea Târsei,Breaza
Prahova,15424,Valea Tocii (Ceraşu),Valea Tocii,Ceraşu
Prahova,15633,Valea Unghiului (Jugureni),Valea Unghiului,Jugureni
Prahova,15905,Valea Urloii (Urlaţi),Valea Urloii,Urlaţi
Prahova,15927,Valea Ursoii (Valea Călugărească),Valea Ursoii,Valea Călugărească
Prahova,15934,Vălenii de Munte,Vălenii de Munte,
Prahova,15613,Vărbila (Iordăcheanu),Vărbila,Iordăcheanu
Prahova,15940,Vărbilău,Vărbilău,
Prahova,15928,Vârfurile (Valea Călugărească),Vârfurile,Valea Călugărească
Prahova,15817,Varniţa (Şirna),Varniţa,Şirna
Prahova,15832,Vistieru (Şotrile),Vistieru,Şotrile
Prahova,15754,Vitioara de Sus (Predeal-Sărari),Vitioara de Sus,Predeal-Sărari
Prahova,15854,Zahanaua (Târgşoru Vechi),Zahanaua,Târgşoru Vechi
Prahova,15674,Zalhanaua (Mănești),Zalhanaua,Mănești
Prahova,15755,Zâmbroaia (Predeal-Sărari),Zâmbroaia,Predeal-Sărari
Prahova,15643,Zamfira (Lipăneşti),Zamfira,Lipăneşti
Prahova,15520,Zănoaga (Dumbrava),Zănoaga,Dumbrava
Prahova,15839,Zmeuret (Starchiojd),Zmeuret,Starchiojd
Satu Mare,16311,Acâş,Acâş,
Satu Mare,16528,Aciua (Pomi),Aciua,Pomi
Satu Mare,16456,Adrian (Livada),Adrian,Livada
Satu Mare,16378,Ady Endre (Căuaş),Ady Endre,Căuaş
Satu Mare,16316,Agriş,Agriş,
Satu Mare,16580,Aliceni (Târşolţ),Aliceni,Târşolţ
Satu Mare,16590,Aliza (Terebeşti),Aliza,Terebeşti
Satu Mare,16500,Amaţi (Păuleşti),Amaţi,Păuleşti
Satu Mare,16501,Ambud (Păuleşti),Ambud,Păuleşti
Satu Mare,16319,Andrid,Andrid,
Satu Mare,16323,Apa,Apa,
Satu Mare,16407,Apateu (Culciu),Apateu,Culciu
Satu Mare,16327,Ardud,Ardud,
Satu Mare,16328,Ardud-VII (Ardud),Ardud-VII,Ardud
Satu Mare,16421,Atea (Dorolţ),Atea,Dorolţ
Satu Mare,16329,Baba Novac (Ardud),Baba Novac,Ardud
Satu Mare,16462,Băbăşeşti (Medieşu Aurit),Băbăşeşti,Medieşu Aurit
Satu Mare,16430,Băbeşti (Halmeu),Băbeşti,Halmeu
Satu Mare,16357,Babţa (Bogdand),Babţa,Bogdand
Satu Mare,16334,Bârsău,Bârsău,
Satu Mare,16335,Bârsău de Jos (Bârsău),Bârsău de Jos,Bârsău
Satu Mare,16336,Bârsău de Sus (Bârsău),Bârsău de Sus,Bârsău
Satu Mare,16338,Bătarci,Bătarci,
Satu Mare,16554,Becheni (Săuca),Becheni,Săuca
Satu Mare,16343,Beltiug,Beltiug,
Satu Mare,16449,Bercu (Lazuri),Bercu,Lazuri
Satu Mare,16470,Bercu Nou (Micula),Bercu Nou,Micula
Satu Mare,16393,Berea (Ciumeşti),Berea,Ciumeşti
Satu Mare,16487,Berindan (Odoreu),Berindan,Odoreu
Satu Mare,16350,Berveni,Berveni,
Satu Mare,16529,Bicău (Pomi),Bicău,Pomi
Satu Mare,16353,Bixad,Bixad,
Satu Mare,16583,Blaja (Tăşnad),Blaja,Tăşnad
Satu Mare,16575,Bocicău (Tarna Mare),Bocicău,Tarna Mare
Satu Mare,16358,Bogdand,Bogdand,
Satu Mare,16415,Boghiş (Doba),Boghiş,Doba
Satu Mare,16354,Boineşti (Bixad),Boineşti,Bixad
Satu Mare,16344,Bolda (Beltiug),Bolda,Beltiug
Satu Mare,16530,Borleşti (Pomi),Borleşti,Pomi
Satu Mare,16362,Botiz,Botiz,
Satu Mare,16364,Călineşti-Oaş,Călineşti-Oaş,
Satu Mare,16369,Cămărzana,Cămărzana,
Satu Mare,16371,Cămin,Cămin,
Satu Mare,16373,Căpleni,Căpleni,
Satu Mare,16408,Cărăşeu (Culciu),Cărăşeu,Culciu
Satu Mare,16375,Carei,Carei,
Satu Mare,16379,Căuaş,Căuaş,
Satu Mare,16555,Cean (Săuca),Cean,Săuca
Satu Mare,16385,Cehal,Cehal,
Satu Mare,16386,Cehăluţ (Cehal),Cehăluţ,Cehal
Satu Mare,16389,Certeze,Certeze,
Satu Mare,16539,Chegea (Săcăşeni),Chegea,Săcăşeni
Satu Mare,16546,Chereuşa (Santău),Chereuşa,Santău
Satu Mare,16441,Chilia (Homoroade),Chilia,Homoroade
Satu Mare,16556,Chisău (Săuca),Chisău,Săuca
Satu Mare,16533,Cidreag (Porumbeşti),Cidreag,Porumbeşti
Satu Mare,16584,Cig (Tăşnad),Cig,Tăşnad
Satu Mare,16624,Cioncheşti (Viile Satu Mare),Cioncheşti,Viile Satu Mare
Satu Mare,16394,Ciumeşti,Ciumeşti,
Satu Mare,16317,Ciuperceni (Agriş),Ciuperceni,Agriş
Satu Mare,16365,Coca (Călineşti-Oaş),Coca,Călineşti-Oaş
Satu Mare,16339,Comlăuşa (Bătarci),Comlăuşa,Bătarci
Satu Mare,16409,Corod (Culciu),Corod,Culciu
Satu Mare,16359,Corund (Bogdand),Corund,Bogdand
Satu Mare,16397,Craidorolţ,Craidorolţ,
Satu Mare,16398,Crişeni (Craidorolţ),Crişeni,Craidorolţ
Satu Mare,16403,Crucişor,Crucişor,
Satu Mare,16488,Cucu (Odoreu),Cucu,Odoreu
Satu Mare,16410,Culciu,Culciu,
Satu Mare,16411,Culciu Mare (Culciu),Culciu Mare,Culciu
Satu Mare,16412,Culciu Mic (Culciu),Culciu Mic,Culciu
Satu Mare,16560,Cuţa (Socond),Cuţa,Socond
Satu Mare,16416,Dacia (Doba),Dacia,Doba
Satu Mare,16422,Dara (Dorolţ),Dara,Dorolţ
Satu Mare,16620,Decebal (Vetiş),Decebal,Vetiş
Satu Mare,16320,Dindeşti (Andrid),Dindeşti,Andrid
Satu Mare,16512,Dindestiu Mic (Petreşti),Dindestiu Mic,Petreşti
Satu Mare,16417,Doba,Doba,
Satu Mare,16431,Dobolţ (Halmeu),Dobolţ,Halmeu
Satu Mare,16566,Dobra (Supur),Dobra,Supur
Satu Mare,16474,Domăneşti (Moftin),Domăneşti,Moftin
Satu Mare,16423,Dorolţ,Dorolţ,
Satu Mare,16603,Drăguşeni (Turulung),Drăguşeni,Turulung
Satu Mare,16457,Dumbrava (Livada),Dumbrava,Livada
Satu Mare,16399,Eriu-Sâncrai (Craidorolţ),Eriu-Sâncrai,Craidorolţ
Satu Mare,16489,Eteni (Odoreu),Eteni,Odoreu
Satu Mare,16426,Foieni,Foieni,
Satu Mare,16312,Ganaş (Acâş),Ganaş,Acâş
Satu Mare,16591,Gelu (Terebeşti),Gelu,Terebeşti
Satu Mare,16330,Gerăuşa (Ardud),Gerăuşa,Ardud
Satu Mare,16380,Ghenci (Căuaş),Ghenci,Căuaş
Satu Mare,16599,Gherţa Mare (Turţ),Gherţa Mare,Turţ
Satu Mare,16428,Gherţa Mică,Gherţa Mică,
Satu Mare,16381,Ghileşti (Căuaş),Ghileşti,Căuaş
Satu Mare,16475,Ghilvaci (Moftin),Ghilvaci,Moftin
Satu Mare,16345,Ghirişa (Beltiug),Ghirişa,Beltiug
Satu Mare,16476,Ghirolt (Moftin),Ghirolt,Moftin
Satu Mare,16567,Giorocuta (Supur),Giorocuta,Supur
Satu Mare,16346,Giungi (Beltiug),Giungi,Beltiug
Satu Mare,16436,Giurtelecu Hododului (Hodod),Giurtelecu Hododului,Hodod
Satu Mare,16432,Halmeu,Halmeu,
Satu Mare,16433,Halmeu-VII (Halmeu),Halmeu-VII,Halmeu
Satu Mare,16561,Hodişa (Socond),Hodişa,Socond
Satu Mare,16437,Hodod,Hodod,
Satu Mare,16442,Homoroade,Homoroade,
Satu Mare,16443,Homorodu de Jos (Homoroade),Homorodu de Jos,Homoroade
Satu Mare,16444,Homorodu de Mijloc (Homoroade),Homorodu de Mijloc,Homoroade
Satu Mare,16445,Homorodu de Sus (Homoroade),Homorodu de Sus,Homoroade
Satu Mare,16542,Horea (Sanislău),Horea,Sanislău
Satu Mare,16382,Hotoan (Căuaş),Hotoan,Căuaş
Satu Mare,16505,Hrip (Păuleşti),Hrip,Păuleşti
Satu Mare,16568,Hurezu Mare (Supur),Hurezu Mare,Supur
Satu Mare,16390,Huta-Certeze (Certeze),Huta-Certeze,Certeze
Satu Mare,16376,Ianculeşti (Carei),Ianculeşti,Carei
Satu Mare,16404,Iegherişte (Crucişor),Iegherişte,Crucişor
Satu Mare,16463,Iojib (Medieşu Aurit),Iojib,Medieşu Aurit
Satu Mare,16321,Irina (Andrid),Irina,Andrid
Satu Mare,16477,Istrău (Moftin),Istrău,Moftin
Satu Mare,16450,Lazuri,Lazuri,
Satu Mare,16366,Lechinţa (Călineşti-Oaş),Lechinţa,Călineşti-Oaş
Satu Mare,16438,Lelei (Hodod),Lelei,Hodod
Satu Mare,16413,Lipău (Culciu),Lipău,Culciu
Satu Mare,16458,Livada,Livada,
Satu Mare,16459,Livada Mică (Livada),Livada Mică,Livada
Satu Mare,16351,Lucăceni (Berveni),Lucăceni,Berveni
Satu Mare,16483,Luna (Negreşti-Oaş),Luna,Negreşti-Oaş
Satu Mare,16324,Lunca Apei (Apa),Lunca Apei,Apa
Satu Mare,16331,Mădăraş (Ardud),Mădăraş,Ardud
Satu Mare,16610,Măriuş (Valea Vinului),Măriuş,Valea Vinului
Satu Mare,16543,Marna Nouă (Sanislău),Marna Nouă,Sanislău
Satu Mare,16490,Mărtineşti (Odoreu),Mărtineşti,Odoreu
Satu Mare,16464,Medieş-Râturi (Medieşu Aurit),Medieş-Râturi,Medieşu Aurit
Satu Mare,16465,Medieş-VII (Medieşu Aurit),Medieş-VII,Medieşu Aurit
Satu Mare,16466,Medieşu Aurit,Medieşu Aurit,
Satu Mare,16625,Medişa (Viile Satu Mare),Medişa,Viile Satu Mare
Satu Mare,16434,Mesteacăn (Halmeu),Mesteacăn,Halmeu
Satu Mare,16471,Micula,Micula,
Satu Mare,16472,Micula Nouă (Micula),Micula Nouă,Micula
Satu Mare,16313,Mihăieni (Acâş),Mihăieni,Acâş
Satu Mare,16478,Moftin,Moftin,
Satu Mare,16479,Moftinu Mare (Moftin),Moftinu Mare,Moftin
Satu Mare,16480,Moftinu Mic (Moftin),Moftinu Mic,Moftin
Satu Mare,16391,Moişeni (Certeze),Moişeni,Certeze
Satu Mare,16439,Nadişu Hododului (Hodod),Nadişu Hododului,Hodod
Satu Mare,16446,Necopoi (Homoroade),Necopoi,Homoroade
Satu Mare,16484,Negreşti-Oaş,Negreşti-Oaş,
Satu Mare,16451,Nisipeni (Lazuri),Nisipeni,Lazuri
Satu Mare,16452,Noroieni (Lazuri),Noroieni,Lazuri
Satu Mare,16621,Oar (Vetiş),Oar,Vetiş
Satu Mare,16491,Odoreu,Odoreu,
Satu Mare,16494,Oraşu Nou,Oraşu Nou,
Satu Mare,16495,Oraşu Nou-VII (Oraşu Nou),Oraşu Nou-VII,Oraşu Nou
Satu Mare,16387,Orbău (Cehal),Orbău,Cehal
Satu Mare,16367,Păşunea Mare (Călineşti-Oaş),Păşunea Mare,Călineşti-Oaş
Satu Mare,16506,Păuleşti,Păuleşti,
Satu Mare,16418,Paulian (Doba),Paulian,Doba
Satu Mare,16453,Peleş (Lazuri),Peleş,Lazuri
Satu Mare,16454,Pelişor (Lazuri),Pelişor,Lazuri
Satu Mare,16424,Petea (Dorolţ),Petea,Dorolţ
Satu Mare,16508,Petin (Păuleşti),Petin,Păuleşti
Satu Mare,16516,Petreşti,Petreşti,
Satu Mare,16520,Pir,Pir,
Satu Mare,16521,Piru Nou (Pir),Piru Nou,Pir
Satu Mare,16592,Pişcari (Terebeşti),Pişcari,Terebeşti
Satu Mare,16524,Pişcolt,Pişcolt,
Satu Mare,16405,Poiana Codrului (Crucişor),Poiana Codrului,Crucişor
Satu Mare,16531,Pomi,Pomi,
Satu Mare,16595,Portiţa (Tiream),Portiţa,Tiream
Satu Mare,16534,Porumbeşti,Porumbeşti,
Satu Mare,16467,Potău (Medieşu Aurit),Potău,Medieşu Aurit
Satu Mare,16496,Prilog (Oraşu Nou),Prilog,Oraşu Nou
Satu Mare,16497,Prilog-VII (Oraşu Nou),Prilog-VII,Oraşu Nou
Satu Mare,16569,Racova (Supur),Racova,Supur
Satu Mare,16536,Racşa,Racşa,
Satu Mare,16537,Racşa-VII (Racşa),Racşa-VII,Racşa
Satu Mare,16383,Răduleşti (Căuaş),Răduleşti,Căuaş
Satu Mare,16347,Răţesţi (Beltiug),Răţesţi,Beltiug
Satu Mare,16585,Raţiu (Tăşnad),Raţiu,Tăşnad
Satu Mare,16498,Remetea Oaşului (Oraşu Nou),Remetea Oaşului,Oraşu Nou
Satu Mare,16525,Resighea (Pişcolt),Resighea,Pişcolt
Satu Mare,16468,Româneşti (Medieşu Aurit),Româneşti,Medieşu Aurit
Satu Mare,16611,Roşiori (Valea Vinului),Roşiori,Valea Vinului
Satu Mare,16509,Ruşeni (Păuleşti),Ruşeni,Păuleşti
Satu Mare,16540,Săcăşeni,Săcăşeni,
Satu Mare,16612,Sâi (Valea Vinului),Sâi,Valea Vinului
Satu Mare,16348,Şandra (Beltiug),Şandra,Beltiug
Satu Mare,16544,Sanislău,Sanislău,
Satu Mare,16481,Sânmiclăuş (Moftin),Sânmiclăuş,Moftin
Satu Mare,16547,Santău,Santău,
Satu Mare,16332,Sărătura (Ardud),Sărătura,Ardud
Satu Mare,16586,Sărăuad (Tăşnad),Sărăuad,Tăşnad
Satu Mare,16522,Sărvăzel (Pir),Sărvăzel,Pir
Satu Mare,16550,Sătmărel (Satu Mare),Sătmărel,Satu Mare
Satu Mare,16551,Satu Mare,Satu Mare,
Satu Mare,16400,Satu Mic (Craidorolţ),Satu Mic,Craidorolţ
Satu Mare,16557,Săuca,Săuca,
Satu Mare,16526,Scărişoara Nouă (Pişcolt),Scărişoara Nouă,Pişcolt
Satu Mare,16570,Sechereşa (Supur),Sechereşa,Supur
Satu Mare,16360,Ser (Bogdand),Ser,Bogdand
Satu Mare,16558,Silvaş (Săuca),Silvaş,Săuca
Satu Mare,16340,Şirlău (Bătarci),Şirlău,Bătarci
Satu Mare,16562,Socond,Socond,
Satu Mare,16563,Soconzel (Socond),Soconzel,Socond
Satu Mare,16447,Solduba (Homoroade),Solduba,Homoroade
Satu Mare,16325,Someşeni (Apa),Someşeni,Apa
Satu Mare,16564,Stâna (Socond),Stâna,Socond
Satu Mare,16548,Sudurău (Santău),Sudurău,Santău
Satu Mare,16571,Supur,Supur,
Satu Mare,16572,Supuru de Jos (Supur),Supuru de Jos,Supur
Satu Mare,16573,Supuru de Sus (Supur),Supuru de Sus,Supur
Satu Mare,16341,Tămăşeni (Bătarci),Tămăşeni,Bătarci
Satu Mare,16576,Tarna Mare,Tarna Mare,
Satu Mare,16581,Târşolţ,Târşolţ,
Satu Mare,16587,Tăşnad,Tăşnad,
Satu Mare,16626,Tătăreşti (Viile Satu Mare),Tătăreşti,Viile Satu Mare
Satu Mare,16401,Ţeghea (Craidorolţ),Ţeghea,Craidorolţ
Satu Mare,16593,Terebeşti,Terebeşti,
Satu Mare,16627,Tireac (Viile Satu Mare),Tireac,Viile Satu Mare
Satu Mare,16596,Tiream,Tiream,
Satu Mare,16419,Traian (Doba),Traian,Doba
Satu Mare,16355,Trip (Bixad),Trip,Bixad
Satu Mare,16485,Tur (Negreşti-Oaş),Tur,Negreşti-Oaş
Satu Mare,16600,Turţ,Turţ,
Satu Mare,16601,Turţ-Băi (Turţ),Turţ-Băi,Turţ
Satu Mare,16604,Turulung,Turulung,
Satu Mare,16605,Turulung-VII (Turulung),Turulung-VII,Turulung
Satu Mare,16314,Unimăt (Acâş),Unimăt,Acâş
Satu Mare,16607,Urziceni,Urziceni,
Satu Mare,16608,Urziceni-Pădure (Urziceni),Urziceni-Pădure,Urziceni
Satu Mare,16577,Văgaş (Tarna Mare),Văgaş,Tarna Mare
Satu Mare,16588,Valea Morii (Tăşnad),Valea Morii,Tăşnad
Satu Mare,16578,Valea Seacă (Tarna Mare),Valea Seacă,Tarna Mare
Satu Mare,16613,Valea Vinului,Valea Vinului,
Satu Mare,16618,Vama,Vama,
Satu Mare,16492,Vânătoreşti (Odoreu),Vânătoreşti,Odoreu
Satu Mare,16622,Vetiş,Vetiş,
Satu Mare,16597,Vezendiu (Tiream),Vezendiu,Tiream
Satu Mare,16628,Viile Satu Mare,Viile Satu Mare,
Satu Mare,16395,Viişoara (Ciumeşti),Viişoara,Ciumeşti
Suceava,16912,Adâncata,Adâncata,
Suceava,17197,Antoceni (Forăşti),Antoceni,Forăşti
Suceava,16917,Arbore,Arbore,
Suceava,17324,Argel (Moldoviţa),Argel,Moldoviţa
Suceava,17508,Argestru (Vatra Dornei),Argestru,Vatra Dornei
Suceava,17368,Arghira (Preuteşti),Arghira,Preuteşti
Suceava,17252,Arţari (Hănţeşti),Arţari,Hănţeşti
Suceava,17301,Badeuti (Milişăuţi),Badeuti,Milişăuţi
Suceava,17548,Badragi (Zamostea),Badragi,Zamostea
Suceava,17369,Bahna Arin (Preuteşti),Bahna Arin,Preuteşti
Suceava,16921,Baia,Baia,
Suceava,17329,Baineţ (Muşeniţa),Baineţ,Muşeniţa
Suceava,17075,Băişeşti (Cornu Luncii),Băişeşti,Cornu Luncii
Suceava,16928,Bălăceana,Bălăceana,
Suceava,16930,Bălcăuţi,Bălcăuţi,
Suceava,17236,Bălineşti (Grămeşti),Bălineşti,Grămeşti
Suceava,17330,Bănceşti (Muşeniţa),Bănceşti,Muşeniţa
Suceava,17183,Băneşti (Fântânele),Băneşti,Fântânele
Suceava,16950,Bărăşti (Boroaia),Bărăşti,Boroaia
Suceava,17370,Basarabi (Preuteşti),Basarabi,Preuteşti
Suceava,17321,Benia (Moldova-Suliţa),Benia,Moldova-Suliţa
Suceava,16934,Berchişeşti,Berchişeşti,
Suceava,17253,Bereşti (Hănţeşti),Bereşti,Hănţeşti
Suceava,16937,Bilca,Bilca,
Suceava,17524,Bivolăria (Vicovu de Sus),Bivolăria,Vicovu de Sus
Suceava,17285,Bobeica (Izvoarele Sucevei),Bobeica,Izvoarele Sucevei
Suceava,16918,Bodnăreni (Arbore),Bodnăreni,Arbore
Suceava,16922,Bogata (Baia),Bogata,Baia
Suceava,16939,Bogdăneşti,Bogdăneşti,
Suceava,16951,Boroaia,Boroaia,
Suceava,16956,Bosanci,Bosanci,
Suceava,17263,Boteşti (Horodniceni),Boteşti,Horodniceni
Suceava,17050,Botoş (Ciocăneşti),Botoş,Ciocăneşti
Suceava,16959,Botoşana,Botoşana,
Suceava,17035,Botoşaniţa Mare (Calafindeşti),Botoşaniţa Mare,Calafindeşti
Suceava,17237,Botoşaniţa Mică (Grămeşti),Botoşaniţa Mică,Grămeşti
Suceava,17222,Botuş (Fundu Moldovei),Botuş,Fundu Moldovei
Suceava,17223,Botuşel (Fundu Moldovei),Botuşel,Fundu Moldovei
Suceava,17198,Boura (Forăşti),Boura,Forăşti
Suceava,17264,Brădăţel (Horodniceni),Brădăţel,Horodniceni
Suceava,17076,Brăieşti (Cornu Luncii),Brăieşti,Cornu Luncii
Suceava,17224,Braniştea (Fundu Moldovei),Braniştea,Fundu Moldovei
Suceava,17278,Braşca (Ilişeşti),Braşca,Ilişeşti
Suceava,16962,Breaza,Breaza,
Suceava,16964,Breaza de Sus (Breaza),Breaza de Sus,Breaza
Suceava,16980,Brodina,Brodina,
Suceava,17286,Brodina (Izvoarele Sucevei),Brodina,Izvoarele Sucevei
Suceava,16981,Brodina de Jos (Brodina),Brodina de Jos,Brodina
Suceava,16992,Broşteni,Broşteni,
Suceava,17153,Broşteni (Drăgușeni),Broşteni,Drăgușeni
Suceava,17207,Bucşoaia (Frasin),Bucşoaia,Frasin
Suceava,17384,Buda (Raşca),Buda,Raşca
Suceava,17558,Buda (Zvoriştea),Buda,Zvoriştea
Suceava,17116,Budeni (Dolhasca),Budeni,Dolhasca
Suceava,17311,Bulai (Moara),Bulai,Moara
Suceava,17009,Buneşti,Buneşti,
Suceava,17024,Burla,Burla,
Suceava,17517,Bursuceni (Vereşti),Bursuceni,Vereşti
Suceava,17026,Cacica,Cacica,
Suceava,17032,Cajvana,Cajvana,
Suceava,17036,Calafindeşti,Calafindeşti,
Suceava,17037,Călineşti (Calafindeşti),Călineşti,Calafindeşti
Suceava,17099,Călineşti (Dărmăneşti),Călineşti,Dărmăneşti
Suceava,17100,Călineşti-Vasilache (Dărmăneşti),Călineşti-Vasilache,Dărmăneşti
Suceava,16913,Călugăreni (Adâncata),Călugăreni,Adâncata
Suceava,17491,Cămârzani (Vadu Moldovei),Cămârzani,Vadu Moldovei
Suceava,17039,Câmpulung Moldovenesc,Câmpulung Moldovenesc,
Suceava,17041,Capu Câmpului,Capu Câmpului,
Suceava,17339,Capu Codrului (Păltinoasa),Capu Codrului,Păltinoasa
Suceava,17043,Cârlibaba,Cârlibaba,
Suceava,17044,Cârlibaba Nouă (Cârlibaba),Cârlibaba Nouă,Cârlibaba
Suceava,17355,Căsoi (Poiana Stampei),Căsoi,Poiana Stampei
Suceava,17342,Catrinari (Panaci),Catrinari,Panaci
Suceava,17473,Chilişeni (Udeşti),Chilişeni,Udeşti
Suceava,17090,Chiril (Crucea),Chiril,Crucea
Suceava,17051,Ciocăneşti,Ciocăneşti,
Suceava,17549,Ciomârtan (Zamostea),Ciomârtan,Zamostea
Suceava,17057,Ciprian Porumbescu,Ciprian Porumbescu,
Suceava,17513,Ciumârna (Vatra Moldoviței),Ciumârna,Vatra Moldoviței
Suceava,17492,Ciumuleşti (Vadu Moldovei),Ciumuleşti,Vadu Moldovei
Suceava,17331,Climăuţi (Muşeniţa),Climăuţi,Muşeniţa
Suceava,16919,Clit (Arbore),Clit,Arbore
Suceava,17033,Codru (Cajvana),Codru,Cajvana
Suceava,17550,Cojocăreni (Zamostea),Cojocăreni,Zamostea
Suceava,17091,Cojoci (Crucea),Cojoci,Crucea
Suceava,17225,Colacu (Fundu Moldovei),Colacu,Fundu Moldovei
Suceava,17059,Comăneşti,Comăneşti,
Suceava,16935,Corlata (Berchişeşti),Corlata,Berchişeşti
Suceava,17065,Corni,Corni,
Suceava,17077,Cornu Luncii,Cornu Luncii,
Suceava,17518,Corocăieşti (Vereşti),Corocăieşti,Vereşti
Suceava,17551,Corpaci (Zamostea),Corpaci,Zamostea
Suceava,17085,Coşna,Coşna,
Suceava,17458,Costâna (Todireşti),Costâna,Todireşti
Suceava,17485,Costileva (Ulma),Costileva,Ulma
Suceava,17212,Costişa (Frătăuţii Noi),Costişa,Frătăuţii Noi
Suceava,16994,Cotârgaşi (Broşteni),Cotârgaşi,Broşteni
Suceava,17178,Cotu Băii (Fântâna Mare),Cotu Băii,Fântâna Mare
Suceava,17188,Cotu Dobei (Fântânele),Cotu Dobei,Fântânele
Suceava,17343,Coverca (Panaci),Coverca,Panaci
Suceava,17138,Cozăneşti (Dorna-Arini),Cozăneşti,Dorna-Arini
Suceava,17093,Crucea,Crucea,
Suceava,16957,Cumpărătura (Bosanci),Cumpărătura,Bosanci
Suceava,16982,Cununschi (Brodina),Cununschi,Brodina
Suceava,17101,Dănila (Dărmăneşti),Dănila,Dărmăneşti
Suceava,17103,Dărmăneşti,Dărmăneşti,
Suceava,16995,Dârmova (Broşteni),Dârmova,Broşteni
Suceava,17559,Dealu (Zvoriştea),Dealu,Zvoriştea
Suceava,17132,Dealu Floreni (Dorna Candrenilor),Dealu Floreni,Dorna Candrenilor
Suceava,17218,Deia (Frumosu),Deia,Frumosu
Suceava,17349,Deleni (Pârteştii de Jos),Deleni,Pârteştii de Jos
Suceava,17226,Delniţa (Fundu Moldovei),Delniţa,Fundu Moldovei
Suceava,17227,Deluţ (Fundu Moldovei),Deluţ,Fundu Moldovei
Suceava,17325,Demacuşa (Moldoviţa),Demacuşa,Moldoviţa
Suceava,17117,Dolhasca,Dolhasca,
Suceava,17126,Dolheşti,Dolheşti,
Suceava,17127,Dolheştii Mari (Dolheşti),Dolheştii Mari,Dolheşti
Suceava,17128,Dolheştii Mici (Dolheşti),Dolheştii Mici,Dolheşti
Suceava,17133,Dorna Candrenilor,Dorna Candrenilor,
Suceava,17139,Dorna-Arini,Dorna-Arini,
Suceava,17145,Dorneşti,Dorneşti,
Suceava,17356,Dornişoara (Poiana Stampei),Dornişoara,Poiana Stampei
Suceava,17208,Doroteia (Frasin),Doroteia,Frasin
Suceava,17344,Drăgoiasa (Panaci),Drăgoiasa,Panaci
Suceava,17148,Drăgoieşti,Drăgoieşti,
Suceava,17306,Dragomirna (Mitocu Dragomirnei),Dragomirna,Mitocu Dragomirnei
Suceava,17219,Dragoşa (Frumosu),Dragoşa,Frumosu
Suceava,17155,Drăguşeni (Drăgușeni),Drăguşeni,Drăgușeni
Suceava,16983,Dubiusca (Brodina),Dubiusca,Brodina
Suceava,17078,Dumbrava (Cornu Luncii),Dumbrava,Cornu Luncii
Suceava,17242,Dumbrava (Grăniceşti),Dumbrava,Grăniceşti
Suceava,17168,Dumbrăveni,Dumbrăveni,
Suceava,17386,Dumbrăveni (Raşca),Dumbrăveni,Raşca
Suceava,17493,Dumbrăviţa (Vadu Moldovei),Dumbrăviţa,Vadu Moldovei
Suceava,16984,Ehreşte (Brodina),Ehreşte,Brodina
Suceava,16985,Falcău (Brodina),Falcău,Brodina
Suceava,17174,Fălticeni,Fălticeni,
Suceava,17179,Fântâna Mare,Fântâna Mare,
Suceava,17189,Fântânele,Fântânele,
Suceava,16914,Feteşti (Adâncata),Feteşti,Adâncata
Suceava,17416,Florinta (Şcheia),Florinta,Şcheia
Suceava,17199,Forăşti,Forăşti,
Suceava,16996,Frasin (Broşteni),Frasin,Broşteni
Suceava,17209,Frasin,Frasin,
Suceava,17213,Frătăuţii Noi,Frătăuţii Noi,
Suceava,17215,Frătăuţii Vechi,Frătăuţii Vechi,
Suceava,17312,Frumoasa (Moara),Frumoasa,Moara
Suceava,17220,Frumosu,Frumosu,
Suceava,17228,Fundu Moldovei,Fundu Moldovei,
Suceava,17434,Găineşti (Slatina),Găineşti,Slatina
Suceava,17233,Gălăneşti,Gălăneşti,
Suceava,17302,Gara (Milişăuţi),Gara,Milişăuţi
Suceava,17158,Gara Leu (Drăgușeni),Gara Leu,Drăgușeni
Suceava,17446,Gemenea (Stulpicani),Gemenea,Stulpicani
Suceava,17140,Gheorghiţeni (Dorna-Arini),Gheorghiţeni,Dorna-Arini
Suceava,16952,Giuleşti (Boroaia),Giuleşti,Boroaia
Suceava,17534,Giurgeşti (Vultureşti),Giurgeşti,Vultureşti
Suceava,17345,Glodu (Panaci),Glodu,Panaci
Suceava,17238,Grămeşti,Grămeşti,
Suceava,17243,Grăniceşti,Grăniceşti,
Suceava,17426,Grigoreşti (Siminicea),Grigoreşti,Siminicea
Suceava,17313,Groapa Vlădichii (Moara),Groapa Vlădichii,Moara
Suceava,16931,Gropeni (Bălcăuţi),Gropeni,Bălcăuţi
Suceava,17118,Gulia (Dolhasca),Gulia,Dolhasca
Suceava,17402,Gura Haitii (Şaru Dornei),Gura Haitii,Şaru Dornei
Suceava,17249,Gura Humorului,Gura Humorului,
Suceava,17375,Gura Putnei (Putna),Gura Putnei,Putna
Suceava,17244,Gura Solcii (Grăniceşti),Gura Solcii,Grăniceşti
Suceava,16997,Hăleasa (Broşteni),Hăleasa,Broşteni
Suceava,17519,Hancea (Vereşti),Hancea,Vereşti
Suceava,17254,Hănţeşti,Hănţeşti,
Suceava,17256,Hârtop,Hârtop,
Suceava,17435,Herla (Slatina),Herla,Slatina
Suceava,16998,Holda (Broşteni),Holda,Broşteni
Suceava,16999,Holdiţa (Broşteni),Holdiţa,Broşteni
Suceava,17258,Horodnic (Horodnic de Jos),Horodnic,Horodnic de Jos
Suceava,17259,Horodnic de Jos,Horodnic de Jos,
Suceava,17261,Horodnic de Sus,Horodnic de Sus,
Suceava,17265,Horodniceni,Horodniceni,
Suceava,17535,Hreaţca (Vultureşti),Hreaţca,Vultureşti
Suceava,17060,Humoreni (Comăneşti),Humoreni,Comăneşti
Suceava,17234,Hurjuieni (Gălăneşti),Hurjuieni,Gălăneşti
Suceava,17371,Huşi (Preuteşti),Huşi,Preuteşti
Suceava,17269,Iacobeni,Iacobeni,
Suceava,17245,Iacobeşti (Grăniceşti),Iacobeşti,Grăniceşti
Suceava,17276,Iaslovăţ,Iaslovăţ,
Suceava,17146,Iaz (Dorneşti),Iaz,Dorneşti
Suceava,17045,Iedu (Cârlibaba),Iedu,Cârlibaba
Suceava,17289,Iesle (Mălini),Iesle,Mălini
Suceava,17279,Ilişeşti,Ilişeşti,
Suceava,17494,Ioneasa (Vadu Moldovei),Ioneasa,Vadu Moldovei
Suceava,17281,Ipoteşti,Ipoteşti,
Suceava,17287,Izvoarele Sucevei,Izvoarele Sucevei,
Suceava,17537,Jacota (Vultureşti),Jacota,Vultureşti
Suceava,17387,Jahalia (Raşca),Jahalia,Raşca
Suceava,17378,Lămăşeni (Rădăşeni),Lămăşeni,Rădăşeni
Suceava,17372,Leucuşeşti (Preuteşti),Leucuşeşti,Preuteşti
Suceava,17307,Lipoveni (Mitocu Dragomirnei),Lipoveni,Mitocu Dragomirnei
Suceava,17282,Lisaura (Ipoteşti),Lisaura,Ipoteşti
Suceava,20945,Liteni (Dolhasca),Liteni,Dolhasca
Suceava,17314,Liteni (Moara),Liteni,Moara
Suceava,17149,Lucăceşti (Drăgoieşti),Lucăceşti,Drăgoieşti
Suceava,17303,Lunca (Milişăuţi),Lunca,Milişăuţi
Suceava,17552,Lunca (Zamostea),Lunca,Zamostea
Suceava,17474,Luncuşoara (Udeşti),Luncuşoara,Udeşti
Suceava,17001,Lungeni (Broşteni),Lungeni,Broşteni
Suceava,17486,Lupcina (Ulma),Lupcina,Ulma
Suceava,17487,Măgura (Ulma),Măgura,Ulma
Suceava,17027,Maidan (Cacica),Maidan,Cacica
Suceava,17290,Mălini,Mălini,
Suceava,17429,Mănăstioara (Siret),Mănăstioara,Siret
Suceava,17475,Mănăstioara (Udeşti),Mănăstioara,Udeşti
Suceava,17295,Mănăstirea Humorului,Mănăstirea Humorului,
Suceava,17216,Măneuţi (Frătăuţii Vechi),Măneuţi,Frătăuţii Vechi
Suceava,17200,Manolea (Forăşti),Manolea,Forăşti
Suceava,17299,Marginea,Marginea,
Suceava,17106,Măriţei (Dărmăneşti),Măriţei,Dărmăneşti
Suceava,17107,Măriţeia Mică (Dărmăneşti),Măriţeia Mică,Dărmăneşti
Suceava,17150,Măzănăeşti (Drăgoieşti),Măzănăeşti,Drăgoieşti
Suceava,17396,Mereni (Salcea),Mereni,Salcea
Suceava,17538,Mereşti (Vultureşti),Mereşti,Vultureşti
Suceava,17270,Mestecăniş (Iacobeni),Mestecăniş,Iacobeni
Suceava,17495,Mesteceni (Vadu Moldovei),Mesteceni,Vadu Moldovei
Suceava,17266,Mihăieşti (Horodniceni),Mihăieşti,Horodniceni
Suceava,17417,Mihoveni (Şcheia),Mihoveni,Şcheia
Suceava,17304,Milişăuţi,Milişăuţi,
Suceava,17500,Mironu (Valea Moldovei),Mironu,Valea Moldovei
Suceava,17308,Mitocasi (Mitocu Dragomirnei),Mitocasi,Mitocu Dragomirnei
Suceava,17309,Mitocu Dragomirnei,Mitocu Dragomirnei,
Suceava,17315,Moara,Moara,
Suceava,17316,Moara Carp (Moara),Moara Carp,Moara
Suceava,17317,Moara Nica (Moara),Moara Nica,Moara
Suceava,16953,Moişa (Boroaia),Moişa,Boroaia
Suceava,17322,Moldova-Suliţa,Moldova-Suliţa,
Suceava,17326,Moldoviţa,Moldoviţa,
Suceava,17503,Molid (Vama),Molid,Vama
Suceava,17496,Movileni (Vadu Moldovei),Movileni,Vadu Moldovei
Suceava,17332,Muşeniţa,Muşeniţa,
Suceava,17005,Neagra (Broşteni),Neagra,Broşteni
Suceava,17403,Neagra Şarului (Şaru Dornei),Neagra Şarului,Şaru Dornei
Suceava,16932,Negostina (Bălcăuţi),Negostina,Bălcăuţi
Suceava,17447,Negrileasa (Stulpicani),Negrileasa,Stulpicani
Suceava,17553,Nicani (Zamostea),Nicani,Zamostea
Suceava,17497,Nigoteşti (Vadu Moldovei),Nigoteşti,Vadu Moldovei
Suceava,17488,Nisipitu (Ulma),Nisipitu,Ulma
Suceava,16986,Norocu (Brodina),Norocu,Brodina
Suceava,17229,Obcina Ursului (Fundu Moldovei),Obcina Ursului,Fundu Moldovei
Suceava,17201,Oniceni (Forăşti),Oniceni,Forăşti
Suceava,17141,Ortoaia (Dorna-Arini),Ortoaia,Dorna-Arini
Suceava,17539,Osoi (Vultureşti),Osoi,Vultureşti
Suceava,17336,Ostra,Ostra,
Suceava,17430,Pădureni (Siret),Pădureni,Siret
Suceava,17079,Păiseni (Cornu Luncii),Păiseni,Cornu Luncii
Suceava,16987,Paltin (Brodina),Paltin,Brodina
Suceava,17346,Păltiniş (Panaci),Păltiniş,Panaci
Suceava,17340,Păltinoasa,Păltinoasa,
Suceava,17514,Paltinu (Vatra Moldoviței),Paltinu,Vatra Moldoviței
Suceava,17347,Panaci,Panaci,
Suceava,17291,Pâraie (Mălini),Pâraie,Mălini
Suceava,16972,Pârâu Negrei (Breaza),Pârâu Negrei,Breaza
Suceava,17462,Părhăuţi (Todireşti),Părhăuţi,Todireşti
Suceava,17350,Pârteştii de Jos,Pârteştii de Jos,
Suceava,17028,Pârteştii de Sus (Cacica),Pârteştii de Sus,Cacica
Suceava,17351,Pătrăuţi (Pârteştii de Jos),Pătrăuţi,Pârteştii de Jos
Suceava,17014,Petia (Buneşti),Petia,Buneşti
Suceava,17006,Pietroasa (Broşteni),Pietroasa,Broşteni
Suceava,17357,Pilugani (Poiana Stampei),Pilugani,Poiana Stampei
Suceava,17230,Plai (Fundu Moldovei),Plai,Fundu Moldovei
Suceava,17404,Plaiu Şarului (Şaru Dornei),Plaiu Şarului,Şaru Dornei
Suceava,17476,Plăvălari (Udeşti),Plăvălari,Udeşti
Suceava,17296,Pleşa (Mănăstirea Humorului),Pleşa,Mănăstirea Humorului
Suceava,17540,Pleşeşti (Vultureşti),Pleşeşti,Vultureşti
Suceava,17397,Plopeni (Salcea),Plopeni,Salcea
Suceava,17210,Plutoniţa (Frasin),Plutoniţa,Frasin
Suceava,17379,Pocoleni (Rădăşeni),Pocoleni,Rădăşeni
Suceava,17015,Podeni (Buneşti),Podeni,Buneşti
Suceava,17086,Podu Coşnei (Coşna),Podu Coşnei,Coşna
Suceava,17119,Poiana (Dolhasca),Poiana,Dolhasca
Suceava,17560,Poiana (Zvoriştea),Poiana,Zvoriştea
Suceava,17292,Poiana Mărului (Mălini),Poiana Mărului,Mălini
Suceava,17297,Poiana Micului (Mănăstirea Humorului),Poiana Micului,Mănăstirea Humorului
Suceava,17134,Poiana Negrii (Dorna Candrenilor),Poiana Negrii,Dorna Candrenilor
Suceava,17358,Poiana Stampei,Poiana Stampei,
Suceava,17120,Poienari (Dolhasca),Poienari,Dolhasca
Suceava,17363,Poieni-Solca,Poieni-Solca,
Suceava,17477,Poieni-Suceava (Udeşti),Poieni-Suceava,Udeşti
Suceava,17365,Pojorâta,Pojorâta,
Suceava,17359,Prăleni (Poiana Stampei),Prăleni,Poiana Stampei
Suceava,17180,Praxia (Fântâna Mare),Praxia,Fântâna Mare
Suceava,17398,Prelipca (Salcea),Prelipca,Salcea
Suceava,17373,Preuteşti,Preuteşti,
Suceava,17504,Prisaca Dornei (Vama),Prisaca Dornei,Vama
Suceava,17121,Probota (Dolhasca),Probota,Dolhasca
Suceava,17376,Putna,Putna,
Suceava,17478,Racova (Udeşti),Racova,Udeşti
Suceava,17380,Rădăşeni,Rădăşeni,
Suceava,17382,Rădăuţi,Rădăuţi,
Suceava,17327,Raşca (Moldoviţa),Raşca,Moldoviţa
Suceava,17390,Raşca,Raşca,
Suceava,17554,Răuţeni (Zamostea),Răuţeni,Zamostea
Suceava,17479,Reuseni (Udeşti),Reuseni,Udeşti
Suceava,17135,Româneşti (Dorna Candrenilor),Româneşti,Dorna Candrenilor
Suceava,17246,Româneşti (Grăniceşti),Româneşti,Grăniceşti
Suceava,17068,Roşcani (Corni),Roşcani,Corni
Suceava,17202,Roşiori (Forăşti),Roşiori,Forăşti
Suceava,17509,Roşu (Vatra Dornei),Roşu,Vatra Dornei
Suceava,17267,Rotopăneşti (Horodniceni),Rotopăneşti,Horodniceni
Suceava,17069,Rotunda (Corni),Rotunda,Corni
Suceava,17239,Rudeşti (Grămeşti),Rudeşti,Grămeşti
Suceava,17029,Runcu (Cacica),Runcu,Cacica
Suceava,17142,Rusca (Dorna-Arini),Rusca,Dorna-Arini
Suceava,17203,Ruşi (Forăşti),Ruşi,Forăşti
Suceava,17480,Ruşii-Mănăstioara (Udeşti),Ruşii-Mănăstioara,Udeşti
Suceava,16954,Săcuţa (Boroaia),Săcuţa,Boroaia
Suceava,16988,Sadău (Brodina),Sadău,Brodina
Suceava,17394,Sadova,Sadova,
Suceava,17171,Sălăgeni (Dumbrăveni),Sălăgeni,Dumbrăveni
Suceava,17399,Salcea,Salcea,
Suceava,17464,Sârghieşti (Todireşti),Sârghieşti,Todireşti
Suceava,17405,Sărişor (Şaru Dornei),Sărişor,Şaru Dornei
Suceava,17406,Sărişoru Mare (Şaru Dornei),Sărişoru Mare,Şaru Dornei
Suceava,17407,Şaru Bucovinei (Şaru Dornei),Şaru Bucovinei,Şaru Dornei
Suceava,17408,Şaru Dornei,Şaru Dornei,
Suceava,17080,Sasca Mare (Cornu Luncii),Sasca Mare,Cornu Luncii
Suceava,17081,Sasca Mică (Cornu Luncii),Sasca Mică,Cornu Luncii
Suceava,17082,Sasca Nouă (Cornu Luncii),Sasca Nouă,Cornu Luncii
Suceava,17095,Satu Mare (Crucea),Satu Mare,Crucea
Suceava,17411,Satu Mare,Satu Mare,
Suceava,17420,Şcheia,Şcheia,
Suceava,17481,Securiceni (Udeşti),Securiceni,Udeşti
Suceava,17561,Şerbăneşti (Zvoriştea),Şerbăneşti,Zvoriştea
Suceava,17424,Şerbăuţi,Şerbăuţi,
Suceava,17018,Şes (Buneşti),Şes,Buneşti
Suceava,17046,Şesuri (Cârlibaba),Şesuri,Cârlibaba
Suceava,17421,Sfântu Ilie (Şcheia),Sfântu Ilie,Şcheia
Suceava,17071,Siliştea (Corni),Siliştea,Corni
Suceava,17122,Siliştea Nouă (Dolhasca),Siliştea Nouă,Dolhasca
Suceava,17427,Siminicea,Siminicea,
Suceava,17083,Şinca (Cornu Luncii),Şinca,Cornu Luncii
Suceava,17431,Siret,Siret,
Suceava,17436,Slatina,Slatina,
Suceava,17391,Slătioara (Raşca),Slătioara,Raşca
Suceava,17448,Slătioara (Stulpicani),Slătioara,Stulpicani
Suceava,17191,Slobozia (Fântânele),Slobozia,Fântânele
Suceava,17562,Slobozia (Zvoriştea),Slobozia,Zvoriştea
Suceava,17247,Slobozia Sucevei (Grăniceşti),Slobozia Sucevei,Grăniceşti
Suceava,17231,Smida Ungurenilor (Fundu Moldovei),Smida Ungurenilor,Fundu Moldovei
Suceava,17438,Solca,Solca,
Suceava,17175,Şoldăneşti (Fălticeni),Şoldăneşti,Fălticeni
Suceava,17467,Soloneţ (Todireşti),Soloneţ,Todireşti
Suceava,17030,Soloneţu Nou (Cacica),Soloneţu Nou,Cacica
Suceava,17181,Spătăreşti (Fântâna Mare),Spătăreşti,Fântâna Mare
Suceava,17192,Stamate (Fântânele),Stamate,Fântânele
Suceava,17563,Stânca (Zvoriştea),Stânca,Zvoriştea
Suceava,17564,Stâncuţa (Zvoriştea),Stâncuţa,Zvoriştea
Suceava,17482,Ştirbăţ (Udeşti),Ştirbăţ,Udeşti
Suceava,17440,Straja,Straja,
Suceava,17505,Strâmtura (Vama),Strâmtura,Vama
Suceava,17442,Stroieşti,Stroieşti,
Suceava,17449,Stulpicani,Stulpicani,
Suceava,17452,Suceava,Suceava,
Suceava,17454,Suceviţa (Sucevița),Suceviţa,Sucevița
Suceava,17143,Sunători (Dorna-Arini),Sunători,Dorna-Arini
Suceava,17176,Ţărna Mare (Fălticeni),Ţărna Mare,Fălticeni
Suceava,17337,Tărnicioara (Ostra),Tărnicioara,Ostra
Suceava,17360,Tătaru (Poiana Stampei),Tătaru,Poiana Stampei
Suceava,17555,Tăuteşti (Zamostea),Tăuteşti,Zamostea
Suceava,17136,Teşna (Dorna Candrenilor),Teşna,Dorna Candrenilor
Suceava,17361,Teşna (Poiana Stampei),Teşna,Poiana Stampei
Suceava,17047,Ţibău (Cârlibaba),Ţibău,Cârlibaba
Suceava,17412,Ţibeni (Satu Mare),Ţibeni,Satu Mare
Suceava,17283,Tişăuţi (Ipoteşti),Tişăuţi,Ipoteşti
Suceava,17510,Todireni (Vatra Dornei),Todireni,Vatra Dornei
Suceava,17469,Todireşti,Todireşti,
Suceava,17204,Ţoleşti (Forăşti),Ţoleşti,Forăşti
Suceava,17422,Trei Movile (Şcheia),Trei Movile,Şcheia
Suceava,17483,Udeşti,Udeşti,
Suceava,17205,Uideşti (Forăşti),Uideşti,Forăşti
Suceava,17489,Ulma,Ulma,
Suceava,17021,Unceşti (Buneşti),Unceşti,Buneşti
Suceava,17498,Vadu Moldovei,Vadu Moldovei,
Suceava,17450,Vadu Negrilesei (Stulpicani),Vadu Negrilesei,Stulpicani
Suceava,17443,Vâlcelele (Stroieşti),Vâlcelele,Stroieşti
Suceava,17087,Valea Bancului (Coşna),Valea Bancului,Coşna
Suceava,17130,Valea Bourei (Dolheşti),Valea Bourei,Dolheşti
Suceava,17542,Valea Glodului (Vultureşti),Valea Glodului,Vultureşti
Suceava,17501,Valea Moldovei,Valea Moldovei,
Suceava,17123,Valea Poienei (Dolhasca),Valea Poienei,Dolhasca
Suceava,17366,Valea Putnei (Pojorâta),Valea Putnei,Pojorâta
Suceava,17048,Valea Stânei (Cârlibaba),Valea Stânei,Cârlibaba
Suceava,17293,Văleni-Stânişoara (Mălini),Văleni-Stânişoara,Mălini
Suceava,17506,Vama,Vama,
Suceava,17400,Văratec (Salcea),Văratec,Salcea
Suceava,17352,Vârfu Dealului (Pârteştii de Jos),Vârfu Dealului,Pârteştii de Jos
Suceava,17353,Varvata (Pârteştii de Jos),Varvata,Pârteştii de Jos
Suceava,17333,Văşcăuţi (Muşeniţa),Văşcăuţi,Muşeniţa
Suceava,17511,Vatra Dornei,Vatra Dornei,
Suceava,17515,Vatra Moldoviţei (Vatra Moldoviței),Vatra Moldoviţei,Vatra Moldoviței
Suceava,17240,Verbia (Grămeşti),Verbia,Grămeşti
Suceava,17073,Vercicani (Corni),Vercicani,Corni
Suceava,17520,Vereşti,Vereşti,
Suceava,17522,Vicovu de Jos,Vicovu de Jos,
Suceava,17525,Vicovu de Sus,Vicovu de Sus,
Suceava,17334,Vicşani (Muşeniţa),Vicşani,Muşeniţa
Suceava,17455,Voievodeasa (Sucevița),Voievodeasa,Sucevița
Suceava,17527,Voitinel,Voitinel,
Suceava,17529,Volovăţ,Volovăţ,
Suceava,17318,Vornicenii Mari (Moara),Vornicenii Mari,Moara
Suceava,17319,Vornicenii Mici (Moara),Vornicenii Mici,Moara
Suceava,17250,Voroneţ (Gura Humorului),Voroneţ,Gura Humorului
Suceava,17546,Vultureşti,Vultureşti,
Suceava,17444,Zahareşti (Stroieşti),Zahareşti,Stroieşti
Suceava,16989,Zalomestra (Brodina),Zalomestra,Brodina
Suceava,17556,Zamostea,Zamostea,
Suceava,17565,Zvoriştea,Zvoriştea,
Sălaj,16074,Adalin (Dragu),Adalin,Dragu
Sălaj,16186,Aghireş (Meseşenii de Jos),Aghireş,Meseşenii de Jos
Sălaj,15943,Agrij,Agrij,
Sălaj,16103,Aleuş (Halmăşd),Aleuş,Halmăşd
Sălaj,15946,Almaşu,Almaşu,
Sălaj,15978,Aluniş (Benesat),Aluniş,Benesat
Sălaj,16022,Archid (Coşeiu),Archid,Coşeiu
Sălaj,15956,Băbeni,Băbeni,
Sălaj,15947,Băbiu (Almaşu),Băbiu,Almaşu
Sălaj,16205,Bădăcin (Pericei),Bădăcin,Pericei
Sălaj,16109,Badon (Hereclean),Badon,Hereclean
Sălaj,16116,Baica (Hida),Baica,Hida
Sălaj,15968,Bălan,Bălan,
Sălaj,15974,Ban (Bănișor),Ban,Bănișor
Sălaj,15975,Bănișor,Bănișor,
Sălaj,16264,Bârsa (Someş-Odorhei),Bârsa,Someş-Odorhei
Sălaj,16085,Bârsău Mare (Gâlgău),Bârsău Mare,Gâlgău
Sălaj,16130,Bârsăuţa (Ileanda),Bârsăuţa,Ileanda
Sălaj,15979,Benesat,Benesat,
Sălaj,16245,Bercea (Sânmihaiu Almaşului),Bercea,Sânmihaiu Almaşului
Sălaj,16095,Bezded (Gârbou),Bezded,Gârbou
Sălaj,16259,Bic (Şimleu Silvaniei),Bic,Şimleu Silvaniei
Sălaj,16202,Bilghez (Nușfalău),Bilghez,Nușfalău
Sălaj,15980,Biuşa (Benesat),Biuşa,Benesat
Sălaj,16131,Bizuşa-Băi (Ileanda),Bizuşa-Băi,Ileanda
Sălaj,15982,Bobota,Bobota,
Sălaj,15986,Bocşa,Bocşa,
Sălaj,16110,Bocşiţa (Hereclean),Bocşiţa,Hereclean
Sălaj,15994,Bodia (Buciumi),Bodia,Buciumi
Sălaj,15995,Bogdana (Buciumi),Bogdana,Buciumi
Sălaj,15991,Boghiş,Boghiş,
Sălaj,15987,Borla (Bocşa),Borla,Bocşa
Sălaj,16039,Borza (Creaca),Borza,Creaca
Sălaj,15992,Bozieş (Boghiş),Bozieş,Boghiş
Sălaj,16278,Bozna (Treznea),Bozna,Treznea
Sălaj,16270,Brâglez (Surduc),Brâglez,Surduc
Sălaj,16040,Brebi (Creaca),Brebi,Creaca
Sălaj,16041,Brusturi (Creaca),Brusturi,Creaca
Sălaj,15996,Buciumi,Buciumi,
Sălaj,16236,Bulgari (Sălăţig),Bulgari,Sălăţig
Sălaj,16226,Buzaş (Rus),Buzaş,Rus
Sălaj,16096,Călacea (Gârbou),Călacea,Gârbou
Sălaj,16002,Camăr,Camăr,
Sălaj,15988,Câmpia (Bocşa),Câmpia,Bocşa
Sălaj,16086,Căpâlna (Gâlgău),Căpâlna,Gâlgău
Sălaj,16005,Carastelec,Carastelec,
Sălaj,16296,Ceaca (Zalha),Ceaca,Zalha
Sălaj,16260,Cehei (Şimleu Silvaniei),Cehei,Şimleu Silvaniei
Sălaj,16008,Cehu Silvaniei,Cehu Silvaniei,
Sălaj,16104,Cerişa (Halmăşd),Cerişa,Halmăşd
Sălaj,16097,Cernuc (Gârbou),Cernuc,Gârbou
Sălaj,15969,Chechiş (Bălan),Chechiş,Bălan
Sălaj,15970,Chendrea (Bălan),Chendrea,Bălan
Sălaj,16304,Chendremal (Zimbor),Chendremal,Zimbor
Sălaj,16196,Cheud (Năpradea),Cheud,Năpradea
Sălaj,16219,Chichişa (Românaşi),Chichişa,Românaşi
Sălaj,16014,Chieşd,Chieşd,
Sălaj,16023,Chilioara (Coşeiu),Chilioara,Coşeiu
Sălaj,16087,Chizeni (Gâlgău),Chizeni,Gâlgău
Sălaj,16042,Ciglean (Creaca),Ciglean,Creaca
Sălaj,15959,Ciocmani (Băbeni),Ciocmani,Băbeni
Sălaj,16156,Ciula (Letca),Ciula,Letca
Sălaj,16220,Ciumărna (Românaşi),Ciumărna,Românaşi
Sălaj,16297,Ciureni (Zalha),Ciureni,Zalha
Sălaj,16018,Cizer,Cizer,
Sălaj,15960,Cliţ (Băbeni),Cliţ,Băbeni
Sălaj,16015,Colonia Sighetu Silvaniei (Chieşd),Colonia Sighetu Silvaniei,Chieşd
Sălaj,16166,Cormeniş (Lozna),Cormeniş,Lozna
Sălaj,16024,Coşeiu,Coşeiu,
Sălaj,16144,Cosniciu de Jos (Ip),Cosniciu de Jos,Ip
Sălaj,16145,Cosniciu de Sus (Ip),Cosniciu de Sus,Ip
Sălaj,16157,Cozla (Letca),Cozla,Letca
Sălaj,16030,Crasna,Crasna,
Sălaj,16043,Creaca,Creaca,
Sălaj,16049,Crişeni,Crişeni,
Sălaj,16173,Criştelec (Măerişte),Criştelec,Măerişte
Sălaj,16053,Cristolţ,Cristolţ,
Sălaj,16271,Cristolţel (Surduc),Cristolţel,Surduc
Sălaj,16050,Cristur-Crişeni (Crişeni),Cristur-Crişeni,Crişeni
Sălaj,16058,Cubleşu (Cuzăplac),Cubleşu,Cuzăplac
Sălaj,16150,Cuceu (Jibou),Cuceu,Jibou
Sălaj,16158,Cuciulat (Letca),Cuciulat,Letca
Sălaj,15948,Cutiş (Almaşu),Cutiş,Almaşu
Sălaj,16059,Cuzăplac,Cuzăplac,
Sălaj,16132,Dăbiceni (Ileanda),Dăbiceni,Ileanda
Sălaj,16237,Deja (Sălăţig),Deja,Sălăţig
Sălaj,16067,Deleni (Dobrin),Deleni,Dobrin
Sălaj,15983,Derşida (Bobota),Derşida,Bobota
Sălaj,16111,Dioşod (Hereclean),Dioşod,Hereclean
Sălaj,16068,Doba (Dobrin),Doba,Dobrin
Sălaj,16069,Dobrin,Dobrin,
Sălaj,16088,Dobrocina (Gâlgău),Dobrocina,Gâlgău
Sălaj,16174,Doh (Măerişte),Doh,Măerişte
Sălaj,16133,Dolheni (Ileanda),Dolheni,Ileanda
Sălaj,16305,Dolu (Zimbor),Dolu,Zimbor
Sălaj,16265,Domnin (Someş-Odorhei),Domnin,Someş-Odorhei
Sălaj,16075,Dragu,Dragu,
Sălaj,16105,Drighiu (Halmăşd),Drighiu,Halmăşd
Sălaj,16006,Dumuslău (Carastelec),Dumuslău,Carastelec
Sălaj,16098,Fabrica (Gârbou),Fabrica,Gârbou
Sălaj,16210,Făgetu (Plopiş),Făgetu,Plopiş
Sălaj,16214,Fălcuşa (Poiana Blenchii),Fălcuşa,Poiana Blenchii
Sălaj,16076,Fântânele (Dragu),Fântânele,Dragu
Sălaj,16227,Fântânele-Rus (Rus),Fântânele-Rus,Rus
Sălaj,16187,Fetindia (Meseşenii de Jos),Fetindia,Meseşenii de Jos
Sălaj,16080,Fildu de Jos,Fildu de Jos,
Sălaj,16081,Fildu de Mijloc (Fildu de Jos),Fildu de Mijloc,Fildu de Jos
Sălaj,16082,Fildu de Sus (Fildu de Jos),Fildu de Sus,Fildu de Jos
Sălaj,16191,Firminiş (Mirşid),Firminiş,Mirşid
Sălaj,16230,Fizeş (Sâg),Fizeş,Sâg
Sălaj,16089,Fodora (Gâlgău),Fodora,Gâlgău
Sălaj,16090,Frâncenii de Piatră (Gâlgău),Frâncenii de Piatră,Gâlgău
Sălaj,16106,Fufez (Halmăşd),Fufez,Halmăşd
Sălaj,16060,Gălăşeni (Cuzăplac),Gălăşeni,Cuzăplac
Sălaj,16091,Gâlgău,Gâlgău,
Sălaj,15971,Gâlgău Almaşului (Bălan),Gâlgău Almaşului,Bălan
Sălaj,15972,Gălpâia (Bălan),Gălpâia,Bălan
Sălaj,16099,Gârbou,Gârbou,
Sălaj,16051,Gârceiu (Crişeni),Gârceiu,Crişeni
Sălaj,16175,Giurtelecu Şimleului (Măerişte),Giurtelecu Şimleului,Măerişte
Sălaj,16092,Glod (Gâlgău),Glod,Gâlgău
Sălaj,16215,Gostila (Poiana Blenchii),Gostila,Poiana Blenchii
Sălaj,16093,Gura Vlădesei (Gâlgău),Gura Vlădesei,Gâlgău
Sălaj,16112,Guruslău (Hereclean),Guruslău,Hereclean
Sălaj,16107,Halmăşd,Halmăşd,
Sălaj,16256,Hăşmaş (Şimişna),Hăşmaş,Şimişna
Sălaj,16113,Hereclean,Hereclean,
Sălaj,16117,Hida,Hida,
Sălaj,16009,Horoatu Cehului (Cehu Silvaniei),Horoatu Cehului,Cehu Silvaniei
Sălaj,16125,Horoatu Crasnei,Horoatu Crasnei,
Sălaj,16126,Hurez (Horoatu Crasnei),Hurez,Horoatu Crasnei
Sălaj,16034,Huseni (Crasna),Huseni,Crasna
Sălaj,16151,Husia (Jibou),Husia,Jibou
Sălaj,15997,Huta (Buciumi),Huta,Buciumi
Sălaj,16211,Iaz (Plopiş),Iaz,Plopiş
Sălaj,16134,Ileanda,Ileanda,
Sălaj,16249,Ilişua (Sărmăşag),Ilişua,Sărmăşag
Sălaj,16266,Inău (Someş-Odorhei),Inău,Someş-Odorhei
Sălaj,16146,Ip,Ip,
Sălaj,16044,Jac (Creaca),Jac,Creaca
Sălaj,15949,Jebucu (Almaşu),Jebucu,Almaşu
Sălaj,16152,Jibou,Jibou,
Sălaj,16281,Lazuri (Valcău de Jos),Lazuri,Valcău de Jos
Sălaj,16159,Lemniu (Letca),Lemniu,Letca
Sălaj,16180,Leşmir (Marca),Leşmir,Marca
Sălaj,16160,Letca,Letca,
Sălaj,16250,Lompirt (Sărmăşag),Lompirt,Sărmăşag
Sălaj,16167,Lozna,Lozna,
Sălaj,16135,Luminişu (Ileanda),Luminişu,Ileanda
Sălaj,16045,Lupoaia (Creaca),Lupoaia,Creaca
Sălaj,16176,Măerişte,Măerişte,
Sălaj,16216,Măgura (Poiana Blenchii),Măgura,Poiana Blenchii
Sălaj,16231,Mal (Sâg),Mal,Sâg
Sălaj,16177,Mălădia (Măerişte),Mălădia,Măerişte
Sălaj,16136,Măleni (Ileanda),Măleni,Ileanda
Sălaj,16181,Marca,Marca,
Sălaj,16182,Marca-Huta (Marca),Marca-Huta,Marca
Sălaj,16035,Marin (Crasna),Marin,Crasna
Sălaj,16188,Meseşenii de Jos,Meseşenii de Jos,
Sălaj,16189,Meseşenii de Sus (Meseşenii de Jos),Meseşenii de Sus,Meseşenii de Jos
Sălaj,15950,Mesteacănu (Almaşu),Mesteacănu,Almaşu
Sălaj,16061,Mierţa (Cuzăplac),Mierţa,Cuzăplac
Sălaj,16118,Miluani (Hida),Miluani,Hida
Sălaj,16238,Mineu (Sălăţig),Mineu,Sălăţig
Sălaj,16192,Mirşid,Mirşid,
Sălaj,16251,Moiad (Sărmăşag),Moiad,Sărmăşag
Sălaj,16193,Moigrad-Porolissum (Mirşid),Moigrad-Porolissum,Mirşid
Sălaj,16010,Motiş (Cehu Silvaniei),Motiş,Cehu Silvaniei
Sălaj,16054,Muncel (Cristolţ),Muncel,Cristolţ
Sălaj,16011,Nadiş (Cehu Silvaniei),Nadiş,Cehu Silvaniei
Sălaj,16070,Naimon (Dobrin),Naimon,Dobrin
Sălaj,16197,Năpradea,Năpradea,
Sălaj,16137,Negreni (Ileanda),Negreni,Ileanda
Sălaj,16239,Noţig (Sălăţig),Noţig,Sălăţig
Sălaj,16203,Nuşfalău (Nușfalău),Nuşfalău,Nușfalău
Sălaj,16292,Ortelec (Zalău),Ortelec,Zalău
Sălaj,16003,Pădureni (Camăr),Pădureni,Camăr
Sălaj,16119,Păduriş (Hida),Păduriş,Hida
Sălaj,16114,Panic (Hereclean),Panic,Hereclean
Sălaj,16221,Păuşa (Românaşi),Păuşa,Românaşi
Sălaj,15976,Peceiu (Bănișor),Peceiu,Bănișor
Sălaj,16206,Pericei,Pericei,
Sălaj,16207,Periceiu Mic (Pericei),Periceiu Mic,Pericei
Sălaj,16138,Perii Vadului (Ileanda),Perii Vadului,Ileanda
Sălaj,16062,Petrindu (Cuzăplac),Petrindu,Cuzăplac
Sălaj,15951,Petrinzel (Almaşu),Petrinzel,Almaşu
Sălaj,15962,Piroşa (Băbeni),Piroşa,Băbeni
Sălaj,16019,Plesca (Cizer),Plesca,Cizer
Sălaj,16212,Plopiş,Plopiş,
Sălaj,16222,Poarta Sălajului (Românaşi),Poarta Sălajului,Românaşi
Sălaj,16139,Podişu (Ileanda),Podişu,Ileanda
Sălaj,16217,Poiana Blenchii,Poiana Blenchii,
Sălaj,16252,Poiana Măgura (Sărmăşag),Poiana Măgura,Sărmăşag
Sălaj,16055,Poiana Onţii (Cristolţ),Poiana Onţii,Cristolţ
Sălaj,15963,Poieniţa (Băbeni),Poieniţa,Băbeni
Sălaj,16194,Popeni (Mirşid),Popeni,Mirşid
Sălaj,16100,Popteleac (Gârbou),Popteleac,Gârbou
Sălaj,16183,Porţ (Marca),Porţ,Marca
Sălaj,16168,Preluci (Lozna),Preluci,Lozna
Sălaj,16282,Preoteasa (Valcău de Jos),Preoteasa,Valcău de Jos
Sălaj,16020,Pria (Cizer),Pria,Cizer
Sălaj,16046,Prodăneşti (Creaca),Prodăneşti,Creaca
Sălaj,16161,Purcăreţ (Letca),Purcăreţ,Letca
Sălaj,16261,Pusta (Şimleu Silvaniei),Pusta,Şimleu Silvaniei
Sălaj,16120,Racâş (Hida),Racâş,Hida
Sălaj,16140,Răstoci (Ileanda),Răstoci,Ileanda
Sălaj,15999,Răstolţ (Buciumi),Răstolţ,Buciumi
Sălaj,15944,Răstolţu Deşert (Agrij),Răstolţu Deşert,Agrij
Sălaj,16037,Ratin (Crasna),Ratin,Crasna
Sălaj,16283,Ratovei (Valcău de Jos),Ratovei,Valcău de Jos
Sălaj,16288,Recea (Vârşolţ),Recea,Vârşolţ
Sălaj,16289,Recea Mică (Vârşolţ),Recea Mică,Vârşolţ
Sălaj,16141,Rogna (Ileanda),Rogna,Ileanda
Sălaj,16223,Românaşi,Românaşi,
Sălaj,16224,Romita (Românaşi),Romita,Românaşi
Sălaj,16153,Rona (Jibou),Rona,Jibou
Sălaj,16063,Ruginoasa (Cuzăplac),Ruginoasa,Cuzăplac
Sălaj,16228,Rus,Rus,
Sălaj,16232,Sâg,Sâg,
Sălaj,15989,Sălăjeni (Bocşa),Sălăjeni,Bocşa
Sălaj,16240,Sălăţig,Sălăţig,
Sălaj,16242,Şamşud,Şamşud,
Sălaj,16306,Sâncraiu Almaşului (Zimbor),Sâncraiu Almaşului,Zimbor
Sălaj,16071,Sâncraiu Silvaniei (Dobrin),Sâncraiu Silvaniei,Dobrin
Sălaj,16000,Sângeorgiu de Meseş (Buciumi),Sângeorgiu de Meseş,Buciumi
Sălaj,16246,Sânmihaiu Almaşului,Sânmihaiu Almaşului,
Sălaj,16121,Sânpetru Almaşului (Hida),Sânpetru Almaşului,Hida
Sălaj,16247,Sântă Măria (Sânmihaiu Almaşului),Sântă Măria,Sânmihaiu Almaşului
Sălaj,16233,Sârbi (Sâg),Sârbi,Sâg
Sălaj,16253,Sărmăşag,Sărmăşag,
Sălaj,16142,Şasa (Ileanda),Şasa,Ileanda
Sălaj,16127,Şeredeiu (Horoatu Crasnei),Şeredeiu,Horoatu Crasnei
Sălaj,15952,Sfăraş (Almaşu),Sfăraş,Almaşu
Sălaj,16208,Sici (Pericei),Sici,Pericei
Sălaj,16016,Sighetu Silvaniei (Chieşd),Sighetu Silvaniei,Chieşd
Sălaj,16257,Şimişna,Şimişna,
Sălaj,16262,Şimleu Silvaniei,Şimleu Silvaniei,
Sălaj,16267,Şoimuş (Someş-Odorhei),Şoimuş,Someş-Odorhei
Sălaj,16162,Şoimuşeni (Letca),Şoimuşeni,Letca
Sălaj,16101,Solomon (Gârbou),Solomon,Gârbou
Sălaj,16272,Solona (Surduc),Solona,Surduc
Sălaj,16198,Someş-Guruslău (Năpradea),Someş-Guruslău,Năpradea
Sălaj,16268,Someş-Odorhei,Someş-Odorhei,
Sălaj,15953,Stana (Almaşu),Stana,Almaşu
Sălaj,16293,Stana (Zalău),Stana,Zalău
Sălaj,16128,Stârciu (Horoatu Crasnei),Stârciu,Horoatu Crasnei
Sălaj,16064,Stoboru (Cuzăplac),Stoboru,Cuzăplac
Sălaj,16122,Stupini (Hida),Stupini,Hida
Sălaj,16284,Sub Cetate (Valcău de Jos),Sub Cetate,Valcău de Jos
Sălaj,16184,Şumal (Marca),Şumal,Marca
Sălaj,16273,Surduc,Surduc,
Sălaj,16307,Sutoru (Zimbor),Sutoru,Zimbor
Sălaj,16065,Tămaşa (Cuzăplac),Tămaşa,Cuzăplac
Sălaj,16254,Ţărmure (Sărmăşag),Ţărmure,Sărmăşag
Sălaj,15954,Ţăudu (Almaşu),Ţăudu,Almaşu
Sălaj,16274,Teştioara (Surduc),Teştioara,Surduc
Sălaj,16083,Tetişu (Fildu de Jos),Tetişu,Fildu de Jos
Sălaj,16275,Tihău (Surduc),Tihău,Surduc
Sălaj,16163,Topliţa (Letca),Topliţa,Letca
Sălaj,16199,Traniş (Năpradea),Traniş,Năpradea
Sălaj,16123,Trestia (Hida),Trestia,Hida
Sălaj,16279,Treznea,Treznea,
Sălaj,16276,Turbuţa (Surduc),Turbuţa,Surduc
Sălaj,16234,Tusa (Sâg),Tusa,Sâg
Sălaj,16077,Ugruţiu (Dragu),Ugruţiu,Dragu
Sălaj,16178,Uileacu Şimleului (Măerişte),Uileacu Şimleului,Măerişte
Sălaj,16012,Ulciug (Cehu Silvaniei),Ulciug,Cehu Silvaniei
Sălaj,16200,Vădurele (Năpradea),Vădurele,Năpradea
Sălaj,16285,Valcău de Jos,Valcău de Jos,
Sălaj,16286,Valcău de Sus (Valcău de Jos),Valcău de Sus,Valcău de Jos
Sălaj,16298,Valea Ciurenilor (Zalha),Valea Ciurenilor,Zalha
Sălaj,16299,Valea Hranei (Zalha),Valea Hranei,Zalha
Sălaj,16170,Valea Leşului (Lozna),Valea Leşului,Lozna
Sălaj,16171,Valea Loznei (Lozna),Valea Loznei,Lozna
Sălaj,16300,Valea Lungă (Zalha),Valea Lungă,Zalha
Sălaj,16243,Valea Pomilor (Şamşud),Valea Pomilor,Şamşud
Sălaj,16056,Văleni (Cristolţ),Văleni,Cristolţ
Sălaj,16164,Vălişoara (Letca),Vălişoara,Letca
Sălaj,16154,Var (Jibou),Var,Jibou
Sălaj,16290,Vârşolţ,Vârşolţ,
Sălaj,16301,Vârteşca (Zalha),Vârteşca,Zalha
Sălaj,16072,Verveghiu (Dobrin),Verveghiu,Dobrin
Sălaj,16047,Viile Jacului (Creaca),Viile Jacului,Creaca
Sălaj,16078,Voivodeni (Dragu),Voivodeni,Dragu
Sălaj,16294,Zalău,Zalău,
Sălaj,16302,Zalha,Zalha,
Sălaj,15984,Zalnoc (Bobota),Zalnoc,Bobota
Sălaj,16147,Zăuan (Ip),Zăuan,Ip
Sălaj,16148,Zăuan-Băi (Ip),Zăuan-Băi,Ip
Sălaj,16308,Zimbor,Zimbor,
Teleorman,17913,Albeni (Scurtu Mare),Albeni,Scurtu Mare
Teleorman,18008,Albeşti (Vedea),Albeşti,Vedea
Teleorman,17568,Alexandria,Alexandria,
Teleorman,17625,Antoneşti (Călineşti),Antoneşti,Călineşti
Teleorman,17570,Băbăiţa,Băbăiţa,
Teleorman,17649,Băcăleşti (Călmăţuiu de Sus),Băcăleşti,Călmăţuiu de Sus
Teleorman,17584,Baciu (Blejeşti),Baciu,Blejeşti
Teleorman,17877,Băduleasa (Putineiu),Băduleasa,Putineiu
Teleorman,17573,Balaci,Balaci,
Teleorman,17655,Baldovineşti (Ciolăneşti),Baldovineşti,Ciolăneşti
Teleorman,17686,Balta Sărată (Crângeni),Balta Sărată,Crângeni
Teleorman,17900,Băneasa (Salcia),Băneasa,Salcia
Teleorman,17864,Banov (Poeni),Banov,Poeni
Teleorman,17577,Bârseştii de Jos (Beciu),Bârseştii de Jos,Beciu
Teleorman,17755,Bâscoveni (Gălăteni),Bâscoveni,Gălăteni
Teleorman,17578,Beciu,Beciu,
Teleorman,17954,Beiu (Ştorobăneasa),Beiu,Ştorobăneasa
Teleorman,17833,Belciug (Necşeşti),Belciug,Necşeşti
Teleorman,17581,Beuca,Beuca,
Teleorman,17585,Blejeşti,Blejeşti,
Teleorman,17589,Bogdana,Bogdana,
Teleorman,17601,Botoroaga,Botoroaga,
Teleorman,17607,Bragadiru,Bragadiru,
Teleorman,17609,Brânceni,Brânceni,
Teleorman,17858,Brâncoveanca (Plopii-Slăviteşti),Brâncoveanca,Plopii-Slăviteşti
Teleorman,17990,Brătăşani (Trivalea-Moşteni),Brătăşani,Trivalea-Moşteni
Teleorman,17947,Bratcovu (Stejaru),Bratcovu,Stejaru
Teleorman,17865,Brăteşti (Poeni),Brăteşti,Poeni
Teleorman,17908,Brebina (Scrioaştea),Brebina,Scrioaştea
Teleorman,17590,Broşteanca (Bogdana),Broşteanca,Bogdana
Teleorman,17612,Bujoreni,Bujoreni,
Teleorman,17621,Bujoru,Bujoru,
Teleorman,17644,Bujoru (Călmăţuiu),Bujoru,Călmăţuiu
Teleorman,17574,Burdeni (Balaci),Burdeni,Balaci
Teleorman,17893,Butculeşti (Săceni),Butculeşti,Săceni
Teleorman,17929,Buteşti (Siliştea),Buteşti,Siliştea
Teleorman,17623,Buzescu,Buzescu,
Teleorman,17626,Călineşti,Călineşti,
Teleorman,17645,Călmăţuiu,Călmăţuiu,
Teleorman,17650,Călmăţuiu de Sus,Călmăţuiu de Sus,
Teleorman,17872,Calomfireşti (Poroschia),Calomfireşti,Poroschia
Teleorman,17602,Călugăru (Botoroaga),Călugăru,Botoroaga
Teleorman,17646,Caravaneţi (Călmăţuiu),Caravaneţi,Călmăţuiu
Teleorman,17878,Cârlomanu (Putineiu),Cârlomanu,Putineiu
Teleorman,17866,Cătunu (Poeni),Cătunu,Poeni
Teleorman,17811,Cernetu (Mârzăneşti),Cernetu,Mârzăneşti
Teleorman,17653,Cervenia,Cervenia,
Teleorman,17883,Cetatea (Rădoieşti),Cetatea,Rădoieşti
Teleorman,17656,Ciolăneşti,Ciolăneşti,
Teleorman,17657,Ciolăneştii din Deal (Ciolăneşti),Ciolăneştii din Deal,Ciolăneşti
Teleorman,17658,Ciolăneştii din Vale (Ciolăneşti),Ciolăneştii din Vale,Ciolăneşti
Teleorman,17661,Ciuperceni,Ciuperceni,
Teleorman,17679,Ciuperceni (Cosmeşti),Ciuperceni,Cosmeşti
Teleorman,17894,Ciurari (Săceni),Ciurari,Săceni
Teleorman,17759,Ciurari-Deal (Gratia),Ciurari-Deal,Gratia
Teleorman,17736,Clăniţa (Frăsinet),Clăniţa,Frăsinet
Teleorman,17718,Comoara (Drăgăneşti-Vlaşca),Comoara,Drăgăneşti-Vlaşca
Teleorman,17672,Conţeşti,Conţeşti,
Teleorman,17629,Copăceanca (Călineşti),Copăceanca,Călineşti
Teleorman,17680,Cosmeşti,Cosmeşti,
Teleorman,18032,Coşoaia (Videle),Coşoaia,Videle
Teleorman,18015,Coşoteni (Vedea),Coşoteni,Vedea
Teleorman,17687,Crângeni,Crângeni,
Teleorman,17691,Crângu,Crângu,
Teleorman,17694,Crevenicu,Crevenicu,
Teleorman,17909,Cucueţi (Scrioaştea),Cucueţi,Scrioaştea
Teleorman,17613,Dărvaş (Bujoreni),Dărvaş,Bujoreni
Teleorman,17991,Deparaţi (Trivalea-Moşteni),Deparaţi,Trivalea-Moşteni
Teleorman,17697,Dideşti,Dideşti,
Teleorman,17974,Dobreni (Tătărăştii de Sus),Dobreni,Tătărăştii de Sus
Teleorman,17701,Dobroteşti,Dobroteşti,
Teleorman,17688,Dorobanţu (Crângeni),Dorobanţu,Crângeni
Teleorman,17705,Dracea,Dracea,
Teleorman,17914,Drăceşti (Scurtu Mare),Drăceşti,Scurtu Mare
Teleorman,17709,Drăcşani (Drăcşenei),Drăcşani,Drăcşenei
Teleorman,17710,Drăcşenei,Drăcşenei,
Teleorman,17714,Drăgăneşti de Vede,Drăgăneşti de Vede,
Teleorman,17719,Drăgăneşti-Vlaşca,Drăgăneşti-Vlaşca,
Teleorman,17760,Drăghineşti (Gratia),Drăghineşti,Gratia
Teleorman,17859,Dudu (Plopii-Slăviteşti),Dudu,Plopii-Slăviteşti
Teleorman,18017,Dulceanca (Vedea),Dulceanca,Vedea
Teleorman,17994,Dulceni (Troianul),Dulceni,Troianul
Teleorman,17728,Fântânele,Fântânele,
Teleorman,17706,Florica (Dracea),Florica,Dracea
Teleorman,17739,Frăsinet,Frăsinet,
Teleorman,17746,Frumoasa,Frumoasa,
Teleorman,17750,Furculeşti,Furculeşti,
Teleorman,17756,Gălăteni,Gălăteni,
Teleorman,18003,Gărăgău (Vârtoape),Gărăgău,Vârtoape
Teleorman,17834,Gârdeşti (Necşeşti),Gârdeşti,Necşeşti
Teleorman,17757,Grădişteanca (Gălăteni),Grădişteanca,Gălăteni
Teleorman,17761,Gratia,Gratia,
Teleorman,17948,Gresia (Stejaru),Gresia,Stejaru
Teleorman,17805,Guruieni (Măgura),Guruieni,Măgura
Teleorman,17698,Însurăţei (Dideşti),Însurăţei,Dideşti
Teleorman,17651,Ionaşcu (Călmăţuiu de Sus),Ionaşcu,Călmăţuiu de Sus
Teleorman,17763,Islaz,Islaz,
Teleorman,17774,Izvoarele,Izvoarele,
Teleorman,17843,Lăceni (Orbeasca),Lăceni,Orbeasca
Teleorman,17966,Lada (Tătărăştii de Jos),Lada,Tătărăştii de Jos
Teleorman,17633,Licuriciu (Călineşti),Licuriciu,Călineşti
Teleorman,17959,Linia Costii (Talpa),Linia Costii,Talpa
Teleorman,17782,Lisa,Lisa,
Teleorman,17786,Liţa,Liţa,
Teleorman,17888,Ludăneasca (Răsmireşti),Ludăneasca,Răsmireşti
Teleorman,17793,Lunca,Lunca,
Teleorman,17806,Măgura,Măgura,
Teleorman,17715,Măgura cu Liliac (Drăgăneşti de Vede),Măgura cu Liliac,Drăgăneşti de Vede
Teleorman,17809,Măldăeni,Măldăeni,
Teleorman,17634,Mariţa (Călineşti),Mariţa,Călineşti
Teleorman,17812,Mârzăneşti,Mârzăneşti,
Teleorman,17816,Mavrodin,Mavrodin,
Teleorman,17819,Mereni,Mereni,
Teleorman,17820,Merenii de Jos (Mereni),Merenii de Jos,Mereni
Teleorman,17821,Merenii de Sus (Mereni),Merenii de Sus,Mereni
Teleorman,18023,Meri (Vedea),Meri,Vedea
Teleorman,17571,Merişani (Băbăiţa),Merişani,Băbăiţa
Teleorman,17702,Merişani (Dobroteşti),Merişani,Dobroteşti
Teleorman,17764,Moldoveni (Islaz),Moldoveni,Islaz
Teleorman,17751,Moşteni (Furculeşti),Moşteni,Furculeşti
Teleorman,17826,Moşteni,Moşteni,
Teleorman,17828,Nanov,Nanov,
Teleorman,17830,Năsturelu,Năsturelu,
Teleorman,17920,Năvodari (Seaca),Năvodari,Seaca
Teleorman,17835,Necşeşti,Necşeşti,
Teleorman,17967,Negreni (Tătărăştii de Jos),Negreni,Tătărăştii de Jos
Teleorman,17968,Negrenii de Sus (Tătărăştii de Jos),Negrenii de Sus,Tătărăştii de Jos
Teleorman,17969,Negrenii-Osebiţi (Tătărăştii de Jos),Negrenii-Osebiţi,Tătărăştii de Jos
Teleorman,17915,Negrileşti (Scurtu Mare),Negrileşti,Scurtu Mare
Teleorman,17837,Nenciuleşti,Nenciuleşti,
Teleorman,17647,Nicolae Bălcescu (Călmăţuiu),Nicolae Bălcescu,Călmăţuiu
Teleorman,17970,Obârtu (Tătărăştii de Jos),Obârtu,Tătărăştii de Jos
Teleorman,17711,Odobeasca (Drăcşenei),Odobeasca,Drăcşenei
Teleorman,17923,Olteanca (Segarcea-Vale),Olteanca,Segarcea-Vale
Teleorman,17840,Olteni,Olteni,
Teleorman,17844,Orbeasca,Orbeasca,
Teleorman,17845,Orbeasca de Jos (Orbeasca),Orbeasca de Jos,Orbeasca
Teleorman,17846,Orbeasca de Sus (Orbeasca),Orbeasca de Sus,Orbeasca
Teleorman,17838,Păru Rotund (Nenciuleşti),Păru Rotund,Nenciuleşti
Teleorman,17748,Păuleasca (Frumoasa),Păuleasca,Frumoasa
Teleorman,17848,Peretu,Peretu,
Teleorman,17841,Perii Broşteni (Olteni),Perii Broşteni,Olteni
Teleorman,17850,Piatra,Piatra,
Teleorman,17854,Pietroşani,Pietroşani,
Teleorman,17897,Pleaşov (Saelele),Pleaşov,Saelele
Teleorman,17582,Plopi (Beuca),Plopi,Beuca
Teleorman,17860,Plopii-Slăviteşti,Plopii-Slăviteşti,
Teleorman,17862,Plosca,Plosca,
Teleorman,17867,Poeni,Poeni,
Teleorman,17663,Poiana (Ciuperceni),Poiana,Ciuperceni
Teleorman,17873,Poroschia,Poroschia,
Teleorman,17868,Preajba (Poeni),Preajba,Poeni
Teleorman,17619,Prunaru (Bujoreni),Prunaru,Bujoreni
Teleorman,17794,Prundu (Lunca),Prundu,Lunca
Teleorman,17934,Purani (Siliştea),Purani,Siliştea
Teleorman,18048,Purani (Vităneşti),Purani,Vităneşti
Teleorman,17875,Puranii de Sus (Purani),Puranii de Sus,Purani
Teleorman,17880,Putineiu,Putineiu,
Teleorman,17884,Rădoieşti,Rădoieşti,
Teleorman,17885,Rădoieşti-Deal (Rădoieşti),Rădoieşti-Deal,Rădoieşti
Teleorman,17886,Rădoieşti-Vale (Rădoieşti),Rădoieşti-Vale,Rădoieşti
Teleorman,17695,Răduleşti (Crevenicu),Răduleşti,Crevenicu
Teleorman,17889,Răsmireşti,Răsmireşti,
Teleorman,17891,Roşiori de Vede,Roşiori de Vede,
Teleorman,17960,Rotăreşti (Talpa),Rotăreşti,Talpa
Teleorman,17895,Săceni,Săceni,
Teleorman,17898,Saelele,Saelele,
Teleorman,17901,Salcia,Salcia,
Teleorman,17904,Sârbeni,Sârbeni,
Teleorman,17905,Sârbenii de Jos (Sârbeni),Sârbenii de Jos,Sârbeni
Teleorman,17699,Satu Nou (Dideşti),Satu Nou,Dideşti
Teleorman,17712,Satul Vechi (Drăcşenei),Satul Vechi,Drăcşenei
Teleorman,18049,Schitu Poienari (Vităneşti),Schitu Poienari,Vităneşti
Teleorman,17910,Scrioaştea,Scrioaştea,
Teleorman,17916,Scurtu Mare,Scurtu Mare,
Teleorman,17917,Scurtu-Slăveşti (Scurtu Mare),Scurtu-Slăveşti,Scurtu Mare
Teleorman,17921,Seaca,Seaca,
Teleorman,17692,Secara (Crângu),Secara,Crângu
Teleorman,17924,Segarcea-Deal (Segarcea-Vale),Segarcea-Deal,Segarcea-Vale
Teleorman,17925,Segarcea-Vale,Segarcea-Vale,
Teleorman,17586,Sericu (Blejeşti),Sericu,Blejeşti
Teleorman,17927,Sfinţeşti,Sfinţeşti,
Teleorman,17935,Siliştea,Siliştea,
Teleorman,18050,Siliştea (Vităneşti),Siliştea,Vităneşti
Teleorman,17940,Siliştea Gumeşti,Siliştea Gumeşti,
Teleorman,17936,Siliştea Mică (Siliştea),Siliştea Mică,Siliştea
Teleorman,17971,Slăveşti (Tătărăştii de Jos),Slăveşti,Tătărăştii de Jos
Teleorman,17942,Slobozia Mândra,Slobozia Mândra,
Teleorman,17579,Smârdan (Beciu),Smârdan,Beciu
Teleorman,17944,Smârdioasa,Smârdioasa,
Teleorman,17950,Socetu (Stejaru),Socetu,Stejaru
Teleorman,17945,Şoimu (Smârdioasa),Şoimu,Smârdioasa
Teleorman,17752,Spătărei (Furculeşti),Spătărei,Furculeşti
Teleorman,17824,Ştefeni (Mereni),Ştefeni,Mereni
Teleorman,17689,Stejaru (Crângeni),Stejaru,Crângeni
Teleorman,17951,Stejaru,Stejaru,
Teleorman,17955,Ştorobăneasa,Ştorobăneasa,
Teleorman,17957,Suhaia,Suhaia,
Teleorman,17961,Talpa,Talpa,
Teleorman,17962,Talpa Poştei (Talpa),Talpa Poştei,Talpa
Teleorman,17963,Talpa-Bâscoveni (Talpa),Talpa-Bâscoveni,Talpa
Teleorman,17964,Talpa-Ogrăzile (Talpa),Talpa-Ogrăzile,Talpa
Teleorman,17603,Târnava (Botoroaga),Târnava,Botoroaga
Teleorman,17972,Tătărăştii de Jos,Tătărăştii de Jos,
Teleorman,17975,Tătărăştii de Sus,Tătărăştii de Sus,
Teleorman,17869,Ţăvârlău (Poeni),Ţăvârlău,Poeni
Teleorman,17575,Tecuci (Balaci),Tecuci,Balaci
Teleorman,17813,Teleormanu (Mârzăneşti),Teleormanu,Mârzăneşti
Teleorman,17978,Ţigăneşti,Ţigăneşti,
Teleorman,17986,Traian,Traian,
Teleorman,17992,Trivalea-Moşteni,Trivalea-Moşteni,
Teleorman,17995,Troianul,Troianul,
Teleorman,17902,Tudor Vladimirescu (Salcia),Tudor Vladimirescu,Salcia
Teleorman,17604,Tunari (Botoroaga),Tunari,Botoroaga
Teleorman,17998,Turnu Măgurele,Turnu Măgurele,
Teleorman,18000,Uda-Clocociov,Uda-Clocociov,
Teleorman,18001,Uda-Paciurea (Uda-Clocociov),Uda-Paciurea,Uda-Clocociov
Teleorman,17906,Udeni (Sârbeni),Udeni,Sârbeni
Teleorman,17976,Udupu (Tătărăştii de Sus),Udupu,Tătărăştii de Sus
Teleorman,17597,Ulmeni (Bogdana),Ulmeni,Bogdana
Teleorman,17598,Urluiu (Bogdana),Urluiu,Bogdana
Teleorman,17716,Văcăreşti (Drăgăneşti de Vede),Văcăreşti,Drăgăneşti de Vede
Teleorman,17720,Văceni (Drăgăneşti-Vlaşca),Văceni,Drăgăneşti-Vlaşca
Teleorman,17605,Valea Cireşului (Botoroaga),Valea Cireşului,Botoroaga
Teleorman,17814,Valea Părului (Mârzăneşti),Valea Părului,Mârzăneşti
Teleorman,17918,Valea Poştei (Scurtu Mare),Valea Poştei,Scurtu Mare
Teleorman,17784,Vânători (Lisa),Vânători,Lisa
Teleorman,18004,Vârtoape,Vârtoape,
Teleorman,18005,Vârtoapele de Jos (Vârtoape),Vârtoapele de Jos,Vârtoape
Teleorman,18006,Vârtoapele de Sus (Vârtoape),Vârtoapele de Sus,Vârtoape
Teleorman,17870,Vătaşi (Poeni),Vătaşi,Poeni
Teleorman,17996,Vatra (Troianul),Vatra,Troianul
Teleorman,18029,Vedea,Vedea,
Teleorman,18033,Videle,Videle,
Teleorman,17911,Viile (Scrioaştea),Viile,Scrioaştea
Teleorman,18044,Viişoara (Viișoara),Viişoara,Viișoara
Teleorman,18051,Vităneşti,Vităneşti,
Teleorman,17753,Voievoda (Furculeşti),Voievoda,Furculeşti
Teleorman,18053,Zâmbreasca,Zâmbreasca,
Teleorman,18055,Zimnicea,Zimnicea,
Teleorman,17831,Zimnicele (Năsturelu),Zimnicele,Năsturelu
Teleorman,17707,Zlata (Dracea),Zlata,Dracea
Timiș,18357,Albina (Moşniţa Nouă),Albina,Moşniţa Nouă
Timiș,18348,Alioş (Maşloc),Alioş,Maşloc
Timiș,18110,Altringen (Bogda),Altringen,Bogda
Timiș,18091,Babşa (Belinț),Babşa,Belinț
Timiș,18137,Bacova (Buziaș),Bacova,Buziaș
Timiș,18058,Balinţ,Balinţ,
Timiș,18494,Baloşeşti (Tomeşti),Baloşeşti,Tomeşti
Timiș,18063,Banloc,Banloc,
Timiș,18068,Bâra (Bara),Bâra,Bara
Timiș,18474,Bărăteaz (Satchinez),Bărăteaz,Satchinez
Timiș,18077,Bârna,Bârna,
Timiș,18226,Băteşti (Făget),Băteşti,Făget
Timiș,18426,Bázos (Recaş),Bázos,Recaş
Timiș,18128,Bazoşu Nou (Bucovăţ),Bazoşu Nou,Bucovăţ
Timiș,18085,Beba Veche,Beba Veche,
Timiș,18089,Becicherecu Mic,Becicherecu Mic,
Timiș,18227,Begheiu Mic (Făget),Begheiu Mic,Făget
Timiș,18092,Belinţ (Belinț),Belinţ,Belinț
Timiș,18404,Bencecu de Jos (Pişchia),Bencecu de Jos,Pişchia
Timiș,18405,Bencecu de Sus (Pişchia),Bencecu de Sus,Pişchia
Timiș,18105,Berecuţa (Birda),Berecuţa,Birda
Timiș,18438,Beregsău Mare (Săcălaz),Beregsău Mare,Săcălaz
Timiș,18439,Beregsău Mic (Săcălaz),Beregsău Mic,Săcălaz
Timiș,18442,Berini (Sacoşu Turcesc),Berini,Sacoşu Turcesc
Timiș,18096,Bethausen,Bethausen,
Timiș,18228,Bichigi (Făget),Bichigi,Făget
Timiș,18103,Biled,Biled,
Timiș,18106,Birda,Birda,
Timiș,18366,Blajova (Niţchidorf),Blajova,Niţchidorf
Timiș,18146,Bobda (Cenei),Bobda,Cenei
Timiș,18059,Bodo (Balinţ),Bodo,Balinţ
Timiș,18111,Bogda,Bogda,
Timiș,18117,Boldur,Boldur,
Timiș,18078,Boteşti (Bârna),Boteşti,Bârna
Timiș,18079,Botineşti (Bârna),Botineşti,Bârna
Timiș,18229,Brăneşti (Făget),Brăneşti,Făget
Timiș,18338,Breazova (Margina),Breazova,Margina
Timiș,18184,Breştea (Denta),Breştea,Denta
Timiș,18122,Brestovăţ,Brestovăţ,
Timiș,18200,Bucovăţ (Dumbrava),Bucovăţ,Dumbrava
Timiș,18434,Bucovăţ (Remetea Mare),Bucovăţ,Remetea Mare
Timiș,18305,Bulgăruş (Lenauheim),Bulgăruş,Lenauheim
Timiș,18339,Bulza (Margina),Bulza,Margina
Timiș,18230,Bunea Mare (Făget),Bunea Mare,Făget
Timiș,18231,Bunea Mică (Făget),Bunea Mică,Făget
Timiș,18251,Butin (Gătaia),Butin,Gătaia
Timiș,18112,Buzad (Bogda),Buzad,Bogda
Timiș,18138,Buziaș,Buziaș,
Timiș,18520,Cadăr (Tormac),Cadăr,Tormac
Timiș,18375,Călacea (Orţişoara),Călacea,Orţişoara
Timiș,18413,Căpăt (Racoviţa),Căpăt,Racoviţa
Timiș,18456,Carani (Sânandrei),Carani,Sânandrei
Timiș,18141,Cărpiniş,Cărpiniş,
Timiș,18155,Cebza (Ciacova),Cebza,Ciacova
Timiș,18144,Cenad,Cenad,
Timiș,18147,Cenei,Cenei,
Timiș,18309,Cerna (Liebling),Cerna,Liebling
Timiș,18274,Cerneteaz (Giarmata),Cerneteaz,Giarmata
Timiș,18113,Charlotenburg (Bogda),Charlotenburg,Bogda
Timiș,18149,Checea,Checea,
Timiș,18478,Checheş (Secaş),Checheş,Secaş
Timiș,18194,Cheglevici (Dudeştii Vechi),Cheglevici,Dudeştii Vechi
Timiș,18086,Cherestur (Beba Veche),Cherestur,Beba Veche
Timiș,18151,Chevereşu Mare,Chevereşu Mare,
Timiș,18281,Chişoda (Giroc),Chişoda,Giroc
Timiș,18093,Chizătău (Belinț),Chizătău,Belinț
Timiș,18156,Ciacova,Ciacova,
Timiș,18171,Cireşu (Criciova),Cireşu,Criciova
Timiș,18172,Cireşu Mic (Criciova),Cireşu Mic,Criciova
Timiș,18097,Cladova (Bethausen),Cladova,Bethausen
Timiș,18098,Cliciova (Bethausen),Cliciova,Bethausen
Timiș,18294,Clopodia (Jamu Mare),Clopodia,Jamu Mare
Timiș,18195,Colonia Bulgară (Dudeştii Vechi),Colonia Bulgară,Dudeştii Vechi
Timiș,18496,Colonia Fabricii (Tomeşti),Colonia Fabricii,Tomeşti
Timiș,18232,Colonia Mică (Făget),Colonia Mică,Făget
Timiș,18114,Comeat (Bogda),Comeat,Bogda
Timiș,18161,Comloşu Mare (Comloșu Mare),Comloşu Mare,Comloșu Mare
Timiș,18162,Comloşu Mic (Comloșu Mare),Comloşu Mic,Comloșu Mare
Timiș,18376,Corneşti (Orţişoara),Corneşti,Orţişoara
Timiș,18123,Coşarii (Brestovăţ),Coşarii,Brestovăţ
Timiș,18176,Coşava (Curtea),Coşava,Curtea
Timiș,18340,Coşeviţa (Margina),Coşeviţa,Margina
Timiș,18165,Coşteiu,Coşteiu,
Timiș,18341,Coşteiu de Sus (Margina),Coşteiu de Sus,Margina
Timiș,18457,Covaci (Sânandrei),Covaci,Sânandrei
Timiș,18284,Crai Nou (Giulvăz),Crai Nou,Giulvăz
Timiș,18513,Cralovăţ (Topolovăţu Mare),Cralovăţ,Topolovăţu Mare
Timiș,18173,Criciova,Criciova,
Timiș,18363,Crivina (Nădrag),Crivina,Nădrag
Timiș,18395,Crivina de Sus (Pietroasa),Crivina de Sus,Pietroasa
Timiș,18479,Crivobara (Secaş),Crivobara,Secaş
Timiș,18248,Cruceni (Foeni),Cruceni,Foeni
Timiș,18177,Curtea,Curtea,
Timiș,18099,Cutina (Bethausen),Cutina,Bethausen
Timiș,18180,Darova,Darova,
Timiș,18352,Dejan (Moraviţa),Dejan,Moraviţa
Timiș,18185,Denta,Denta,
Timiș,18189,Deta,Deta,
Timiș,18385,Diniaş (Peciu Nou),Diniaş,Peciu Nou
Timiș,18069,Dobreşti (Bara),Dobreşti,Bara
Timiș,18314,Dolaţ (Livezile),Dolaţ,Livezile
Timiș,18417,Drăgoieşti (Racoviţa),Drăgoieşti,Racoviţa
Timiș,18483,Dragomireşti (Ştiuca),Dragomireşti,Ştiuca
Timiș,18152,Dragşina (Chevereşu Mare),Dragşina,Chevereşu Mare
Timiș,18238,Drăgşineşti (Fârdea),Drăgşineşti,Fârdea
Timiș,18080,Drinova (Bârna),Drinova,Bârna
Timiș,18370,Dubeşti (Ohaba Lungă),Dubeşti,Ohaba Lungă
Timiș,18367,Duboz (Niţchidorf),Duboz,Niţchidorf
Timiș,18192,Dudeştii Noi (Dudeștii Noi),Dudeştii Noi,Dudeștii Noi
Timiș,18196,Dudeştii Vechi,Dudeştii Vechi,
Timiș,18203,Dumbrava,Dumbrava,
Timiș,18220,Dumbrăviţa,Dumbrăviţa,
Timiș,18060,Fădimac (Balinţ),Fădimac,Balinţ
Timiș,18233,Făget,Făget,
Timiș,18396,Fărăşeşti (Pietroasa),Fărăşeşti,Pietroasa
Timiș,18239,Fârdea,Fârdea,
Timiș,18295,Ferendia (Jamu Mare),Ferendia,Jamu Mare
Timiș,18246,Fibiş,Fibiş,
Timiș,18418,Ficătar (Racoviţa),Ficătar,Racoviţa
Timiș,18249,Foeni,Foeni,
Timiș,18550,Folea (Voiteg),Folea,Voiteg
Timiș,18263,Gád (Ghilad),Gád,Ghilad
Timiș,18353,Gaiu Mic (Moraviţa),Gaiu Mic,Moraviţa
Timiș,18252,Gătaia,Gătaia,
Timiș,18258,Gavojdia,Gavojdia,
Timiș,18538,Gelu (Variaş),Gelu,Variaş
Timiș,18296,Gherman (Jamu Mare),Gherman,Jamu Mare
Timiș,18264,Ghilad,Ghilad,
Timiș,18266,Ghiroda,Ghiroda,
Timiș,18269,Ghizela,Ghizela,
Timiș,18275,Giarmata,Giarmata,
Timiș,18267,Giarmata-VII (Ghiroda),Giarmata-VII,Ghiroda
Timiș,18277,Giera,Giera,
Timiș,18282,Giroc,Giroc,
Timiș,18285,Giulvăz,Giulvăz,
Timiș,18240,Gladna Montană (Fârdea),Gladna Montană,Fârdea
Timiș,18241,Gladna Română (Fârdea),Gladna Română,Fârdea
Timiș,18289,Gottlob,Gottlob,
Timiș,18306,Grabaţ (Lenauheim),Grabaţ,Lenauheim
Timiș,18278,Grănicerii (Giera),Grănicerii,Giera
Timiș,18342,Groşi (Margina),Groşi,Margina
Timiș,18094,Gruni (Belinț),Gruni,Belinț
Timiș,18242,Hăuzeşti (Fârdea),Hăuzeşti,Fârdea
Timiș,18542,Herendeşti (Victor Vlad Delamarina),Herendeşti,Victor Vlad Delamarina
Timiș,18427,Herneacova (Recaş),Herneacova,Recaş
Timiș,18166,Hezeriş (Coşteiu),Hezeriş,Coşteiu
Timiș,18270,Hisiaş (Ghizela),Hisiaş,Ghizela
Timiș,18420,Hitiaş (Racoviţa),Hitiaş,Racoviţa
Timiș,18475,Hodoni (Satchinez),Hodoni,Satchinez
Timiș,18124,Hodoş (Brestovăţ),Hodoş,Brestovăţ
Timiș,18181,Hodoş (Darova),Hodoş,Darova
Timiș,18178,Homojdia (Curtea),Homojdia,Curtea
Timiș,18543,Honorici (Victor Vlad Delamarina),Honorici,Victor Vlad Delamarina
Timiș,18435,Ianova (Remetea Mare),Ianova,Remetea Mare
Timiș,18443,Icloda (Sacoşu Turcesc),Icloda,Sacoşu Turcesc
Timiș,18514,Ictar-Budinti (Topolovăţu Mare),Ictar-Budinti,Topolovăţu Mare
Timiș,18292,Iecea Mare,Iecea Mare,
Timiș,18142,Iecea Mică (Cărpiniş),Iecea Mică,Cărpiniş
Timiș,18371,Ierşnic (Ohaba Lungă),Ierşnic,Ohaba Lungă
Timiș,18469,Igriş (Sânpetru Mare),Igriş,Sânpetru Mare
Timiș,18380,Iohanisfeld (Otelec),Iohanisfeld,Otelec
Timiș,18310,Iosif (Liebling),Iosif,Liebling
Timiș,18515,Iosifalău (Topolovăţu Mare),Iosifalău,Topolovăţu Mare
Timiș,18286,Ivanda (Giulvăz),Ivanda,Giulvăz
Timiș,18428,Izvin (Recaş),Izvin,Recaş
Timiș,18118,Jabăr (Boldur),Jabăr,Boldur
Timiș,18297,Jamu Mare,Jamu Mare,
Timiș,18174,Jdioara (Criciova),Jdioara,Criciova
Timiș,18300,Jebel,Jebel,
Timiș,18259,Jena (Gavojdia),Jena,Gavojdia
Timiș,18303,Jimbolia,Jimbolia,
Timiș,18234,Jupâneşti (Făget),Jupâneşti,Făget
Timiș,18524,Jupani (Traian Vuia),Jupani,Traian Vuia
Timiș,18081,Jureşti (Bârna),Jureşti,Bârna
Timiș,18070,Lăpuşnic (Bara),Lăpuşnic,Bara
Timiș,18298,Lăţunaş (Jamu Mare),Lăţunaş,Jamu Mare
Timiș,18307,Lenauheim,Lenauheim,
Timiș,18100,Leucuşeşti (Bethausen),Leucuşeşti,Bethausen
Timiș,18311,Liebling,Liebling,
Timiș,18320,Livezile,Livezile,
Timiș,18327,Lovrin,Lovrin,
Timiș,18125,Lucareţ (Brestovăţ),Lucareţ,Brestovăţ
Timiș,18329,Lugoj,Lugoj,
Timiș,18260,Lugojel (Gavojdia),Lugojel,Gavojdia
Timiș,18501,Luncanii de Jos (Tomeşti),Luncanii de Jos,Tomeşti
Timiș,18502,Luncanii de Sus (Tomeşti),Luncanii de Sus,Tomeşti
Timiș,18163,Lunga (Comloșu Mare),Lunga,Comloșu Mare
Timiș,18157,Macedónia (Ciacova),Macedónia,Ciacova
Timiș,18330,Măguri (Lugoj),Măguri,Lugoj
Timiș,18107,Mânăstire (Birda),Mânăstire,Birda
Timiș,18333,Mănăştiur,Mănăştiur,
Timiș,18343,Margina,Margina,
Timiș,18349,Maşloc,Maşloc,
Timiș,18243,Mâtnicu Mic (Fârdea),Mâtnicu Mic,Fârdea
Timiș,18354,Moraviţa,Moraviţa,
Timiș,18358,Moşniţa Nouă,Moşniţa Nouă,
Timiș,18359,Moşniţa Veche (Moşniţa Nouă),Moşniţa Veche,Moşniţa Nouă
Timiș,18406,Murani (Pişchia),Murani,Pişchia
Timiș,18429,Nàdas (Recaş),Nàdas,Recaş
Timiș,18364,Nădrag,Nădrag,
Timiș,18344,Nemeşeşti (Margina),Nemeşeşti,Margina
Timiș,18488,Nerău (Teremia Mare),Nerău,Teremia Mare
Timiș,18101,Nevrincea (Bethausen),Nevrincea,Bethausen
Timiș,18368,Niţchidorf,Niţchidorf,
Timiș,18158,Obad (Ciacova),Obad,Ciacova
Timiș,18064,Ofseniţa (Banloc),Ofseniţa,Banloc
Timiș,18372,Ohaba Lungă,Ohaba Lungă,
Timiș,18373,Ohaba Română (Ohaba Lungă),Ohaba Română,Ohaba Lungă
Timiș,18119,Ohaba-Forgaci (Boldur),Ohaba-Forgaci,Boldur
Timiș,18484,Oloşag (Ştiuca),Oloşag,Ştiuca
Timiș,18190,Opatiţa (Deta),Opatiţa,Deta
Timiș,18377,Orţişoara,Orţişoara,
Timiș,18381,Otelec,Otelec,
Timiș,18444,Otveşti (Sacoşu Turcesc),Otveşti,Sacoşu Turcesc
Timiș,18334,Pădurani (Mănăştiur),Pădurani,Mănăştiur
Timiș,18301,Pădureni (Jebel),Pădureni,Jebel
Timiș,18544,Pădureni (Victor Vlad Delamarina),Pădureni,Victor Vlad Delamarina
Timiș,18271,Paniova (Ghizela),Paniova,Ghizela
Timiș,18383,Parţa,Parţa,
Timiș,18065,Partoş (Banloc),Partoş,Banloc
Timiș,18167,Păru (Coşteiu),Păru,Coşteiu
Timiș,18386,Peciu Nou,Peciu Nou,
Timiș,18253,Percosova (Gătaia),Percosova,Gătaia
Timiș,18389,Periam,Periam,
Timiș,18391,Pesac,Pesac,
Timiș,18545,Petroasa Mare (Victor Vlad Delamarina),Petroasa Mare,Victor Vlad Delamarina
Timiș,18159,Petroman (Ciacova),Petroman,Ciacova
Timiș,18430,Petrovaselo (Recaş),Petrovaselo,Recaş
Timiș,18401,Pietroasa,Pietroasa,
Timiș,18546,Pini (Victor Vlad Delamarina),Pini,Victor Vlad Delamarina
Timiș,18407,Pişchia,Pişchia,
Timiș,18082,Pogăneşti (Bârna),Pogăneşti,Bârna
Timiș,18402,Poieni (Pietroasa),Poieni,Pietroasa
Timiș,18087,Pordeanu (Beba Veche),Pordeanu,Beba Veche
Timiș,18235,Povârgina (Făget),Povârgina,Făget
Timiș,18531,Pustiniş (Uivar),Pustiniş,Uivar
Timiș,18209,Răchita (Dumbrava),Răchita,Dumbrava
Timiș,18421,Racoviţa,Racoviţa,
Timiș,18072,Rădmăneşti (Bara),Rădmăneşti,Bara
Timiș,18532,Răuţi (Uivar),Răuţi,Uivar
Timiș,18431,Recaş,Recaş,
Timiș,18436,Remetea Mare,Remetea Mare,
Timiș,18350,Remetea Mică (Maşloc),Remetea Mică,Maşloc
Timiș,18335,Remetea-Luncă (Mănăştiur),Remetea-Luncă,Mănăştiur
Timiș,18504,Româneşti (Tomeşti),Româneşti,Tomeşti
Timiș,18186,Roviniţa Mare (Denta),Roviniţa Mare,Denta
Timiș,18187,Roviniţa Mică (Denta),Roviniţa Mică,Denta
Timiș,18360,Rudicica (Moşniţa Nouă),Rudicica,Moşniţa Nouă
Timiș,18287,Rudna (Giulvăz),Rudna,Giulvăz
Timiș,18440,Săcălaz,Săcălaz,
Timiș,18525,Săceni (Traian Vuia),Săceni,Traian Vuia
Timiș,18182,Sacoşu Mare (Darova),Sacoşu Mare,Darova
Timiș,18445,Sacoşu Turcesc,Sacoşu Turcesc,
Timiș,18452,Sâg (Șag),Sâg,Șag
Timiș,18261,Sălbăgel (Gavojdia),Sălbăgel,Gavojdia
Timiș,18408,Sălciua Nouă (Pişchia),Sălciua Nouă,Pişchia
Timiș,18458,Sânandrei,Sânandrei,
Timiș,18460,Şandra,Şandra,
Timiș,18108,Sângeorge (Birda),Sângeorge,Birda
Timiș,18533,Sânmartinu Maghiar (Uivar),Sânmartinu Maghiar,Uivar
Timiș,18387,Sânmartinu Sârbesc (Peciu Nou),Sânmartinu Sârbesc,Peciu Nou
Timiș,18463,Sânmihaiu German (Sânmihaiu Român),Sânmihaiu German,Sânmihaiu Român
Timiș,18464,Sânmihaiu Român,Sânmihaiu Român,
Timiș,18467,Sânnicolau Mare,Sânnicolau Mare,
Timiș,18272,Şanoviţa (Ghizela),Şanoviţa,Ghizela
Timiș,18470,Sânpetru Mare,Sânpetru Mare,
Timiș,18539,Sânpetru Mic (Variaş),Sânpetru Mic,Variaş
Timiș,18472,Saravale,Saravale,
Timiș,18083,Sărăzani (Bârna),Sărăzani,Bârna
Timiș,18422,Sârbova (Racoviţa),Sârbova,Racoviţa
Timiș,18476,Satchinez,Satchinez,
Timiș,18254,Sculia (Gătaia),Sculia,Gătaia
Timiș,18480,Secaş,Secaş,
Timiș,18378,Seceani (Orţişoara),Seceani,Orţişoara
Timiș,18255,Şemlacu Mare (Gătaia),Şemlacu Mare,Gătaia
Timiș,18256,Şemlacu Mic (Gătaia),Şemlacu Mic,Gătaia
Timiș,18139,Silagiu (Buziaș),Silagiu,Buziaș
Timiș,18120,Sinersig (Boldur),Sinersig,Boldur
Timiș,18115,Sintar (Bogda),Sintar,Bogda
Timiș,18345,Sinteşti (Margina),Sinteşti,Margina
Timiș,18521,Şipet (Tormac),Şipet,Tormac
Timiș,18066,Soca (Banloc),Soca,Banloc
Timiș,18075,Spata (Bara),Spata,Bara
Timiș,18355,Stamora Germană (Moraviţa),Stamora Germană,Moraviţa
Timiș,18446,Stamora Română (Sacoşu Turcesc),Stamora Română,Sacoşu Turcesc
Timiș,18432,Stanciova (Recaş),Stanciova,Recaş
Timiș,18485,Ştiuca,Ştiuca,
Timiș,18526,Sudriaş (Traian Vuia),Sudriaş,Traian Vuia
Timiș,18527,Surducu Mic (Traian Vuia),Surducu Mic,Traian Vuia
Timiș,18528,Susani (Traian Vuia),Susani,Traian Vuia
Timiș,18516,Şuştra (Topolovăţu Mare),Şuştra,Topolovăţu Mare
Timiș,18331,Tapia (Lugoj),Tapia,Lugoj
Timiș,18061,Târgovişte (Balinţ),Târgovişte,Balinţ
Timiș,18236,Temereşti (Făget),Temereşti,Făget
Timiș,18489,Teremia Mare,Teremia Mare,
Timiș,18490,Teremia Mică (Teremia Mare),Teremia Mică,Teremia Mare
Timiș,18126,Teş (Brestovăţ),Teş,Brestovăţ
Timiș,18492,Timişoara,Timişoara,
Timiș,18168,Ţipari (Coşteiu),Ţipari,Coşteiu
Timiș,18279,Toager (Giera),Toager,Giera
Timiș,18507,Tomeşti,Tomeşti,
Timiș,18511,Tomnatic,Tomnatic,
Timiș,18336,Topla (Mănăştiur),Topla,Mănăştiur
Timiș,18517,Topolovăţu Mare,Topolovăţu Mare,
Timiș,18518,Topolovăţu Mic (Topolovăţu Mare),Topolovăţu Mic,Topolovăţu Mare
Timiș,18522,Tormac,Tormac,
Timiș,18529,Traian Vuia,Traian Vuia,
Timiș,18461,Uihei (Şandra),Uihei,Şandra
Timiș,18534,Uivar,Uivar,
Timiș,18447,Uliuc (Sacoşu Turcesc),Uliuc,Sacoşu Turcesc
Timiș,18448,Unip (Sacoşu Turcesc),Unip,Sacoşu Turcesc
Timiș,18361,Urseni (Moşniţa Nouă),Urseni,Moşniţa Nouă
Timiș,18465,Utvin (Sânmihaiu Român),Utvin,Sânmihaiu Român
Timiș,18536,Vălcani,Vălcani,
Timiș,18169,Valea Lungă Română (Coşteiu),Valea Lungă Română,Coşteiu
Timiș,18540,Variaş,Variaş,
Timiș,18547,Victor Vlad Delamarina,Victor Vlad Delamarina,
Timiș,18548,Visag (Victor Vlad Delamarina),Visag,Victor Vlad Delamarina
Timiș,18290,Vizejdia (Gottlob),Vizejdia,Gottlob
Timiș,18481,Vizma (Secaş),Vizma,Secaş
Timiș,18551,Voiteg,Voiteg,
Timiș,18153,Vucova (Chevereşu Mare),Vucova,Chevereşu Mare
Timiș,18486,Zgribeşti (Ştiuca),Zgribeşti,Ştiuca
Timiș,18244,Zolt (Fârdea),Zolt,Fârdea
Timiș,18346,Zorani (Margina),Zorani,Margina
Vaslui,19731,1 Decembrie (Banca),1 Decembrie,Banca
Vaslui,19676,Albeşti,Albeşti,
Vaslui,19892,Albeşti (Deleşti),Albeşti,Deleşti
Vaslui,20029,Albina (Ivăneşti),Albina,Ivăneşti
Vaslui,19932,Albiţa (Drânceni),Albiţa,Drânceni
Vaslui,19700,Alexandru Vlahuţă (Alexandru Vlahuță),Alexandru Vlahuţă,Alexandru Vlahuță
Vaslui,19716,Armăşeni (Băceşti),Armăşeni,Băceşti
Vaslui,19801,Armăşeni (Buneşti-Avereşti),Armăşeni,Buneşti-Avereşti
Vaslui,20165,Armăşoaia (Pungeşti),Armăşoaia,Pungeşti
Vaslui,19760,Arşiţa (Bogdana),Arşiţa,Bogdana
Vaslui,19705,Arsura,Arsura,
Vaslui,19802,Avereşti (Buneşti-Avereşti),Avereşti,Buneşti-Avereşti
Vaslui,20332,Avrămeşti (Voineşti),Avrămeşti,Voineşti
Vaslui,19717,Băbuşa (Băceşti),Băbuşa,Băceşti
Vaslui,19909,Băbuţa (Dragomireşti),Băbuţa,Dragomireşti
Vaslui,19710,Băcani,Băcani,
Vaslui,20077,Băcăoani (Muntenii de Jos),Băcăoani,Muntenii de Jos
Vaslui,19718,Băceşti,Băceşti,
Vaslui,20283,Bădeana (Tutova),Bădeana,Tutova
Vaslui,20300,Bahnari (Vaslui),Bahnari,Vaslui
Vaslui,19933,Băile Drânceni (Drânceni),Băile Drânceni,Drânceni
Vaslui,19850,Băleşti (Cozmeşti),Băleşti,Cozmeşti
Vaslui,19711,Băltăţeni (Băcani),Băltăţeni,Băcani
Vaslui,20254,Bălţaţi (Tătărăni),Bălţaţi,Tătărăni
Vaslui,19723,Bălteni,Bălteni,
Vaslui,19724,Bălteni-Deal (Bălteni),Bălteni-Deal,Bălteni
Vaslui,19732,Banca,Banca,
Vaslui,20333,Bănceşti (Voineşti),Bănceşti,Voineşti
Vaslui,19999,Barboşi (Hoceni),Barboşi,Hoceni
Vaslui,19744,Bârlad,Bârlad,
Vaslui,19954,Bârlăleşti (Epureni),Bârlăleşti,Epureni
Vaslui,20144,Bărtăluş-Mocani (Puieşti),Bărtăluş-Mocani,Puieşti
Vaslui,20145,Bărtăluş-Răzeşi (Puieşti),Bărtăluş-Răzeşi,Puieşti
Vaslui,20216,Bârzeşti (Ştefan cel Mare),Bârzeşti,Ştefan cel Mare
Vaslui,20047,Bejeneşti (Laza),Bejeneşti,Laza
Vaslui,20132,Belceşti (Pogoneşti),Belceşti,Pogoneşti
Vaslui,19910,Belzeni (Dragomireşti),Belzeni,Dragomireşti
Vaslui,20251,Beneşti (Tanacu),Beneşti,Tanacu
Vaslui,19863,Bereasa (Dăneşti),Bereasa,Dăneşti
Vaslui,19746,Berezeni,Berezeni,
Vaslui,19752,Blăgeşti,Blăgeşti,
Vaslui,20030,Bleşca (Ivăneşti),Bleşca,Ivăneşti
Vaslui,19939,Bobeşti (Duda-Epureni),Bobeşti,Duda-Epureni
Vaslui,19761,Bogdana,Bogdana,
Vaslui,20208,Bogdana-Voloseni (Stănileşti),Bogdana-Voloseni,Stănileşti
Vaslui,19958,Bogdăneşti (Fălciu),Bogdăneşti,Fălciu
Vaslui,19784,Bogdăniţa,Bogdăniţa,
Vaslui,20126,Bogeşti (Pogana),Bogeşti,Pogana
Vaslui,20182,Bolaţi (Rebricea),Bolaţi,Rebricea
Vaslui,20122,Borodeşti (Pochidia),Borodeşti,Pochidia
Vaslui,19793,Boteşti (Boţeşti),Boteşti,Boţeşti
Vaslui,19864,Boţoaia (Dăneşti),Boţoaia,Dăneşti
Vaslui,19912,Boţoi (Dragomireşti),Boţoi,Dragomireşti
Vaslui,20200,Bouşori (Soleşti),Bouşori,Soleşti
Vaslui,19959,Bozia (Fălciu),Bozia,Fălciu
Vaslui,20323,Brădeşti (Vinderei),Brădeşti,Vinderei
Vaslui,20219,Brăhăşoaia (Ştefan cel Mare),Brăhăşoaia,Ştefan cel Mare
Vaslui,20301,Brodoc (Vaslui),Brodoc,Vaslui
Vaslui,20058,Broscoşeşti (Lunca Banului),Broscoşeşti,Lunca Banului
Vaslui,20031,Broşteni (Ivăneşti),Broşteni,Ivăneşti
Vaslui,19701,Buda (Alexandru Vlahuță),Buda,Alexandru Vlahuță
Vaslui,19774,Buda (Bogdăneşti),Buda,Bogdăneşti
Vaslui,20107,Buda (Oşeşti),Buda,Oşeşti
Vaslui,19857,Budeşti (Creţeşti),Budeşti,Creţeşti
Vaslui,20209,Budu Cantemir (Stănileşti),Budu Cantemir,Stănileşti
Vaslui,20356,Buhăieşti (Vultureşti),Buhăieşti,Vultureşti
Vaslui,19879,Bulboaca (Deleni),Bulboaca,Deleni
Vaslui,20307,Bumbăta (Vetrişoaia),Bumbăta,Vetrişoaia
Vaslui,19803,Buneşti (Buneşti-Avereşti),Buneşti,Buneşti-Avereşti
Vaslui,19804,Buneşti-Avereşti,Buneşti-Avereşti,
Vaslui,19955,Bursuci (Epureni),Bursuci,Epureni
Vaslui,20032,Buscata (Ivăneşti),Buscata,Ivăneşti
Vaslui,20376,Butucăria (Zăpodeni),Butucăria,Zăpodeni
Vaslui,20146,Călimăneşti (Puieşti),Călimăneşti,Puieşti
Vaslui,20220,Călugăreni (Ştefan cel Mare),Călugăreni,Ştefan cel Mare
Vaslui,20221,Cănţălăreşti (Ştefan cel Mare),Cănţălăreşti,Ştefan cel Mare
Vaslui,20112,Căpoteşti (Pădureni),Căpoteşti,Pădureni
Vaslui,20052,Căpuşneni (Lipovăţ),Căpuşneni,Lipovăţ
Vaslui,20084,Cârja (Murgeni),Cârja,Murgeni
Vaslui,20127,Cârjoani (Pogana),Cârjoani,Pogana
Vaslui,19785,Cârţibaşi (Bogdăniţa),Cârţibaşi,Bogdăniţa
Vaslui,20092,Căzăneşti (Negreşti),Căzăneşti,Negreşti
Vaslui,19786,Cepeşti (Bogdăniţa),Cepeşti,Bogdăniţa
Vaslui,20147,Cetăţuia (Puieşti),Cetăţuia,Puieşti
Vaslui,20210,Chersăcosu (Stănileşti),Chersăcosu,Stănileşti
Vaslui,19725,Chetreşti (Bălteni),Chetreşti,Bălteni
Vaslui,19983,Chetrosu (Ghergheşti),Chetrosu,Ghergheşti
Vaslui,19820,Chilieni (Coroieşti),Chilieni,Coroieşti
Vaslui,20073,Chirceşti (Micleşti),Chirceşti,Micleşti
Vaslui,19831,Chiţcani (Costeşti),Chiţcani,Costeşti
Vaslui,20053,Chiţoc (Lipovăţ),Chiţoc,Lipovăţ
Vaslui,20093,Cioatele (Negreşti),Cioatele,Negreşti
Vaslui,19810,Ciocani,Ciocani,
Vaslui,20377,Ciofeni (Zăpodeni),Ciofeni,Zăpodeni
Vaslui,20284,Ciortolom (Tutova),Ciortolom,Tutova
Vaslui,19913,Ciuperca (Dragomireşti),Ciuperca,Dragomireşti
Vaslui,19815,Codăeşti,Codăeşti,
Vaslui,20192,Codreni (Roşieşti),Codreni,Roşieşti
Vaslui,20059,Condrea (Lunca Banului),Condrea,Lunca Banului
Vaslui,19960,Copăceana (Fălciu),Copăceana,Fălciu
Vaslui,20054,Corbu (Lipovăţ),Corbu,Lipovăţ
Vaslui,19682,Corni-Albeşti (Albeşti),Corni-Albeşti,Albeşti
Vaslui,20334,Corobăneşti (Voineşti),Corobăneşti,Voineşti
Vaslui,19984,Corodeşti (Ghergheşti),Corodeşti,Ghergheşti
Vaslui,19787,Coroieşti (Bogdăniţa),Coroieşti,Bogdăniţa
Vaslui,19821,Coroieşti,Coroieşti,
Vaslui,19822,Coroieştii de Sus (Coroieşti),Coroieştii de Sus,Coroieşti
Vaslui,20285,Coroiu (Tutova),Coroiu,Tutova
Vaslui,20033,Coşca (Ivăneşti),Coşca,Ivăneşti
Vaslui,20034,Coşeşti (Ivăneşti),Coşeşti,Ivăneşti
Vaslui,19832,Costeşti,Costeşti,
Vaslui,20269,Cotic (Todireşti),Cotic,Todireşti
Vaslui,19851,Cozmeşti,Cozmeşti,
Vaslui,20183,Crăciuneşti (Rebricea),Crăciuneşti,Rebricea
Vaslui,19811,Crâng (Ciocani),Crâng,Ciocani
Vaslui,19812,Crângu Nou (Ciocani),Crângu Nou,Ciocani
Vaslui,19686,Crasna (Albeşti),Crasna,Albeşti
Vaslui,20256,Crăsnăşeni (Tătărăni),Crăsnăşeni,Tătărăni
Vaslui,19858,Creţeşti,Creţeşti,
Vaslui,19859,Creţeştii de Sus (Creţeşti),Creţeştii de Sus,Creţeşti
Vaslui,20148,Cristeşti (Puieşti),Cristeşti,Puieşti
Vaslui,20286,Criveşti (Tutova),Criveşti,Tutova
Vaslui,20242,Cujba (Tăcuta),Cujba,Tăcuta
Vaslui,20166,Curseşti-Deal (Pungeşti),Curseşti-Deal,Pungeşti
Vaslui,20167,Curseşti-Vale (Pungeşti),Curseşti-Vale,Pungeşti
Vaslui,20100,Curteni (Olteneşti),Curteni,Olteneşti
Vaslui,19868,Dăneşti,Dăneşti,
Vaslui,20113,Davideşti (Pădureni),Davideşti,Pădureni
Vaslui,20386,Dealu Mare (Zorleni),Dealu Mare,Zorleni
Vaslui,20136,Dealu Secării (Poieneşti),Dealu Secării,Poieneşti
Vaslui,20378,Delea (Zăpodeni),Delea,Zăpodeni
Vaslui,19880,Deleni,Deleni,
Vaslui,20000,Deleni (Hoceni),Deleni,Hoceni
Vaslui,19893,Deleşti,Deleşti,
Vaslui,19899,Dimitrie Cantemir,Dimitrie Cantemir,
Vaslui,19833,Dinga (Costeşti),Dinga,Costeşti
Vaslui,19915,Doagele (Dragomireşti),Doagele,Dragomireşti
Vaslui,20379,Dobrosloveşti (Zăpodeni),Dobrosloveşti,Zăpodeni
Vaslui,20324,Docăneasa (Vinderei),Docăneasa,Vinderei
Vaslui,20325,Docani (Vinderei),Docani,Vinderei
Vaslui,19906,Dodeşti,Dodeşti,
Vaslui,20270,Drăgeşti (Todireşti),Drăgeşti,Todireşti
Vaslui,19985,Dragomăneşti (Ghergheşti),Dragomăneşti,Ghergheşti
Vaslui,19916,Dragomireşti,Dragomireşti,
Vaslui,19934,Drânceni,Drânceni,
Vaslui,19986,Drăxeni (Ghergheşti),Drăxeni,Ghergheşti
Vaslui,20184,Drăxeni (Rebricea),Drăxeni,Rebricea
Vaslui,19712,Drujeşti (Băcani),Drujeşti,Băcani
Vaslui,19940,Duda (Duda-Epureni),Duda,Duda-Epureni
Vaslui,19941,Duda-Epureni,Duda-Epureni,
Vaslui,20243,Dumasca (Tăcuta),Dumasca,Tăcuta
Vaslui,19976,Dumbrăveni (Gârceni),Dumbrăveni,Gârceni
Vaslui,19947,Dumeşti,Dumeşti,
Vaslui,19948,Dumeştii Vechi (Dumeşti),Dumeştii Vechi,Dumeşti
Vaslui,19869,Emil Racoviţă (Dăneşti),Emil Racoviţă,Dăneşti
Vaslui,19942,Epureni (Duda-Epureni),Epureni,Duda-Epureni
Vaslui,20960,Epureni,Epureni,
Vaslui,19961,Fălciu,Fălciu,
Vaslui,19763,Fântâna Blănarului (Bogdana),Fântâna Blănarului,Bogdana
Vaslui,20150,Fântânele (Puieşti),Fântânele,Puieşti
Vaslui,19852,Fâstâci (Cozmeşti),Fâstâci,Cozmeşti
Vaslui,20237,Fedeşti (Şuletea),Fedeşti,Şuletea
Vaslui,19965,Fereşti,Fereşti,
Vaslui,20085,Floreni (Murgeni),Floreni,Murgeni
Vaslui,20137,Floreşti (Poieneşti),Floreşti,Poieneşti
Vaslui,20060,Focşa (Lunca Banului),Focşa,Lunca Banului
Vaslui,20244,Focşeasca (Tăcuta),Focşeasca,Tăcuta
Vaslui,20138,Frasinu (Poieneşti),Frasinu,Poieneşti
Vaslui,19967,Fruntişeni,Fruntişeni,
Vaslui,20151,Fulgu (Puieşti),Fulgu,Puieşti
Vaslui,19706,Fundătura (Arsura),Fundătura,Arsura
Vaslui,19894,Fundătura (Deleşti),Fundătura,Deleşti
Vaslui,20035,Fundătura Mare (Ivăneşti),Fundătura Mare,Ivăneşti
Vaslui,20036,Fundătura Mică (Ivăneşti),Fundătura Mică,Ivăneşti
Vaslui,20055,Fundu Văii (Lipovăţ),Fundu Văii,Lipovăţ
Vaslui,20139,Fundu Văii (Poieneşti),Fundu Văii,Poieneşti
Vaslui,19970,Găgeşti,Găgeşti,
Vaslui,20152,Gâlţeşti (Puieşti),Gâlţeşti,Puieşti
Vaslui,19794,Găneşti (Boţeşti),Găneşti,Boţeşti
Vaslui,19733,Gara Banca (Banca),Gara Banca,Banca
Vaslui,20326,Gara Docăneasa (Vinderei),Gara Docăneasa,Vinderei
Vaslui,20193,Gara Roşieşti (Roşieşti),Gara Roşieşti,Roşieşti
Vaslui,20327,Gara Tălăşman (Vinderei),Gara Tălăşman,Vinderei
Vaslui,19977,Gârceni,Gârceni,
Vaslui,20335,Gârdeşti (Voineşti),Gârdeşti,Voineşti
Vaslui,19764,Găvanu (Bogdana),Găvanu,Bogdana
Vaslui,19816,Ghergheleu (Codăeşti),Ghergheleu,Codăeşti
Vaslui,19987,Ghergheşti,Ghergheşti,
Vaslui,19734,Ghermăneşti (Banca),Ghermăneşti,Banca
Vaslui,19935,Ghermăneşti (Drânceni),Ghermăneşti,Drânceni
Vaslui,19702,Ghicani (Alexandru Vlahuță),Ghicani,Alexandru Vlahuță
Vaslui,20066,Ghireasca (Măluşteni),Ghireasca,Măluşteni
Vaslui,19971,Giurcani (Găgeşti),Giurcani,Găgeşti
Vaslui,20258,Giurgeşti (Tătărăni),Giurgeşti,Tătărăni
Vaslui,20094,Glodeni (Negreşti),Glodeni,Negreşti
Vaslui,19968,Grăjdeni (Fruntişeni),Grăjdeni,Fruntişeni
Vaslui,19994,Griviţa,Griviţa,
Vaslui,19900,Grumezoaia (Dimitrie Cantemir),Grumezoaia,Dimitrie Cantemir
Vaslui,19795,Gugeşti (Boţeşti),Gugeşti,Boţeşti
Vaslui,19687,Gura Albeşti (Albeşti),Gura Albeşti,Albeşti
Vaslui,20194,Gura Idrici (Roşieşti),Gura Idrici,Roşieşti
Vaslui,20211,Gura Văii (Stănileşti),Gura Văii,Stănileşti
Vaslui,19901,Guşiţei (Dimitrie Cantemir),Guşiţei,Dimitrie Cantemir
Vaslui,20009,Hălăreşti (Iana),Hălăreşti,Iana
Vaslui,20311,Halta Dodeşti (Viișoara),Halta Dodeşti,Viișoara
Vaslui,19895,Hârşova (Deleşti),Hârşova,Deleşti
Vaslui,20037,Hârşoveni (Ivăneşti),Hârşoveni,Ivăneşti
Vaslui,20001,Hoceni,Hoceni,
Vaslui,20168,Hordila (Pungeşti),Hordila,Pungeşti
Vaslui,19853,Hordileşti (Cozmeşti),Hordileşti,Cozmeşti
Vaslui,19956,Horga (Epureni),Horga,Epureni
Vaslui,19776,Horoiata (Bogdăneşti),Horoiata,Bogdăneşti
Vaslui,19823,Hreasca (Coroieşti),Hreasca,Coroieşti
Vaslui,20271,Huc (Todireşti),Huc,Todireşti
Vaslui,19777,Hupca (Bogdăneşti),Hupca,Bogdăneşti
Vaslui,19902,Hurdugi (Dimitrie Cantemir),Hurdugi,Dimitrie Cantemir
Vaslui,20007,Huşi,Huşi,
Vaslui,20010,Iana,Iana,
Vaslui,20201,Iaz (Soleşti),Iaz,Soleşti
Vaslui,20019,Ibăneşti,Ibăneşti,
Vaslui,20195,Idrici (Roşieşti),Idrici,Roşieşti
Vaslui,20153,Iezer (Puieşti),Iezer,Puieşti
Vaslui,20038,Iezerel (Ivăneşti),Iezerel,Ivăneşti
Vaslui,19754,Igeşti (Blăgeşti),Igeşti,Blăgeşti
Vaslui,20039,Ivăneşti,Ivăneşti,
Vaslui,20114,Ivăneşti (Pădureni),Ivăneşti,Pădureni
Vaslui,20045,Iveşti,Iveşti,
Vaslui,20238,Jigălia (Şuletea),Jigălia,Şuletea
Vaslui,19765,Lacu Babei (Bogdana),Lacu Babei,Bogdana
Vaslui,20154,Lăleşti (Puieşti),Lăleşti,Puieşti
Vaslui,20086,Lăţeşti (Murgeni),Lăţeşti,Murgeni
Vaslui,20048,Laza,Laza,
Vaslui,19988,Lazu (Ghergheşti),Lazu,Ghergheşti
Vaslui,20115,Leoşti (Pădureni),Leoşti,Pădureni
Vaslui,20259,Leoşti (Tătărăni),Leoşti,Tătărăni
Vaslui,20056,Lipovăţ,Lipovăţ,
Vaslui,19989,Lunca (Ghergheşti),Lunca,Ghergheşti
Vaslui,20061,Lunca Banului,Lunca Banului,
Vaslui,20062,Lunca Veche (Lunca Banului),Lunca Veche,Lunca Banului
Vaslui,20067,Lupeşti (Măluşteni),Lupeşti,Măluşteni
Vaslui,20185,Măcreşti (Rebricea),Măcreşti,Rebricea
Vaslui,20380,Măcreşti (Zăpodeni),Măcreşti,Zăpodeni
Vaslui,20372,Mălăieşti (Vutcani),Mălăieşti,Vutcani
Vaslui,20068,Măluşteni,Măluşteni,
Vaslui,19896,Mănăstirea (Deleşti),Mănăstirea,Deleşti
Vaslui,20069,Mănăstirea (Măluşteni),Mănăstirea,Măluşteni
Vaslui,20078,Mânjeşti (Muntenii de Jos),Mânjeşti,Muntenii de Jos
Vaslui,20260,Manţu (Tătărăni),Manţu,Tătărăni
Vaslui,20070,Mânzăteşti (Măluşteni),Mânzăteşti,Măluşteni
Vaslui,20022,Mânzaţi (Ibăneşti),Mânzaţi,Ibăneşti
Vaslui,20229,Mărăşeni (Ştefan cel Mare),Mărăşeni,Ştefan cel Mare
Vaslui,20342,Mărăşeşti (Voineşti),Mărăşeşti,Voineşti
Vaslui,20128,Măscurei (Pogana),Măscurei,Pogana
Vaslui,19735,Micleşti (Banca),Micleşti,Banca
Vaslui,20074,Micleşti,Micleşti,
Vaslui,19707,Mihail Kogălniceanu (Arsura),Mihail Kogălniceanu,Arsura
Vaslui,20245,Mirceşti (Tăcuta),Mirceşti,Tăcuta
Vaslui,19824,Mireni (Coroieşti),Mireni,Coroieşti
Vaslui,19736,Mitoc (Banca),Mitoc,Banca
Vaslui,20293,Moara Domnească (Văleni),Moara Domnească,Văleni
Vaslui,20302,Moara Grecilor (Vaslui),Moara Grecilor,Vaslui
Vaslui,19703,Morăreni (Alexandru Vlahuță),Morăreni,Alexandru Vlahuță
Vaslui,19884,Moreni (Deleni),Moreni,Deleni
Vaslui,19825,Movileni (Coroieşti),Movileni,Coroieşti
Vaslui,20230,Munteneşti (Ştefan cel Mare),Munteneşti,Ştefan cel Mare
Vaslui,20079,Muntenii de Jos,Muntenii de Jos,
Vaslui,20082,Muntenii de Sus,Muntenii de Sus,
Vaslui,20087,Murgeni,Murgeni,
Vaslui,19747,Muşata (Berezeni),Muşata,Berezeni
Vaslui,20095,Negreşti,Negreşti,
Vaslui,20328,Obârşeni (Vinderei),Obârşeni,Vinderei
Vaslui,20343,Obârşeni (Voineşti),Obârşeni,Voineşti
Vaslui,20344,Obârşenii Lingurari (Voineşti),Obârşenii Lingurari,Voineşti
Vaslui,19962,Odaia Bogdana (Fălciu),Odaia Bogdana,Fălciu
Vaslui,19995,Odaia Bursucani (Griviţa),Odaia Bursucani,Griviţa
Vaslui,20101,Olteneşti,Olteneşti,
Vaslui,20140,Oprişiţa (Poieneşti),Oprişiţa,Poieneşti
Vaslui,19778,Orgoieşti (Bogdăneşti),Orgoieşti,Bogdăneşti
Vaslui,20108,Oşeşti,Oşeşti,
Vaslui,20002,Oţeleni (Hoceni),Oţeleni,Hoceni
Vaslui,20063,Oţetoaia (Lunca Banului),Oţetoaia,Lunca Banului
Vaslui,19826,Păcurăreşti (Coroieşti),Păcurăreşti,Coroieşti
Vaslui,20109,Pădureni (Oşeşti),Pădureni,Oşeşti
Vaslui,20951,Pădureni,Pădureni,
Vaslui,20102,Pâhna (Olteneşti),Pâhna,Olteneşti
Vaslui,19708,Pâhneşti (Arsura),Pâhneşti,Arsura
Vaslui,19719,Păltiniş (Băceşti),Păltiniş,Băceşti
Vaslui,20096,Parpaniţa (Negreşti),Parpaniţa,Negreşti
Vaslui,19838,Pârveşti (Costeşti),Pârveşti,Costeşti
Vaslui,19972,Peicani (Găgeşti),Peicani,Găgeşti
Vaslui,20120,Perieni,Perieni,
Vaslui,19766,Plopeni (Bogdana),Plopeni,Bogdana
Vaslui,19805,Plopi (Buneşti-Avereşti),Plopi,Buneşti-Avereşti
Vaslui,20273,Plopoasa (Todireşti),Plopoasa,Todireşti
Vaslui,19903,Plotoneşti (Dimitrie Cantemir),Plotoneşti,Dimitrie Cantemir
Vaslui,20123,Pochidia,Pochidia,
Vaslui,20365,Podeni (Vultureşti),Podeni,Vultureşti
Vaslui,19806,Podu Oprii (Buneşti-Avereşti),Podu Oprii,Buneşti-Avereşti
Vaslui,19813,Podu Pietriş (Ciocani),Podu Pietriş,Ciocani
Vaslui,20129,Pogana,Pogana,
Vaslui,20212,Pogăneşti (Stănileşti),Pogăneşti,Stănileşti
Vaslui,20133,Pogoneşti,Pogoneşti,
Vaslui,20097,Poiana (Negreşti),Poiana,Negreşti
Vaslui,20175,Poiana lui Alexa (Puşcaşi),Poiana lui Alexa,Puşcaşi
Vaslui,19921,Poiana Pietrei (Dragomireşti),Poiana Pietrei,Dragomireşti
Vaslui,20141,Poieneşti,Poieneşti,
Vaslui,20142,Poieneşti-Deal (Poieneşti),Poieneşti-Deal,Poieneşti
Vaslui,20134,Polocin (Pogoneşti),Polocin,Pogoneşti
Vaslui,19973,Popeni (Găgeşti),Popeni,Găgeşti
Vaslui,20387,Popeni (Zorleni),Popeni,Zorleni
Vaslui,19922,Popeşti (Dragomireşti),Popeşti,Dragomireşti
Vaslui,20075,Popeşti (Micleşti),Popeşti,Micleşti
Vaslui,20381,Portari (Zăpodeni),Portari,Zăpodeni
Vaslui,20373,Poşta Elan (Vutcani),Poşta Elan,Vutcani
Vaslui,19817,Pribeşti (Codăeşti),Pribeşti,Codăeşti
Vaslui,20246,Protopopeşti (Tăcuta),Protopopeşti,Tăcuta
Vaslui,20159,Puieşti,Puieşti,
Vaslui,20169,Pungeşti,Pungeşti,
Vaslui,19843,Puntişeni (Costeşti),Puntişeni,Costeşti
Vaslui,20176,Puşcaşi,Puşcaşi,
Vaslui,20024,Puţu Olarului (Ibăneşti),Puţu Olarului,Ibăneşti
Vaslui,19978,Racova (Gârceni),Racova,Gârceni
Vaslui,19979,Racoviţa (Gârceni),Racoviţa,Gârceni
Vaslui,19788,Rădăeşti (Bogdăniţa),Rădăeşti,Bogdăniţa
Vaslui,19923,Rădeni (Dragomireşti),Rădeni,Dragomireşti
Vaslui,19844,Rădeşti (Costeşti),Rădeşti,Costeşti
Vaslui,20064,Răducani (Lunca Banului),Răducani,Lunca Banului
Vaslui,19897,Răduieşti (Deleşti),Răduieşti,Deleşti
Vaslui,20180,Rafaila,Rafaila,
Vaslui,20088,Raiu (Murgeni),Raiu,Murgeni
Vaslui,19748,Rânceni (Berezeni),Rânceni,Berezeni
Vaslui,19963,Rânzeşti (Fălciu),Rânzeşti,Fălciu
Vaslui,20170,Rapşa (Pungeşti),Rapşa,Pungeşti
Vaslui,19871,Răşcani (Dăneşti),Răşcani,Dăneşti
Vaslui,20239,Răşcani (Şuletea),Răşcani,Şuletea
Vaslui,19936,Râşeşti (Drânceni),Râşeşti,Drânceni
Vaslui,20049,Râşniţa (Laza),Râşniţa,Laza
Vaslui,20186,Rateşu Cuzei (Rebricea),Rateşu Cuzei,Rebricea
Vaslui,20187,Rebricea,Rebricea,
Vaslui,20011,Recea (Iana),Recea,Iana
Vaslui,20003,Rediu (Hoceni),Rediu,Hoceni
Vaslui,20196,Rediu (Roşieşti),Rediu,Roşieşti
Vaslui,20303,Rediu (Vaslui),Rediu,Vaslui
Vaslui,19818,Rediu Galian (Codăeşti),Rediu Galian,Codăeşti
Vaslui,20197,Roşieşti,Roşieşti,
Vaslui,19807,Roşiori (Buneşti-Avereşti),Roşiori,Buneşti-Avereşti
Vaslui,20162,Rotari (Puieşti),Rotari,Puieşti
Vaslui,20346,Rugăria (Voineşti),Rugăria,Voineşti
Vaslui,20116,Rusca (Pădureni),Rusca,Pădureni
Vaslui,20163,Ruşi (Puieşti),Ruşi,Puieşti
Vaslui,20124,Sălceni (Pochidia),Sălceni,Pochidia
Vaslui,19737,Sălcioara (Banca),Sălcioara,Banca
Vaslui,20089,Sărăţeni (Murgeni),Sărăţeni,Murgeni
Vaslui,20213,Săratu (Stănileşti),Săratu,Stănileşti
Vaslui,19738,Sârbi (Banca),Sârbi,Banca
Vaslui,20188,Sasova (Rebricea),Sasova,Rebricea
Vaslui,19739,Satu Nou (Banca),Satu Nou,Banca
Vaslui,19749,Satu Nou (Berezeni),Satu Nou,Berezeni
Vaslui,19860,Satu Nou (Creţeşti),Satu Nou,Creţeşti
Vaslui,20202,Satu Nou (Soleşti),Satu Nou,Soleşti
Vaslui,20247,Satu Nou (Tăcuta),Satu Nou,Tăcuta
Vaslui,20287,Satu Nou (Tutova),Satu Nou,Tutova
Vaslui,20050,Sauca (Laza),Sauca,Laza
Vaslui,20090,Schineni (Murgeni),Schineni,Murgeni
Vaslui,19951,Schinetea (Dumeşti),Schinetea,Dumeşti
Vaslui,19789,Schitu (Bogdăniţa),Schitu,Bogdăniţa
Vaslui,20080,Secuia (Muntenii de Jos),Secuia,Muntenii de Jos
Vaslui,19925,Semenea (Dragomireşti),Semenea,Dragomireşti
Vaslui,20203,Şerboteşti (Soleşti),Şerboteşti,Soleşti
Vaslui,20012,Siliştea (Iana),Siliştea,Iana
Vaslui,20171,Siliştea (Pungeşti),Siliştea,Pungeşti
Vaslui,20275,Siliştea (Todireşti),Siliştea,Todireşti
Vaslui,20388,Simila (Zorleni),Simila,Zorleni
Vaslui,19767,Similişoara (Bogdana),Similişoara,Bogdana
Vaslui,19756,Sipeni (Blăgeşti),Sipeni,Blăgeşti
Vaslui,20004,Şişcani (Hoceni),Şişcani,Hoceni
Vaslui,19980,Slobozia (Gârceni),Slobozia,Gârceni
Vaslui,19990,Soci (Ghergheşti),Soci,Ghergheşti
Vaslui,20248,Sofieni (Tăcuta),Sofieni,Tăcuta
Vaslui,20276,Sofroneşti (Todireşti),Sofroneşti,Todireşti
Vaslui,20204,Soleşti,Soleşti,
Vaslui,19937,Şopârleni (Drânceni),Şopârleni,Drânceni
Vaslui,20349,Stâncăşeni (Voineşti),Stâncăşeni,Voineşti
Vaslui,20214,Stănileşti,Stănileşti,
Vaslui,20234,Ştefan cel Mare,Ştefan cel Mare,
Vaslui,20172,Stejaru (Pungeşti),Stejaru,Pungeşti
Vaslui,20205,Ştioborăni (Soleşti),Ştioborăni,Soleşti
Vaslui,19740,Stoişeşti (Banca),Stoişeşti,Banca
Vaslui,19741,Strâmtura-Mitoc (Banca),Strâmtura-Mitoc,Banca
Vaslui,20262,Stroieşti (Tătărăni),Stroieşti,Tătărăni
Vaslui,19750,Stuhuleţ (Berezeni),Stuhuleţ,Berezeni
Vaslui,19768,Suceveni (Bogdana),Suceveni,Bogdana
Vaslui,20240,Şuletea,Şuletea,
Vaslui,19713,Suseni (Băcani),Suseni,Băcani
Vaslui,19808,Tăbălăieşti (Buneşti-Avereşti),Tăbălăieşti,Buneşti-Avereşti
Vaslui,20249,Tăcuta,Tăcuta,
Vaslui,19798,Tălpigeni (Boţeşti),Tălpigeni,Boţeşti
Vaslui,20252,Tanacu,Tanacu,
Vaslui,20103,Târzii (Olteneşti),Târzii,Olteneşti
Vaslui,19874,Tătărăni (Dăneşti),Tătărăni,Dăneşti
Vaslui,20263,Tătărăni,Tătărăni,
Vaslui,20189,Tatomireşti (Rebricea),Tatomireşti,Rebricea
Vaslui,20177,Teişoru (Puşcaşi),Teişoru,Puşcaşi
Vaslui,20382,Telejna (Zăpodeni),Telejna,Zăpodeni
Vaslui,19720,Ţibăneştii Buhlii (Băceşti),Ţibăneştii Buhlii,Băceşti
Vaslui,19742,Ţifu (Banca),Ţifu,Banca
Vaslui,20117,Todireni (Pădureni),Todireni,Pădureni
Vaslui,20279,Todireşti,Todireşti,
Vaslui,20130,Tomeşti (Pogana),Tomeşti,Pogana
Vaslui,20005,Tomşa (Hoceni),Tomşa,Hoceni
Vaslui,20173,Toporăşti (Pungeşti),Toporăşti,Pungeşti
Vaslui,19997,Trestiana (Griviţa),Trestiana,Griviţa
Vaslui,19981,Trohan (Gârceni),Trohan,Gârceni
Vaslui,20190,Tufeştii de Jos (Rebricea),Tufeştii de Jos,Rebricea
Vaslui,19926,Tuleşti (Dragomireşti),Tuleşti,Dragomireşti
Vaslui,19790,Tunseşti (Bogdăniţa),Tunseşti,Bogdăniţa
Vaslui,19974,Tupilaţi (Găgeşti),Tupilaţi,Găgeşti
Vaslui,20071,Ţuţcani (Măluşteni),Ţuţcani,Măluşteni
Vaslui,20288,Tutova,Tutova,
Vaslui,19779,Ulea (Bogdăneşti),Ulea,Bogdăneşti
Vaslui,20383,Unceşti (Zăpodeni),Unceşti,Zăpodeni
Vaslui,19780,Unţeşti (Bogdăneşti),Unţeşti,Bogdăneşti
Vaslui,19907,Urdeşti (Dodeşti),Urdeşti,Dodeşti
Vaslui,20351,Uricari (Voineşti),Uricari,Voineşti
Vaslui,19904,Urlaţi (Dimitrie Cantemir),Urlaţi,Dimitrie Cantemir
Vaslui,20040,Ursoaia (Ivăneşti),Ursoaia,Ivăneşti
Vaslui,20013,Vadurile (Iana),Vadurile,Iana
Vaslui,20110,Vâlcele (Oşeşti),Vâlcele,Oşeşti
Vaslui,19943,Valea Grecului (Duda-Epureni),Valea Grecului,Duda-Epureni
Vaslui,20264,Valea lui Bosie (Tătărăni),Valea lui Bosie,Tătărăni
Vaslui,20198,Valea lui Darie (Roşieşti),Valea lui Darie,Roşieşti
Vaslui,20329,Valea Lungă (Vinderei),Valea Lungă,Vinderei
Vaslui,19991,Valea Lupului (Ghergheşti),Valea Lupului,Ghergheşti
Vaslui,19952,Valea Mare (Dumeşti),Valea Mare,Dumeşti
Vaslui,20041,Valea Mare (Ivăneşti),Valea Mare,Ivăneşti
Vaslui,20098,Valea Mare (Negreşti),Valea Mare,Negreşti
Vaslui,20042,Valea Oanei (Ivăneşti),Valea Oanei,Ivăneşti
Vaslui,20280,Valea Popii (Todireşti),Valea Popii,Todireşti
Vaslui,20265,Valea Seacă (Tătărăni),Valea Seacă,Tătărăni
Vaslui,20206,Valea Siliştei (Soleşti),Valea Siliştei,Soleşti
Vaslui,20178,Valea Târgului (Puşcaşi),Valea Târgului,Puşcaşi
Vaslui,20118,Văleni (Pădureni),Văleni,Pădureni
Vaslui,20955,Văleni,Văleni,
Vaslui,20318,Văleni (Viișoara),Văleni,Viișoara
Vaslui,20304,Vaslui,Vaslui,
Vaslui,19771,Verdeş (Bogdana),Verdeş,Bogdana
Vaslui,20308,Vetrişoaia,Vetrişoaia,
Vaslui,20281,Viişoara (Todireşti),Viişoara,Todireşti
Vaslui,20305,Viişoara (Vaslui),Viişoara,Vaslui
Vaslui,20321,Viltoteşti (Viișoara),Viltoteşti,Viișoara
Vaslui,20330,Vinderei,Vinderei,
Vaslui,20104,Vineţeşti (Olteneşti),Vineţeşti,Olteneşti
Vaslui,19781,Vişinari (Bogdăneşti),Vişinari,Bogdăneşti
Vaslui,20289,Vizureni (Tutova),Vizureni,Tutova
Vaslui,19782,Vlădeşti (Bogdăneşti),Vlădeşti,Bogdăneşti
Vaslui,19930,Vladia (Dragomireşti),Vladia,Dragomireşti
Vaslui,20353,Voineşti,Voineşti,
Vaslui,20369,Voineşti (Vultureşti),Voineşti,Vultureşti
Vaslui,19721,Vovrieşti (Băceşti),Vovrieşti,Băceşti
Vaslui,19714,Vulpăşeni (Băcani),Vulpăşeni,Băcani
Vaslui,20370,Vultureşti,Vultureşti,
Vaslui,20374,Vutcani,Vutcani,
Vaslui,20384,Zăpodeni,Zăpodeni,
Vaslui,20105,Zgura (Olteneşti),Zgura,Olteneşti
Vaslui,19890,Zizinca (Deleni),Zizinca,Deleni
Vaslui,20389,Zorleni,Zorleni,
Vrancea,20392,Adjud,Adjud,
Vrancea,20393,Adjudu Vechi (Adjud),Adjudu Vechi,Adjud
Vrancea,20505,Alexandru Vlahuţă (Dumbrăveni),Alexandru Vlahuţă,Dumbrăveni
Vrancea,20397,Andreiaşu de Jos,Andreiaşu de Jos,
Vrancea,20398,Andreiaşu de Sus (Andreiaşu de Jos),Andreiaşu de Sus,Andreiaşu de Jos
Vrancea,20752,Angheleşti (Rugineşti),Angheleşti,Rugineşti
Vrancea,20697,Argea (Ploscuţeni),Argea,Ploscuţeni
Vrancea,20769,Armeni (Slobozia Ciorăşti),Armeni,Slobozia Ciorăşti
Vrancea,20399,Arşiţa (Andreiaşu de Jos),Arşiţa,Andreiaşu de Jos
Vrancea,20440,Arva (Broşteni),Arva,Broşteni
Vrancea,20917,Bahnele (Vintileasca),Bahnele,Vintileasca
Vrancea,20569,Bălăneşti (Gura Caliţei),Bălăneşti,Gura Caliţei
Vrancea,20405,Băleşti,Băleşti,
Vrancea,20842,Balta Raţei (Vânători),Balta Raţei,Vânători
Vrancea,20415,Bârseşti,Bârseşti,
Vrancea,20648,Bâtcari (Nistoreşti),Bâtcari,Nistoreşti
Vrancea,20815,Bătineşti (Ţifeşti),Bătineşti,Ţifeşti
Vrancea,20860,Beciu (Vârteşcoiu),Beciu,Vârteşcoiu
Vrancea,20595,Belciugele (Măicăneşti),Belciugele,Măicăneşti
Vrancea,20514,Biceştii de Jos (Dumitreşti),Biceştii de Jos,Dumitreşti
Vrancea,20515,Biceştii de Sus (Dumitreşti),Biceştii de Sus,Dumitreşti
Vrancea,20420,Bicheşti (Bogheşti),Bicheşti,Bogheşti
Vrancea,20418,Bilieşti,Bilieşti,
Vrancea,20541,Bizigheşti (Garoafa),Bizigheşti,Garoafa
Vrancea,20468,Blidari (Cârligele),Blidari,Cârligele
Vrancea,20516,Blidari (Dumitreşti),Blidari,Dumitreşti
Vrancea,20931,Bodeşti (Vrâncioaia),Bodeşti,Vrâncioaia
Vrancea,20421,Bogheşti,Bogheşti,
Vrancea,20422,Bogheştii de Sus (Bogheşti),Bogheştii de Sus,Bogheşti
Vrancea,20757,Bogza (Sihlea),Bogza,Sihlea
Vrancea,20430,Boloteşti,Boloteşti,
Vrancea,20469,Bonţeşti (Cârligele),Bonţeşti,Cârligele
Vrancea,20809,Bordeasca Nouă (Tătăranu),Bordeasca Nouă,Tătăranu
Vrancea,20810,Bordeasca Veche (Tătăranu),Bordeasca Veche,Tătăranu
Vrancea,20437,Bordeşti,Bordeşti,
Vrancea,20438,Bordeştii de Jos (Bordeşti),Bordeştii de Jos,Bordeşti
Vrancea,20938,Boţârlău (Vulturu),Boţârlău,Vulturu
Vrancea,20642,Brădăceşti (Nereju),Brădăceşti,Nereju
Vrancea,20649,Brădetu (Nistoreşti),Brădetu,Nistoreşti
Vrancea,20441,Broşteni,Broşteni,
Vrancea,20490,Buda (Corbiţa),Buda,Corbiţa
Vrancea,20500,Budeşti (Coteşti),Budeşti,Coteşti
Vrancea,20871,Burca (Vidra),Burca,Vidra
Vrancea,20394,Burcioaia (Adjud),Burcioaia,Adjud
Vrancea,20758,Căiata (Sihlea),Căiata,Sihlea
Vrancea,20628,Călienii Noi (Năneşti),Călienii Noi,Năneşti
Vrancea,20629,Călienii Vechi (Năneşti),Călienii Vechi,Năneşti
Vrancea,20798,Călimăneasa (Tănăsoaia),Călimăneasa,Tănăsoaia
Vrancea,20602,Călimăneşti (Mărăşeşti),Călimăneşti,Mărăşeşti
Vrancea,20458,Câmpineanca,Câmpineanca,
Vrancea,20462,Câmpuri,Câmpuri,
Vrancea,20506,Cândeşti (Dumbrăveni),Cândeşti,Dumbrăveni
Vrancea,20470,Cârligele,Cârligele,
Vrancea,20777,Carşocheşti-Corăbiţa (Spulber),Carşocheşti-Corăbiţa,Spulber
Vrancea,20473,Cătăuţi (Chiojdeni),Cătăuţi,Chiojdeni
Vrancea,20552,Ceardac (Goleşti),Ceardac,Goleşti
Vrancea,20589,Cerbu (Jitia),Cerbu,Jitia
Vrancea,20474,Chiojdeni,Chiojdeni,
Vrancea,20643,Chiricani (Nereju),Chiricani,Nereju
Vrancea,20423,Chiţcani (Bogheşti),Chiţcani,Bogheşti
Vrancea,20531,Ciolăneşti (Fitioneşti),Ciolăneşti,Fitioneşti
Vrancea,20732,Ciorani (Pufeşti),Ciorani,Pufeşti
Vrancea,20482,Ciorăşti,Ciorăşti,
Vrancea,20542,Ciuşlea (Garoafa),Ciuşlea,Garoafa
Vrancea,20816,Clipiceşti (Ţifeşti),Clipiceşti,Ţifeşti
Vrancea,20570,Cocoşari (Gura Caliţei),Cocoşari,Gura Caliţei
Vrancea,20483,Codreşti (Ciorăşti),Codreşti,Ciorăşti
Vrancea,20835,Colacu (Valea Sării),Colacu,Valea Sării
Vrancea,20753,Copăceşti (Rugineşti),Copăceşti,Rugineşti
Vrancea,20491,Corbiţa,Corbiţa,
Vrancea,20762,Cornetu (Slobozia Bradului),Cornetu,Slobozia Bradului
Vrancea,20763,Coroteni (Slobozia Bradului),Coroteni,Slobozia Bradului
Vrancea,20580,Costişa (Homocea),Costişa,Homocea
Vrancea,20799,Costişa (Tănăsoaia),Costişa,Tănăsoaia
Vrancea,20800,Costişa de Sus (Tănăsoaia),Costişa de Sus,Tănăsoaia
Vrancea,20501,Coteşti,Coteşti,
Vrancea,20801,Covrag (Tănăsoaia),Covrag,Tănăsoaia
Vrancea,20824,Coza (Tulnici),Coza,Tulnici
Vrancea,20676,Crucea de Jos (Panciu),Crucea de Jos,Panciu
Vrancea,20677,Crucea de Sus (Panciu),Crucea de Sus,Panciu
Vrancea,20471,Dălhăuţi (Cârligele),Dălhăuţi,Cârligele
Vrancea,20700,Dealu Cucului (Poiana Cristei),Dealu Cucului,Poiana Cristei
Vrancea,20571,Dealu Lung (Gura Caliţei),Dealu Lung,Gura Caliţei
Vrancea,20590,Dealu Sării (Jitia),Dealu Sării,Jitia
Vrancea,20622,Diocheţi-Rediu (Moviliţa),Diocheţi-Rediu,Moviliţa
Vrancea,20543,Doaga (Garoafa),Doaga,Garoafa
Vrancea,20733,Domneşti-Sat (Pufeşti),Domneşti-Sat,Pufeşti
Vrancea,20734,Domneşti-Târg (Pufeşti),Domneşti-Târg,Pufeşti
Vrancea,20507,Dragosloveni (Dumbrăveni),Dragosloveni,Dumbrăveni
Vrancea,20773,Dragosloveni (Soveja),Dragosloveni,Soveja
Vrancea,20678,Dumbrava (Panciu),Dumbrava,Panciu
Vrancea,20701,Dumbrava (Poiana Cristei),Dumbrava,Poiana Cristei
Vrancea,20508,Dumbrăveni,Dumbrăveni,
Vrancea,20517,Dumitreşti,Dumitreşti,
Vrancea,20518,Dumitreştii de Sus (Dumitreşti),Dumitreştii de Sus,Dumitreşti
Vrancea,20519,Dumitreştii-Faţă (Dumitreşti),Dumitreştii-Faţă,Dumitreşti
Vrancea,20918,După Măgura (Vintileasca),După Măgura,Vintileasca
Vrancea,20650,Făgetu (Nistoreşti),Făgetu,Nistoreşti
Vrancea,20861,Faraoanele (Vârteşcoiu),Faraoanele,Vârteşcoiu
Vrancea,20743,Farcaş (Reghiu),Farcaş,Reghiu
Vrancea,20544,Făurei (Garoafa),Făurei,Garoafa
Vrancea,20802,Feldioara (Tănăsoaia),Feldioara,Tănăsoaia
Vrancea,20463,Feteşti (Câmpuri),Feteşti,Câmpuri
Vrancea,20400,Fetig (Andreiaşu de Jos),Fetig,Andreiaşu de Jos
Vrancea,20532,Fitioneşti,Fitioneşti,
Vrancea,20537,Focşani,Focşani,
Vrancea,20623,Frecăţei (Moviliţa),Frecăţei,Moviliţa
Vrancea,20431,Găgeşti (Boloteşti),Găgeşti,Boloteşti
Vrancea,20803,Galbeni (Tănăsoaia),Galbeni,Tănăsoaia
Vrancea,20520,Găloieşti (Dumitreşti),Găloieşti,Dumitreşti
Vrancea,20545,Garoafa,Garoafa,
Vrancea,20670,Ghebari (Paltin),Ghebari,Paltin
Vrancea,20533,Ghimiceşti (Fitioneşti),Ghimiceşti,Fitioneşti
Vrancea,20737,Gogoiu (Răcoasa),Gogoiu,Răcoasa
Vrancea,20557,Goleşti,Goleşti,
Vrancea,20502,Goleştii de Sus (Coteşti),Goleştii de Sus,Coteşti
Vrancea,20564,Gologanu,Gologanu,
Vrancea,20825,Greşu (Tulnici),Greşu,Tulnici
Vrancea,20572,Groapa Tufei (Gura Caliţei),Groapa Tufei,Gura Caliţei
Vrancea,20566,Gugeşti,Gugeşti,
Vrancea,20573,Gura Caliţei,Gura Caliţei,
Vrancea,20464,Gura Văii (Câmpuri),Gura Văii,Câmpuri
Vrancea,20939,Hânguleşti (Vulturu),Hânguleşti,Vulturu
Vrancea,20603,Haret (Mărăşeşti),Haret,Mărăşeşti
Vrancea,20687,Hăulişca (Păuleşti),Hăulişca,Păuleşti
Vrancea,20534,Holbăneşti (Fitioneşti),Holbăneşti,Fitioneşti
Vrancea,20581,Homocea,Homocea,
Vrancea,20401,Hotaru (Andreiaşu de Jos),Hotaru,Andreiaşu de Jos
Vrancea,20817,Igeşti (Ţifeşti),Igeşti,Ţifeşti
Vrancea,20885,Ireşti (Vidra),Ireşti,Vidra
Vrancea,20424,Iugani (Bogheşti),Iugani,Bogheşti
Vrancea,20432,Ivănceşti (Boloteşti),Ivănceşti,Boloteşti
Vrancea,20492,Izvoarele (Corbiţa),Izvoarele,Corbiţa
Vrancea,20584,Jariştea,Jariştea,
Vrancea,20744,Jgheaburi (Reghiu),Jgheaburi,Reghiu
Vrancea,20770,Jilişte (Slobozia Ciorăşti),Jilişte,Slobozia Ciorăşti
Vrancea,20591,Jitia,Jitia,
Vrancea,20592,Jitia de Jos (Jitia),Jitia de Jos,Jitia
Vrancea,20848,Jorăşti (Vânători),Jorăşti,Vânători
Vrancea,20574,Lacu lui Baban (Gura Caliţei),Lacu lui Baban,Gura Caliţei
Vrancea,20616,Lămoteşti (Milcovul),Lămoteşti,Milcovul
Vrancea,20493,Lărgăşeni (Corbiţa),Lărgăşeni,Corbiţa
Vrancea,20521,Lăstuni (Dumitreşti),Lăstuni,Dumitreşti
Vrancea,20826,Lepşa (Tulnici),Lepşa,Tulnici
Vrancea,20582,Lespezi (Homocea),Lespezi,Homocea
Vrancea,20764,Lieşti (Slobozia Bradului),Lieşti,Slobozia Bradului
Vrancea,20610,Livada (Mera),Livada,Mera
Vrancea,20924,Livezile (Vizantea-Livezi),Livezile,Vizantea-Livezi
Vrancea,20475,Lojniţa (Chiojdeni),Lojniţa,Chiojdeni
Vrancea,20476,Luncile (Chiojdeni),Luncile,Chiojdeni
Vrancea,20522,Lupoaia (Dumitreşti),Lupoaia,Dumitreşti
Vrancea,20593,Măgura (Jitia),Măgura,Jitia
Vrancea,20702,Mahriu (Poiana Cristei),Mahriu,Poiana Cristei
Vrancea,20596,Măicăneşti,Măicăneşti,
Vrancea,20940,Maluri (Vulturu),Maluri,Vulturu
Vrancea,20535,Mănăstioara (Fitioneşti),Mănăstioara,Fitioneşti
Vrancea,20538,Mandresti-Moldova (Focşani),Mandresti-Moldova,Focşani
Vrancea,20539,Mândreşti-Munteni (Focşani),Mândreşti-Munteni,Focşani
Vrancea,20477,Mărăcini (Chiojdeni),Mărăcini,Chiojdeni
Vrancea,20604,Mărăşeşti,Mărăşeşti,
Vrancea,20738,Mărăşti (Răcoasa),Mărăşti,Răcoasa
Vrancea,20811,Mărtineşti (Tătăranu),Mărtineşti,Tătăranu
Vrancea,20836,Mătăcina (Valea Sării),Mătăcina,Valea Sării
Vrancea,20611,Mera,Mera,
Vrancea,20925,Mesteacănu (Vizantea-Livezi),Mesteacănu,Vizantea-Livezi
Vrancea,20484,Mihălceni (Ciorăşti),Mihălceni,Ciorăşti
Vrancea,20612,Milcovel (Mera),Milcovel,Mera
Vrancea,20617,Milcovul,Milcovul,
Vrancea,20849,Mirceştii Noi (Vânători),Mirceştii Noi,Vânători
Vrancea,20850,Mirceştii Vechi (Vânători),Mirceştii Vechi,Vânători
Vrancea,20605,Modruzeni (Mărăşeşti),Modruzeni,Mărăşeşti
Vrancea,20778,Morăreşti (Spulber),Morăreşti,Spulber
Vrancea,20523,Motnău (Dumitreşti),Motnău,Dumitreşti
Vrancea,20624,Moviliţa,Moviliţa,
Vrancea,20932,Muncei (Vrâncioaia),Muncei,Vrâncioaia
Vrancea,20785,Muncelu (Străoane),Muncelu,Străoane
Vrancea,20630,Năneşti,Năneşti,
Vrancea,20804,Năneşti (Tănăsoaia),Năneşti,Tănăsoaia
Vrancea,20632,Năruja,Năruja,
Vrancea,20919,Neculele (Vintileasca),Neculele,Vintileasca
Vrancea,20638,Negrileşti,Negrileşti,
Vrancea,20679,Neicu (Panciu),Neicu,Panciu
Vrancea,20644,Nereju,Nereju,
Vrancea,20645,Nereju Mic (Nereju),Nereju Mic,Nereju
Vrancea,20651,Nistoreşti,Nistoreşti,
Vrancea,20658,Obrejiţa,Obrejiţa,
Vrancea,20494,Ocheşeşti (Corbiţa),Ocheşeşti,Corbiţa
Vrancea,20703,Odobasca (Poiana Cristei),Odobasca,Poiana Cristei
Vrancea,20665,Odobeşti,Odobeşti,
Vrancea,20765,Olăreni (Slobozia Bradului),Olăreni,Slobozia Bradului
Vrancea,20818,Oleşeşti (Ţifeşti),Oleşeşti,Ţifeşti
Vrancea,20862,Olteni (Vârteşcoiu),Olteni,Vârteşcoiu
Vrancea,20567,Oreavu (Gugeşti),Oreavu,Gugeşti
Vrancea,20585,Pădureni (Jariştea),Pădureni,Jariştea
Vrancea,20606,Pădureni (Mărăşeşti),Pădureni,Mărăşeşti
Vrancea,20792,Pădureni (Tâmboeşti),Pădureni,Tâmboeşti
Vrancea,20671,Paltin,Paltin,
Vrancea,20680,Panciu,Panciu,
Vrancea,20819,Pătrăşcani (Ţifeşti),Pătrăşcani,Ţifeşti
Vrancea,20689,Păuleşti,Păuleşti,
Vrancea,20694,Păuneşti,Păuneşti,
Vrancea,20779,Păvălari (Spulber),Păvălari,Spulber
Vrancea,20704,Petreanu (Poiana Cristei),Petreanu,Poiana Cristei
Vrancea,20853,Petreşti (Vânători),Petreşti,Vânători
Vrancea,20433,Pietroasa (Boloteşti),Pietroasa,Boloteşti
Vrancea,20459,Pietroasa (Câmpineanca),Pietroasa,Câmpineanca
Vrancea,20793,Pietroasa (Tâmboeşti),Pietroasa,Tâmboeşti
Vrancea,20863,Pietroasa (Vârteşcoiu),Pietroasa,Vârteşcoiu
Vrancea,20926,Piscu Radului (Vizantea-Livezi),Piscu Radului,Vizantea-Livezi
Vrancea,20745,Piscu Reghiului (Reghiu),Piscu Reghiului,Reghiu
Vrancea,20456,Pituluşa (Broşteni),Pituluşa,Broşteni
Vrancea,20425,Plăcinţeni (Bogheşti),Plăcinţeni,Bogheşti
Vrancea,20426,Pleşeşti (Bogheşti),Pleşeşti,Bogheşti
Vrancea,20575,Plopu (Gura Caliţei),Plopu,Gura Caliţei
Vrancea,20698,Ploscuţeni,Ploscuţeni,
Vrancea,20933,Ploştina (Vrâncioaia),Ploştina,Vrâncioaia
Vrancea,20705,Podu Lacului (Poiana Cristei),Podu Lacului,Poiana Cristei
Vrancea,20633,Podu Nărujei (Năruja),Podu Nărujei,Năruja
Vrancea,20652,Podu Şchiopului (Nistoreşti),Podu Şchiopului,Nistoreşti
Vrancea,20634,Podu Stoica (Năruja),Podu Stoica,Năruja
Vrancea,20837,Poduri (Valea Sării),Poduri,Valea Sării
Vrancea,20478,Podurile (Chiojdeni),Podurile,Chiojdeni
Vrancea,20576,Poenile (Gura Caliţei),Poenile,Gura Caliţei
Vrancea,20934,Poiana (Vrâncioaia),Poiana,Vrâncioaia
Vrancea,20706,Poiana Cristei,Poiana Cristei,
Vrancea,20920,Poiana Stoichii (Vintileasca),Poiana Stoichii,Vintileasca
Vrancea,20524,Poieniţa (Dumitreşti),Poieniţa,Dumitreşti
Vrancea,20721,Popeşti,Popeşti,
Vrancea,20672,Prahuda (Paltin),Prahuda,Paltin
Vrancea,20546,Precistanu (Garoafa),Precistanu,Garoafa
Vrancea,20838,Prisaca (Valea Sării),Prisaca,Valea Sării
Vrancea,20427,Prisecani (Bogheşti),Prisecani,Bogheşti
Vrancea,20735,Pufeşti,Pufeşti,
Vrancea,20434,Putna (Boloteşti),Putna,Boloteşti
Vrancea,20402,Răchitaşu (Andreiaşu de Jos),Răchitaşu,Andreiaşu de Jos
Vrancea,20547,Răchitosu (Garoafa),Răchitosu,Garoafa
Vrancea,20739,Răcoasa,Răcoasa,
Vrancea,20495,Rădăcineşti (Corbiţa),Rădăcineşti,Corbiţa
Vrancea,20854,Răduleşti (Vânători),Răduleşti,Vânători
Vrancea,20746,Răiuţi (Reghiu),Răiuţi,Reghiu
Vrancea,20864,Râmniceanca (Vârteşcoiu),Râmniceanca,Vârteşcoiu
Vrancea,20597,Râmniceni (Măicăneşti),Râmniceni,Măicăneşti
Vrancea,20577,Raşca (Gura Caliţei),Raşca,Gura Caliţei
Vrancea,20618,Răstoaca (Milcovul),Răstoaca,Milcovul
Vrancea,20635,Rebegari (Năruja),Rebegari,Năruja
Vrancea,20747,Reghiu,Reghiu,
Vrancea,20786,Repedea (Străoane),Repedea,Străoane
Vrancea,20653,Româneşti (Nistoreşti),Româneşti,Nistoreşti
Vrancea,20525,Roşcari (Dumitreşti),Roşcari,Dumitreşti
Vrancea,20613,Roşioara (Mera),Roşioara,Mera
Vrancea,20465,Rotileştii Mari (Câmpuri),Rotileştii Mari,Câmpuri
Vrancea,20466,Rotileştii Mici (Câmpuri),Rotileştii Mici,Câmpuri
Vrancea,20774,Rucăreni (Soveja),Rucăreni,Soveja
Vrancea,20900,Ruget (Vidra),Ruget,Vidra
Vrancea,20754,Rugineşti,Rugineşti,
Vrancea,20646,Sahastru (Nereju),Sahastru,Nereju
Vrancea,20485,Salcia Nouă (Ciorăşti),Salcia Nouă,Ciorăşti
Vrancea,20486,Salcia Veche (Ciorăşti),Salcia Veche,Ciorăşti
Vrancea,20820,Sârbi (Ţifeşti),Sârbi,Ţifeşti
Vrancea,20487,Satu Nou (Ciorăşti),Satu Nou,Ciorăşti
Vrancea,20681,Satu Nou (Panciu),Satu Nou,Panciu
Vrancea,20902,Scafari (Vidra),Scafari,Vidra
Vrancea,20586,Scânteia (Jariştea),Scânteia,Jariştea
Vrancea,20479,Seciu (Chiojdeni),Seciu,Chiojdeni
Vrancea,20496,Şerbăneşti (Corbiţa),Şerbăneşti,Corbiţa
Vrancea,20904,Şerbeşti (Vidra),Şerbeşti,Vidra
Vrancea,20759,Sihlea,Sihlea,
Vrancea,20526,Siminoc (Dumitreşti),Siminoc,Dumitreşti
Vrancea,20748,Şindrilari (Reghiu),Şindrilari,Reghiu
Vrancea,20607,Siretu (Mărăşeşti),Siretu,Mărăşeşti
Vrancea,20395,Şişcani (Adjud),Şişcani,Adjud
Vrancea,20794,Slimnic (Tâmboeşti),Slimnic,Tâmboeşti
Vrancea,20598,Slobozia Boteşti (Măicăneşti),Slobozia Boteşti,Măicăneşti
Vrancea,20766,Slobozia Bradului,Slobozia Bradului,
Vrancea,20771,Slobozia Ciorăşti,Slobozia Ciorăşti,
Vrancea,20578,Şotârcari (Gura Caliţei),Şotârcari,Gura Caliţei
Vrancea,20775,Soveja,Soveja,
Vrancea,20488,Spătăreasa (Ciorăşti),Spătăreasa,Ciorăşti
Vrancea,20935,Spineşti (Vrâncioaia),Spineşti,Vrâncioaia
Vrancea,20780,Spulber,Spulber,
Vrancea,20548,Străjescu (Garoafa),Străjescu,Garoafa
Vrancea,20787,Străoane,Străoane,
Vrancea,20599,Stupina (Măicăneşti),Stupina,Măicăneşti
Vrancea,20790,Suraia,Suraia,
Vrancea,20428,Tăbuceşti (Bogheşti),Tăbuceşti,Bogheşti
Vrancea,20795,Tâmboeşti,Tâmboeşti,
Vrancea,20921,Tănăsari (Vintileasca),Tănăsari,Vintileasca
Vrancea,20805,Tănăsoaia,Tănăsoaia,
Vrancea,20707,Târâtu (Poiana Cristei),Târâtu,Poiana Cristei
Vrancea,20812,Tătăranu,Tătăranu,
Vrancea,20600,Tătaru (Măicăneşti),Tătaru,Măicăneşti
Vrancea,20673,Ţepa (Paltin),Ţepa,Paltin
Vrancea,20724,Tercheşti (Popeşti),Tercheşti,Popeşti
Vrancea,20906,Tichiriş (Vidra),Tichiriş,Vidra
Vrancea,20821,Ţifeşti,Ţifeşti,
Vrancea,20527,Tînoasa (Dumitreşti),Tînoasa,Dumitreşti
Vrancea,20781,Ţipău (Spulber),Ţipău,Spulber
Vrancea,20608,Tişiţa (Mărăşeşti),Tişiţa,Mărăşeşti
Vrancea,20403,Titila (Andreiaşu de Jos),Titila,Andreiaşu de Jos
Vrancea,20782,Tojanii de Jos (Spulber),Tojanii de Jos,Spulber
Vrancea,20783,Tojanii de Sus (Spulber),Tojanii de Sus,Spulber
Vrancea,20416,Topeşti (Bârseşti),Topeşti,Bârseşti
Vrancea,20528,Trestia (Dumitreşti),Trestia,Dumitreşti
Vrancea,20796,Trestieni (Tâmboeşti),Trestieni,Tâmboeşti
Vrancea,20625,Trotuşanu (Moviliţa),Trotuşanu,Moviliţa
Vrancea,20480,Tulburea (Chiojdeni),Tulburea,Chiojdeni
Vrancea,20827,Tulnici,Tulnici,
Vrancea,20497,Tuţu (Corbiţa),Tuţu,Corbiţa
Vrancea,20654,Ungureni (Nistoreşti),Ungureni,Nistoreşti
Vrancea,20667,Unirea (Odobeşti),Unirea,Odobeşti
Vrancea,20833,Urecheşti,Urecheşti,
Vrancea,20749,Ursoaia (Reghiu),Ursoaia,Reghiu
Vrancea,20941,Vadu Roşca (Vulturu),Vadu Roşca,Vulturu
Vrancea,20813,Vâjâitoarea (Tătăranu),Vâjâitoarea,Tătăranu
Vrancea,20674,Vâlcani (Paltin),Vâlcani,Paltin
Vrancea,20460,Vâlcele (Câmpineanca),Vâlcele,Câmpineanca
Vrancea,20498,Vâlcelele (Corbiţa),Vâlcelele,Corbiţa
Vrancea,20767,Valea Beciului (Slobozia Bradului),Valea Beciului,Slobozia Bradului
Vrancea,20503,Valea Coteşti (Coteşti),Valea Coteşti,Coteşti
Vrancea,20529,Valea Mică (Dumitreşti),Valea Mică,Dumitreşti
Vrancea,20750,Valea Milcovului (Reghiu),Valea Milcovului,Reghiu
Vrancea,20655,Valea Neagră (Nistoreşti),Valea Neagră,Nistoreşti
Vrancea,20839,Valea Sării,Valea Sării,
Vrancea,20626,Văleni (Moviliţa),Văleni,Moviliţa
Vrancea,20755,Văleni (Rugineşti),Văleni,Rugineşti
Vrancea,20788,Văleni (Străoane),Văleni,Străoane
Vrancea,20857,Vânători,Vânători,
Vrancea,20740,Varniţa (Răcoasa),Varniţa,Răcoasa
Vrancea,20587,Vărsătura (Jariştea),Vărsătura,Jariştea
Vrancea,20865,Vârteşcoiu,Vârteşcoiu,
Vrancea,20741,Verdea (Răcoasa),Verdea,Răcoasa
Vrancea,20656,Vetreşti-Herăstrău (Nistoreşti),Vetreşti-Herăstrău,Nistoreşti
Vrancea,20913,Vidra,Vidra,
Vrancea,20695,Viişoara (Păuneşti),Viişoara,Păuneşti
Vrancea,20914,Viişoara (Vidra),Viişoara,Vidra
Vrancea,20922,Vintileasca,Vintileasca,
Vrancea,20822,Vităneşti (Ţifeşti),Vităneşti,Ţifeşti
Vrancea,20435,Vităneştii de sub Măgură (Boloteşti),Vităneştii de sub Măgură,Boloteşti
Vrancea,20927,Vizantea Mănăstirească (Vizantea-Livezi),Vizantea Mănăstirească,Vizantea-Livezi
Vrancea,20928,Vizantea Răzăşească (Vizantea-Livezi),Vizantea Răzăşească,Vizantea-Livezi
Vrancea,20929,Vizantea-Livezi,Vizantea-Livezi,
Vrancea,20806,Vladnicu de Jos (Tănăsoaia),Vladnicu de Jos,Tănăsoaia
Vrancea,20807,Vladnicu de Sus (Tănăsoaia),Vladnicu de Sus,Tănăsoaia
Vrancea,20760,Voetin (Sihlea),Voetin,Sihlea
Vrancea,20915,Voloşcani (Vidra),Voloşcani,Vidra
Vrancea,20936,Vrâncioaia,Vrâncioaia,
Vrancea,20614,Vulcăneasa (Mera),Vulcăneasa,Mera
Vrancea,20942,Vulturu,Vulturu,
Vâlcea,19020,Afânata (Fârtăţeşti),Afânata,Fârtăţeşti
Vâlcea,19081,Aldeşti (Goleşti),Aldeşti,Goleşti
Vâlcea,18795,Alunu,Alunu,
Vâlcea,18803,Amărăşti,Amărăşti,
Vâlcea,19254,Andreieşti (Muereasca),Andreieşti,Muereasca
Vâlcea,19075,Aninoasa (Glăvile),Aninoasa,Glăvile
Vâlcea,19402,Aranghel (Râmnicu Vâlcea),Aranghel,Râmnicu Vâlcea
Vâlcea,19478,Aricioaia (Şirineasa),Aricioaia,Şirineasa
Vâlcea,18940,Armăşeşti (Cernişoara),Armăşeşti,Cernişoara
Vâlcea,19221,Arsanca (Mihăeşti),Arsanca,Mihăeşti
Vâlcea,19307,Aureşti (Orleşti),Aureşti,Orleşti
Vâlcea,19458,Avrămeşti (Scundu),Avrămeşti,Scundu
Vâlcea,18810,Băbeni,Băbeni,
Vâlcea,19002,Băbeni-Olteţu (Diculeşti),Băbeni-Olteţu,Diculeşti
Vâlcea,18982,Băbueşti (Dăeşti),Băbueşti,Dăeşti
Vâlcea,18987,Bădeni (Dănicei),Bădeni,Dănicei
Vâlcea,19412,Băiaşa (Roeşti),Băiaşa,Roeşti
Vâlcea,19335,Băiaşu (Perişani),Băiaşu,Perişani
Vâlcea,18822,Băile Govora,Băile Govora,
Vâlcea,18827,Băile Olăneşti,Băile Olăneşti,
Vâlcea,19413,Băjenari (Roeşti),Băjenari,Roeşti
Vâlcea,19422,Balaciu (Roşiile),Balaciu,Roşiile
Vâlcea,18837,Bălceşti,Bălceşti,
Vâlcea,19552,Balomireasa (Stoileşti),Balomireasa,Stoileşti
Vâlcea,19386,Balota (Racoviţa),Balota,Racoviţa
Vâlcea,19202,Bălşoara (Mădulari),Bălşoara,Mădulari
Vâlcea,19602,Bălţăţeni (Tomşani),Bălţăţeni,Tomşani
Vâlcea,18948,Bălteni (Copăceni),Bălteni,Copăceni
Vâlcea,19048,Băluţoaia (Frânceşti),Băluţoaia,Frânceşti
Vâlcea,19263,Băneşti (Nicolae Bălcescu),Băneşti,Nicolae Bălcescu
Vâlcea,19203,Bănţeşti (Mădulari),Bănţeşti,Mădulari
Vâlcea,19414,Bărbărigeni (Roeşti),Bărbărigeni,Roeşti
Vâlcea,18847,Bărbăteşti,Bărbăteşti,
Vâlcea,19381,Bărbuceni (Prundeni),Bărbuceni,Prundeni
Vâlcea,19319,Bărcanele (Păuşeşti),Bărcanele,Păuşeşti
Vâlcea,19495,Bărcăneşti (Stăneşti),Bărcăneşti,Stăneşti
Vâlcea,19531,Bârlogu (Stoeneşti),Bârlogu,Stoeneşti
Vâlcea,19586,Băroiu (Tetoiu),Băroiu,Tetoiu
Vâlcea,18885,Bârseşti (Budeşti),Bârseşti,Budeşti
Vâlcea,19222,Bârseşti (Mihăeşti),Bârseşti,Mihăeşti
Vâlcea,19553,Bârsoiu (Stoileşti),Bârsoiu,Stoileşti
Vâlcea,18886,Barza (Budeşti),Barza,Budeşti
Vâlcea,18848,Bârzeşti (Bărbăteşti),Bârzeşti,Bărbăteşti
Vâlcea,19621,Bătăşani (Valea Mare),Bătăşani,Valea Mare
Vâlcea,19021,Becşani (Fârtăţeşti),Becşani,Fârtăţeşti
Vâlcea,18838,Beneşti (Bălceşti),Beneşti,Bălceşti
Vâlcea,18855,Berbeşti,Berbeşti,
Vâlcea,19155,Berbeşti (Laloşu),Berbeşti,Laloşu
Vâlcea,18887,Bercioiu (Budeşti),Bercioiu,Budeşti
Vâlcea,19162,Bereşti (Lăpuşata),Bereşti,Lăpuşata
Vâlcea,18862,Berislăveşti,Berislăveşti,
Vâlcea,18955,Bistriţa (Costeşti),Bistriţa,Costeşti
Vâlcea,19387,Blănoiu (Racoviţa),Blănoiu,Racoviţa
Vâlcea,19459,Blejani (Scundu),Blejani,Scundu
Vâlcea,19082,Blidari (Goleşti),Blidari,Goleşti
Vâlcea,19191,Bocşa (Măciuca),Bocşa,Măciuca
Vâlcea,18796,Bodeşti (Alunu),Bodeşti,Alunu
Vâlcea,18849,Bodeşti (Bărbăteşti),Bodeşti,Bărbăteşti
Vâlcea,18900,Bogdăneşti (Bujoreni),Bogdăneşti,Bujoreni
Vâlcea,19313,Bogdăneşti (Oteşani),Bogdăneşti,Oteşani
Vâlcea,19603,Bogdăneşti (Tomşani),Bogdăneşti,Tomşani
Vâlcea,18870,Boişoara,Boişoara,
Vâlcea,18811,Bonciu (Băbeni),Bonciu,Băbeni
Vâlcea,18949,Bondoci (Copăceni),Bondoci,Copăceni
Vâlcea,19580,Boroşeşti (Suteşti),Boroşeşti,Suteşti
Vâlcea,19192,Botorani (Măciuca),Botorani,Măciuca
Vâlcea,18863,Brădişor (Berislăveşti),Brădişor,Berislăveşti
Vâlcea,19388,Bradu-Clocotici (Racoviţa),Bradu-Clocotici,Racoviţa
Vâlcea,19058,Bratia din Deal (Galicea),Bratia din Deal,Galicea
Vâlcea,19059,Bratia din Vale (Galicea),Bratia din Vale,Galicea
Vâlcea,19594,Bratoveşti (Titeşti),Bratoveşti,Titeşti
Vâlcea,18874,Brezoi,Brezoi,
Vâlcea,19163,Broşteni (Lăpuşata),Broşteni,Lăpuşata
Vâlcea,19012,Buciumeni (Drăgoeşti),Buciumeni,Drăgoeşti
Vâlcea,19126,Bucşani (Ioneşti),Bucşani,Ioneşti
Vâlcea,19290,Buda (Ocnele Mari),Buda,Ocnele Mari
Vâlcea,19587,Budele (Tetoiu),Budele,Tetoiu
Vâlcea,19041,Budeşti,Budeşti,
Vâlcea,19003,Budeşti (Diculeşti),Budeşti,Diculeşti
Vâlcea,19532,Budurăşti (Stoeneşti),Budurăşti,Stoeneşti
Vâlcea,18901,Bujoreni,Bujoreni,
Vâlcea,19554,Bulagei (Stoileşti),Bulagei,Stoileşti
Vâlcea,19223,Buleta (Mihăeşti),Buleta,Mihăeşti
Vâlcea,18871,Bumbueşti (Boişoara),Bumbueşti,Boişoara
Vâlcea,18910,Buneşti,Buneşti,
Vâlcea,19042,Bungeţani (Făureşti),Bungeţani,Făureşti
Vâlcea,19111,Burdăleşti (Guşoeni),Burdăleşti,Guşoeni
Vâlcea,19659,Butanu (Zătreni),Butanu,Zătreni
Vâlcea,19320,Buzdugan (Păuşeşti),Buzdugan,Păuşeşti
Vâlcea,18933,Căciulata (Călimăneşti),Căciulata,Călimăneşti
Vâlcea,18925,Câineni,Câineni,
Vâlcea,18926,Câinenii Mari (Câineni),Câinenii Mari,Câineni
Vâlcea,18927,Câinenii Mici (Câineni),Câinenii Mici,Câineni
Vâlcea,19438,Căligi (Runcu),Căligi,Runcu
Vâlcea,18934,Călimăneşti,Călimăneşti,
Vâlcea,19382,Călina (Prundeni),Călina,Prundeni
Vâlcea,18875,Călineşti (Brezoi),Călineşti,Brezoi
Vâlcea,18812,Capu Dealului (Băbeni),Capu Dealului,Băbeni
Vâlcea,19184,Carcadieşti (Lungeşti),Carcadieşti,Lungeşti
Vâlcea,18839,Cârlogani (Bălceşti),Cârlogani,Bălceşti
Vâlcea,19314,Cârstăneşti (Oteşani),Cârstăneşti,Oteşani
Vâlcea,19300,Casa Veche (Olanu),Casa Veche,Olanu
Vâlcea,19022,Căţetu (Fârtăţeşti),Căţetu,Fârtăţeşti
Vâlcea,19068,Căzăneşti (Ghioroiu),Căzăneşti,Ghioroiu
Vâlcea,19242,Căzăneşti (Milcoiu),Căzăneşti,Milcoiu
Vâlcea,19403,Căzăneşti (Râmnicu Vâlcea),Căzăneşti,Râmnicu Vâlcea
Vâlcea,18988,Ceretu (Dănicei),Ceretu,Dănicei
Vâlcea,19144,Cermegeşti (Lădeşti),Cermegeşti,Lădeşti
Vâlcea,19344,Cermegeşti (Pesceana),Cermegeşti,Pesceana
Vâlcea,19614,Cerna (Vaideeni),Cerna,Vaideeni
Vâlcea,19321,Cernelele (Păuşeşti),Cernelele,Păuşeşti
Vâlcea,18941,Cernişoara,Cernişoara,
Vâlcea,19249,Cetăţeaua (Mitrofani),Cetăţeaua,Mitrofani
Vâlcea,18828,Cheia (Băile Olăneşti),Cheia,Băile Olăneşti
Vâlcea,19423,Cherăşti (Roşiile),Cherăşti,Roşiile
Vâlcea,19604,Chiceni (Tomşani),Chiceni,Tomşani
Vâlcea,18840,Chirculeşti (Bălceşti),Chirculeşti,Bălceşti
Vâlcea,19145,Chiriceşti (Lădeşti),Chiriceşti,Lădeşti
Vâlcea,19301,Cioboţi (Olanu),Cioboţi,Olanu
Vâlcea,19415,Ciocâltei (Roeşti),Ciocâltei,Roeşti
Vâlcea,19193,Ciocănari (Măciuca),Ciocănari,Măciuca
Vâlcea,19497,Cioponeşti (Stăneşti),Cioponeşti,Stăneşti
Vâlcea,19479,Ciorăşti (Şirineasa),Ciorăşti,Şirineasa
Vâlcea,19660,Ciorteşti (Zătreni),Ciorteşti,Zătreni
Vâlcea,19568,Cireşu (Stroeşti),Cireşu,Stroeşti
Vâlcea,18989,Cireşul (Dănicei),Cireşul,Dănicei
Vâlcea,19466,Ciucheţi (Sineşti),Ciucheţi,Sineşti
Vâlcea,19146,Ciumagi (Lădeşti),Ciumagi,Lădeşti
Vâlcea,19209,Ciungetu (Malaia),Ciungetu,Malaia
Vâlcea,19243,Ciuteşti (Milcoiu),Ciuteşti,Milcoiu
Vâlcea,19084,Coasta (Goleşti),Coasta,Goleşti
Vâlcea,19328,Coasta (Păuşeşti-Măglaşi),Coasta,Păuşeşti-Măglaşi
Vâlcea,19484,Coasta Cerbului (Slătioara),Coasta Cerbului,Slătioara
Vâlcea,18911,Coasta Mare (Buneşti),Coasta Mare,Buneşti
Vâlcea,19060,Cocoru (Galicea),Cocoru,Galicea
Vâlcea,19004,Colelia (Diculeşti),Colelia,Diculeşti
Vâlcea,18797,Colţeşti (Alunu),Colţeşti,Alunu
Vâlcea,18829,Comanca (Băile Olăneşti),Comanca,Băile Olăneşti
Vâlcea,19516,Condoieşti (Ştefăneşti),Condoieşti,Ştefăneşti
Vâlcea,19661,Contea (Zătreni),Contea,Zătreni
Vâlcea,19404,Copăcelu (Râmnicu Vâlcea),Copăcelu,Râmnicu Vâlcea
Vâlcea,18950,Copăceni,Copăceni,
Vâlcea,19390,Copăceni (Racoviţa),Copăceni,Racoviţa
Vâlcea,19265,Corbii din Vale (Nicolae Bălcescu),Corbii din Vale,Nicolae Bălcescu
Vâlcea,18876,Corbu (Brezoi),Corbu,Brezoi
Vâlcea,19615,Cornet (Vaideeni),Cornet,Vaideeni
Vâlcea,19049,Coşani (Frânceşti),Coşani,Frânceşti
Vâlcea,19291,Coşota (Ocnele Mari),Coşota,Ocnele Mari
Vâlcea,18959,Costeşti,Costeşti,
Vâlcea,19460,Crângu (Scundu),Crângu,Scundu
Vâlcea,19061,Cremenari (Galicea),Cremenari,Galicea
Vâlcea,18977,Creţeni,Creţeni,
Vâlcea,19315,Cuceşti (Oteşani),Cuceşti,Oteşani
Vâlcea,19023,Cuci (Fârtăţeşti),Cuci,Fârtăţeşti
Vâlcea,19597,Cucoiu (Titeşti),Cucoiu,Titeşti
Vâlcea,19498,Cuculeşti (Stăneşti),Cuculeşti,Stăneşti
Vâlcea,19416,Cueni (Roeşti),Cueni,Roeşti
Vâlcea,18823,Curăturile (Băile Govora),Curăturile,Băile Govora
Vâlcea,19360,Curtea (Popeşti),Curtea,Popeşti
Vâlcea,18983,Dăeşti,Dăeşti,
Vâlcea,19362,Dăeşti (Popeşti),Dăeşti,Popeşti
Vâlcea,18856,Dămţeni (Berbeşti),Dămţeni,Berbeşti
Vâlcea,19024,Dăncăi (Fârtăţeşti),Dăncăi,Fârtăţeşti
Vâlcea,18864,Dângeşti (Berislăveşti),Dângeşti,Berislăveşti
Vâlcea,18990,Dănicei,Dănicei,
Vâlcea,18857,Dealu Aluniş (Berbeşti),Dealu Aluniş,Berbeşti
Vâlcea,19467,Dealu Bisericii (Sineşti),Dealu Bisericii,Sineşti
Vâlcea,19147,Dealu Corni (Lădeşti),Dealu Corni,Lădeşti
Vâlcea,19662,Dealu Glămeia (Zătreni),Dealu Glămeia,Zătreni
Vâlcea,18991,Dealu Lăunele (Dănicei),Dealu Lăunele,Dănicei
Vâlcea,19405,Dealu Malului (Râmnicu Vâlcea),Dealu Malului,Râmnicu Vâlcea
Vâlcea,19062,Dealu Mare (Galicea),Dealu Mare,Galicea
Vâlcea,19112,Dealu Mare (Guşoeni),Dealu Mare,Guşoeni
Vâlcea,19127,Dealu Mare (Ioneşti),Dealu Mare,Ioneşti
Vâlcea,18992,Dealu Scheiului (Dănicei),Dealu Scheiului,Dănicei
Vâlcea,19663,Dealu Văleni (Zătreni),Dealu Văleni,Zătreni
Vâlcea,19025,Dejoi (Fârtăţeşti),Dejoi,Fârtăţeşti
Vâlcea,19534,Deleni (Stoeneşti),Deleni,Stoeneşti
Vâlcea,19128,Delureni (Ioneşti),Delureni,Ioneşti
Vâlcea,19555,Delureni (Stoileşti),Delureni,Stoileşti
Vâlcea,19622,Delureni (Valea Mare),Delureni,Valea Mare
Vâlcea,19050,Dezrobiţi (Frânceşti),Dezrobiţi,Frânceşti
Vâlcea,19097,Diaconeşti (Grădiştea),Diaconeşti,Grădiştea
Vâlcea,19569,Dianu (Stroeşti),Dianu,Stroeşti
Vâlcea,19005,Diculeşti,Diculeşti,
Vâlcea,19204,Dimuleşti (Mădulari),Dimuleşti,Mădulari
Vâlcea,18993,Dobreşti (Dănicei),Dobreşti,Dănicei
Vâlcea,19098,Dobricea (Grădiştea),Dobricea,Grădiştea
Vâlcea,19535,Dobriceni (Stoeneşti),Dobriceni,Stoeneşti
Vâlcea,19517,Dobruşa (Ştefăneşti),Dobruşa,Ştefăneşti
Vâlcea,19267,Dosu Râului (Nicolae Bălcescu),Dosu Râului,Nicolae Bălcescu
Vâlcea,19026,Dozeşti (Fârtăţeşti),Dozeşti,Fârtăţeşti
Vâlcea,18877,Drăgăneşti (Brezoi),Drăgăneşti,Brezoi
Vâlcea,19085,Drăgăneşti (Goleşti),Drăgăneşti,Goleşti
Vâlcea,19623,Drăganu (Valea Mare),Drăganu,Valea Mare
Vâlcea,19007,Drăgăşani,Drăgăşani,
Vâlcea,19302,Drăgioiu (Olanu),Drăgioiu,Olanu
Vâlcea,19016,Drăgoeşti,Drăgoeşti,
Vâlcea,18994,Drăguleşti (Dănicei),Drăguleşti,Dănicei
Vâlcea,19185,Dumbrava (Lungeşti),Dumbrava,Lungeşti
Vâlcea,19605,Dumbrăveşti (Tomşani),Dumbrăveşti,Tomşani
Vâlcea,19292,Făcăi (Ocnele Mari),Făcăi,Ocnele Mari
Vâlcea,19027,Fârtăţeşti,Fârtăţeşti,
Vâlcea,19043,Făureşti,Făureşti,
Vâlcea,19664,Făureşti (Zătreni),Făureşti,Zătreni
Vâlcea,18984,Fedeleşoiu (Dăeşti),Fedeleşoiu,Dăeşti
Vâlcea,18913,Fireşti (Buneşti),Fireşti,Buneşti
Vâlcea,19364,Firijba (Popeşti),Firijba,Popeşti
Vâlcea,19129,Fişcălia (Ioneşti),Fişcălia,Ioneşti
Vâlcea,19606,Foleştii de Jos (Tomşani),Foleştii de Jos,Tomşani
Vâlcea,19607,Foleştii de Sus (Tomşani),Foleştii de Sus,Tomşani
Vâlcea,19130,Foteşti (Ioneşti),Foteşti,Ioneşti
Vâlcea,19051,Frânceşti,Frânceşti,
Vâlcea,19255,Frânceşti-Coasta (Muereasca),Frânceşti-Coasta,Muereasca
Vâlcea,19417,Frasina (Roeşti),Frasina,Roeşti
Vâlcea,19186,Fumureni (Lungeşti),Fumureni,Lungeşti
Vâlcea,19640,Fundătura (Vlădeşti),Fundătura,Vlădeşti
Vâlcea,19148,Găgeni (Lădeşti),Găgeni,Lădeşti
Vâlcea,19044,Găineşti (Făureşti),Găineşti,Făureşti
Vâlcea,19063,Galicea,Galicea,
Vâlcea,19270,Gâltofani (Nicolae Bălcescu),Gâltofani,Nicolae Bălcescu
Vâlcea,19139,Găneşti (Lăcusteni),Găneşti,Lăcusteni
Vâlcea,19187,Gănţulei (Lungeşti),Gănţulei,Lungeşti
Vâlcea,19028,Gârnicet (Fârtăţeşti),Gârnicet,Fârtăţeşti
Vâlcea,19500,Gârnicetu (Stăneşti),Gârnicetu,Stăneşti
Vâlcea,18824,Gâtejesti (Băile Govora),Gâtejesti,Băile Govora
Vâlcea,18872,Găujani (Boişoara),Găujani,Boişoara
Vâlcea,19256,Găvăneşti (Muereasca),Găvăneşti,Muereasca
Vâlcea,19017,Geamăna (Drăgoeşti),Geamăna,Drăgoeşti
Vâlcea,19556,Geamăna (Stoileşti),Geamăna,Stoileşti
Vâlcea,19052,Genuneni (Frânceşti),Genuneni,Frânceşti
Vâlcea,19156,Ghindari (Laloşu),Ghindari,Laloşu
Vâlcea,19557,Ghiobeşti (Stoileşti),Ghiobeşti,Stoileşti
Vâlcea,19069,Ghioroiu,Ghioroiu,
Vâlcea,19086,Gibeşti (Goleşti),Gibeşti,Goleşti
Vâlcea,19271,Ginerica (Nicolae Bălcescu),Ginerica,Nicolae Bălcescu
Vâlcea,19029,Giuleşti (Fârtăţeşti),Giuleşti,Fârtăţeşti
Vâlcea,19030,Giuleştii de Sus (Fârtăţeşti),Giuleştii de Sus,Fârtăţeşti
Vâlcea,19087,Giurgiuveni (Goleşti),Giurgiuveni,Goleşti
Vâlcea,19558,Giuroiu (Stoileşti),Giuroiu,Stoileşti
Vâlcea,19076,Glăvile,Glăvile,
Vâlcea,18995,Glodu (Dănicei),Glodu,Dănicei
Vâlcea,19088,Goleşti,Goleşti,
Vâlcea,18878,Golotreni (Brezoi),Golotreni,Brezoi
Vâlcea,18841,Goruneşti (Bălceşti),Goruneşti,Bălceşti
Vâlcea,19485,Goruneşti (Slătioara),Goruneşti,Slătioara
Vâlcea,19227,Govora (Mihăeşti),Govora,Mihăeşti
Vâlcea,19099,Grădiştea,Grădiştea,
Vâlcea,18928,Grebleşti (Câineni),Grebleşti,Câineni
Vâlcea,19217,Greci (Mateeşti),Greci,Mateeşti
Vâlcea,19441,Gropeni (Runcu),Gropeni,Runcu
Vâlcea,18942,Groşi (Cernişoara),Groşi,Cernişoara
Vâlcea,19536,Gruieri (Stoeneşti),Gruieri,Stoeneşti
Vâlcea,19537,Gruiu (Stoeneşti),Gruiu,Stoeneşti
Vâlcea,19395,Gruiu Lupului (Racoviţa),Gruiu Lupului,Racoviţa
Vâlcea,19131,Guguianca (Ioneşti),Guguianca,Ioneşti
Vâlcea,18996,Gura Crucilor (Dănicei),Gura Crucilor,Dănicei
Vâlcea,19293,Gura Suhaşului (Ocnele Mari),Gura Suhaşului,Ocnele Mari
Vâlcea,18903,Gura Văii (Bujoreni),Gura Văii,Bujoreni
Vâlcea,18830,Gurguiata (Băile Olăneşti),Gurguiata,Băile Olăneşti
Vâlcea,19228,Gurişoara (Mihăeşti),Gurişoara,Mihăeşti
Vâlcea,19113,Guşoeni,Guşoeni,
Vâlcea,19114,Guşoianca (Guşoeni),Guşoianca,Guşoeni
Vâlcea,19070,Herăşti (Ghioroiu),Herăşti,Ghioroiu
Vâlcea,19118,Horezu,Horezu,
Vâlcea,18951,Hotărasa (Copăceni),Hotărasa,Copăceni
Vâlcea,19257,Hotarele (Muereasca),Hotarele,Muereasca
Vâlcea,19424,Hotăroaia (Roşiile),Hotăroaia,Roşiile
Vâlcea,19205,Iacovile (Mădulari),Iacovile,Mădulari
Vâlcea,19119,Ifrimeşti (Horezu),Ifrimeşti,Horezu
Vâlcea,18798,Igoiu (Alunu),Igoiu,Alunu
Vâlcea,18799,Ilaciu (Alunu),Ilaciu,Alunu
Vâlcea,19134,Ioneşti,Ioneşti,
Vâlcea,18842,Irimeşti (Bălceşti),Irimeşti,Bălceşti
Vâlcea,19244,Izbăşeşti (Milcoiu),Izbăşeşti,Milcoiu
Vâlcea,19250,Izvoraşu (Mitrofani),Izvoraşu,Mitrofani
Vâlcea,18978,Izvoru (Creţeni),Izvoru,Creţeni
Vâlcea,19559,Izvoru Rece (Stoileşti),Izvoru Rece,Stoileşti
Vâlcea,19616,Izvoru Rece (Vaideeni),Izvoru Rece,Vaideeni
Vâlcea,19077,Jaroştea (Glăvile),Jaroştea,Glăvile
Vâlcea,18935,Jiblea Nouă (Călimăneşti),Jiblea Nouă,Călimăneşti
Vâlcea,18936,Jiblea Veche (Călimăneşti),Jiblea Veche,Călimăneşti
Vâlcea,19140,Lăcusteni,Lăcusteni,
Vâlcea,19141,Lăcustenii de Jos (Lăcusteni),Lăcustenii de Jos,Lăcusteni
Vâlcea,19142,Lăcustenii de Sus (Lăcusteni),Lăcustenii de Sus,Lăcusteni
Vâlcea,19149,Lădeşti,Lădeşti,
Vâlcea,19157,Laloşu,Laloşu,
Vâlcea,19164,Lăpuşata,Lăpuşata,
Vâlcea,18997,Lăunele de Jos (Dănicei),Lăunele de Jos,Dănicei
Vâlcea,18892,Linia (Budeşti),Linia,Budeşti
Vâlcea,19101,Linia (Grădiştea),Linia,Grădiştea
Vâlcea,19502,Linia Dealului (Stăneşti),Linia Dealului,Stăneşti
Vâlcea,19273,Linia Hanului (Nicolae Bălcescu),Linia Hanului,Nicolae Bălcescu
Vâlcea,18998,Linia pe Vale (Dănicei),Linia pe Vale,Dănicei
Vâlcea,18831,Livadia (Băile Olăneşti),Livadia,Băile Olăneşti
Vâlcea,19172,Livezi,Livezi,
Vâlcea,18904,Lunca (Bujoreni),Lunca,Bujoreni
Vâlcea,19294,Lunca (Ocnele Mari),Lunca,Ocnele Mari
Vâlcea,19188,Lungeşti,Lungeşti,
Vâlcea,19345,Lupoaia (Pesceana),Lupoaia,Pesceana
Vâlcea,19425,Lupuieşti (Roşiile),Lupuieşti,Roşiile
Vâlcea,19194,Măciuca,Măciuca,
Vâlcea,19195,Măciuceni (Măciuca),Măciuceni,Măciuca
Vâlcea,18943,Mădulari (Cernişoara),Mădulari,Cernişoara
Vâlcea,19206,Mădulari,Mădulari,
Vâlcea,19229,Măgura (Mihăeşti),Măgura,Mihăeşti
Vâlcea,19115,Măgureni (Guşoeni),Măgureni,Guşoeni
Vâlcea,19210,Malaia,Malaia,
Vâlcea,19150,Măldăreşti (Lădeşti),Măldăreşti,Lădeşti
Vâlcea,19196,Măldăreşti (Măciuca),Măldăreşti,Măciuca
Vâlcea,19213,Măldăreştii de Jos (Măldăreşti),Măldăreştii de Jos,Măldăreşti
Vâlcea,19560,Malu (Stoileşti),Malu,Stoileşti
Vâlcea,18905,Malu Alb (Bujoreni),Malu Alb,Bujoreni
Vâlcea,18906,Malu Vârtop (Bujoreni),Malu Vârtop,Bujoreni
Vâlcea,19207,Mamu (Mădulari),Mamu,Mădulari
Vâlcea,19053,Mănăileşti (Frânceşti),Mănăileşti,Frânceşti
Vâlcea,19588,Măneasa (Tetoiu),Măneasa,Tetoiu
Vâlcea,19274,Mângureni (Nicolae Bălcescu),Mângureni,Nicolae Bălcescu
Vâlcea,19665,Mănicea (Zătreni),Mănicea,Zătreni
Vâlcea,19135,Marcea (Ioneşti),Marcea,Ioneşti
Vâlcea,19045,Mărcuşu (Făureşti),Mărcuşu,Făureşti
Vâlcea,19627,Mărgineni (Valea Mare),Mărgineni,Valea Mare
Vâlcea,19031,Măriceşti (Fârtăţeşti),Măriceşti,Fârtăţeşti
Vâlcea,19617,Mariţa (Vaideeni),Mariţa,Vaideeni
Vâlcea,19218,Mateeşti,Mateeşti,
Vâlcea,19275,Măzăraru (Nicolae Bălcescu),Măzăraru,Nicolae Bălcescu
Vâlcea,19581,Mazili (Suteşti),Mazili,Suteşti
Vâlcea,19666,Mecea (Zătreni),Mecea,Zătreni
Vâlcea,19366,Meieni (Popeşti),Meieni,Popeşti
Vâlcea,18804,Mereşeşti (Amărăşti),Mereşeşti,Amărăşti
Vâlcea,19071,Mierea (Ghioroiu),Mierea,Ghioroiu
Vâlcea,19230,Mihăeşti,Mihăeşti,
Vâlcea,19165,Mijaţi (Lăpuşata),Mijaţi,Lăpuşata
Vâlcea,19471,Mijlocu (Sineşti),Mijlocu,Sineşti
Vâlcea,19245,Milcoiu,Milcoiu,
Vâlcea,19046,Mileşti (Făureşti),Mileşti,Făureşti
Vâlcea,19486,Milostea (Slătioara),Milostea,Slătioara
Vâlcea,19610,Mireşti (Tomşani),Mireşti,Tomşani
Vâlcea,19251,Mitrofani,Mitrofani,
Vâlcea,19336,Mlăceni (Perişani),Mlăceni,Perişani
Vâlcea,18944,Modoia (Cernişoara),Modoia,Cernişoara
Vâlcea,19487,Mogeşti (Slătioara),Mogeşti,Slătioara
Vâlcea,19541,Mogoşeşti (Stoeneşti),Mogoşeşti,Stoeneşti
Vâlcea,19158,Mologeşti (Laloşu),Mologeşti,Laloşu
Vâlcea,18832,Mosoroasa (Băile Olăneşti),Mosoroasa,Băile Olăneşti
Vâlcea,19054,Moşteni (Frânceşti),Moşteni,Frânceşti
Vâlcea,18979,Mreneşti (Creţeni),Mreneşti,Creţeni
Vâlcea,19258,Muereasca,Muereasca,
Vâlcea,19259,Muereasca de Sus (Muereasca),Muereasca de Sus,Muereasca
Vâlcea,19231,Munteni (Mihăeşti),Munteni,Mihăeşti
Vâlcea,19542,Neghineşti (Stoeneşti),Neghineşti,Stoeneşti
Vâlcea,19346,Negraia (Pesceana),Negraia,Pesceana
Vâlcea,19232,Negreni (Mihăeşti),Negreni,Mihăeşti
Vâlcea,18851,Negruleşti (Bărbăteşti),Negruleşti,Bărbăteşti
Vâlcea,18805,Nemoiu (Amărăşti),Nemoiu,Amărăşti
Vâlcea,19589,Nenciuleşti (Tetoiu),Nenciuleşti,Tetoiu
Vâlcea,19561,Neţeşti (Stoileşti),Neţeşti,Stoileşti
Vâlcea,19276,Nicolae Bălcescu,Nicolae Bălcescu,
Vâlcea,19303,Nicoleşti (Olanu),Nicoleşti,Olanu
Vâlcea,19032,Nisipi (Fârtăţeşti),Nisipi,Fârtăţeşti
Vâlcea,18945,Obârşia (Cernişoara),Obârşia,Cernişoara
Vâlcea,19103,Obislavu (Grădiştea),Obislavu,Grădiştea
Vâlcea,19562,Obogeni (Stoileşti),Obogeni,Stoileşti
Vâlcea,19570,Obroceşti (Stroeşti),Obroceşti,Stroeşti
Vâlcea,19295,Ocnele Mari,Ocnele Mari,
Vâlcea,19296,Ocniţa (Ocnele Mari),Ocniţa,Ocnele Mari
Vâlcea,18800,Ocracu (Alunu),Ocracu,Alunu
Vâlcea,18833,Olăneşti (Băile Olăneşti),Olăneşti,Băile Olăneşti
Vâlcea,19304,Olanu,Olanu,
Vâlcea,19078,Olteanca (Glăvile),Olteanca,Glăvile
Vâlcea,19151,Olteanca (Lădeşti),Olteanca,Lădeşti
Vâlcea,18907,Olteni (Bujoreni),Olteni,Bujoreni
Vâlcea,19159,Olteţani (Laloşu),Olteţani,Laloşu
Vâlcea,19667,Olteţu (Zătreni),Olteţu,Zătreni
Vâlcea,19089,Opăteşti (Goleşti),Opăteşti,Goleşti
Vâlcea,19308,Orleşti,Orleşti,
Vâlcea,19064,Ostroveni (Galicea),Ostroveni,Galicea
Vâlcea,19316,Oteşani,Oteşani,
Vâlcea,18843,Otetelişu (Bălceşti),Otetelişu,Bălceşti
Vâlcea,19197,Oveselu (Măciuca),Oveselu,Măciuca
Vâlcea,18806,Padina (Amărăşti),Padina,Amărăşti
Vâlcea,18815,Pădureţu (Băbeni),Pădureţu,Băbeni
Vâlcea,18807,Palanga (Amărăşti),Palanga,Amărăşti
Vâlcea,19174,Pârâienii de Jos (Livezi),Pârâienii de Jos,Livezi
Vâlcea,19175,Pârâienii de Mijloc (Livezi),Pârâienii de Mijloc,Livezi
Vâlcea,19176,Pârâienii de Sus (Livezi),Pârâienii de Sus,Livezi
Vâlcea,19177,Părăuşani (Livezi),Părăuşani,Livezi
Vâlcea,19426,Păsărei (Roşiile),Păsărei,Roşiile
Vâlcea,18879,Păscoaia (Brezoi),Păscoaia,Brezoi
Vâlcea,19152,Păsculeşti (Lădeşti),Păsculeşti,Lădeşti
Vâlcea,19453,Păteşti (Sălătrucel),Păteşti,Sălătrucel
Vâlcea,18937,Păuşa (Călimăneşti),Păuşa,Călimăneşti
Vâlcea,19322,Păuşeşti,Păuşeşti,
Vâlcea,19329,Păuşeşti-Măglaşi,Păuşeşti-Măglaşi,
Vâlcea,19323,Păuşeşti-Otăsău (Păuşeşti),Păuşeşti-Otăsău,Păuşeşti
Vâlcea,19337,Perişani,Perişani,
Vâlcea,19427,Perteşti (Roşiile),Perteşti,Roşiile
Vâlcea,19347,Pesceana,Pesceana,
Vâlcea,19330,Pietrari (Păuşeşti-Măglaşi),Pietrari,Păuşeşti-Măglaşi
Vâlcea,19353,Pietrari,Pietrari,
Vâlcea,19354,Pietrarii de Sus (Pietrari),Pietrarii de Sus,Pietrari
Vâlcea,18967,Pietreni (Costeşti),Pietreni,Costeşti
Vâlcea,18834,Pietrişu (Băile Olăneşti),Pietrişu,Băile Olăneşti
Vâlcea,19628,Pietroasa (Valea Mare),Pietroasa,Valea Mare
Vâlcea,19544,Piscu Mare (Stoeneşti),Piscu Mare,Stoeneşti
Vâlcea,18893,Piscu Pietrei (Budeşti),Piscu Pietrei,Budeşti
Vâlcea,19418,Piscu Scoarţei (Roeşti),Piscu Scoarţei,Roeşti
Vâlcea,19641,Pleaşa (Vlădeşti),Pleaşa,Vlădeşti
Vâlcea,19428,Pleşeşti (Roşiile),Pleşeşti,Roşiile
Vâlcea,19178,Pleşoiu (Livezi),Pleşoiu,Livezi
Vâlcea,19278,Pleşoiu (Nicolae Bălcescu),Pleşoiu,Nicolae Bălcescu
Vâlcea,19338,Podeni (Perişani),Podeni,Perişani
Vâlcea,19406,Poenari (Râmnicu Vâlcea),Poenari,Râmnicu Vâlcea
Vâlcea,19090,Poeniţa (Goleşti),Poeniţa,Goleşti
Vâlcea,19339,Poiana (Perişani),Poiana,Perişani
Vâlcea,19072,Poienari (Ghioroiu),Poienari,Ghioroiu
Vâlcea,19571,Pojogi-Cerna (Stroeşti),Pojogi-Cerna,Stroeşti
Vâlcea,19033,Popeşti (Fârtăţeşti),Popeşti,Fârtăţeşti
Vâlcea,19091,Popeşti (Goleşti),Popeşti,Goleşti
Vâlcea,19153,Popeşti (Lădeşti),Popeşti,Lădeşti
Vâlcea,19198,Popeşti (Măciuca),Popeşti,Măciuca
Vâlcea,19279,Popeşti (Nicolae Bălcescu),Popeşti,Nicolae Bălcescu
Vâlcea,19370,Popeşti,Popeşti,
Vâlcea,19473,Popeşti (Sineşti),Popeşti,Sineşti
Vâlcea,19545,Popeşti (Stoeneşti),Popeşti,Stoeneşti
Vâlcea,19590,Popeşti (Tetoiu),Popeşti,Tetoiu
Vâlcea,19160,Portăreşti (Laloşu),Portăreşti,Laloşu
Vâlcea,18825,Prăjila (Băile Govora),Prăjila,Băile Govora
Vâlcea,19280,Predeşti (Nicolae Bălcescu),Predeşti,Nicolae Bălcescu
Vâlcea,18844,Preoţeşti (Bălceşti),Preoţeşti,Bălceşti
Vâlcea,19407,Priba (Râmnicu Vâlcea),Priba,Râmnicu Vâlcea
Vâlcea,18929,Priloage (Câineni),Priloage,Câineni
Vâlcea,19260,Pripoara (Muereasca),Pripoara,Muereasca
Vâlcea,19340,Pripoare (Perişani),Pripoare,Perişani
Vâlcea,19642,Priporu (Vlădeşti),Priporu,Vlădeşti
Vâlcea,19309,Procopoaia (Orleşti),Procopoaia,Orleşti
Vâlcea,19137,Prodăneşti (Ioneşti),Prodăneşti,Ioneşti
Vâlcea,18880,Proieni (Brezoi),Proieni,Brezoi
Vâlcea,19383,Prundeni,Prundeni,
Vâlcea,18894,Racoviţa (Budeşti),Racoviţa,Budeşti
Vâlcea,19397,Racoviţa,Racoviţa,
Vâlcea,19252,Racu (Mitrofani),Racu,Mitrofani
Vâlcea,18865,Rădăcineşti (Berislăveşti),Rădăcineşti,Berislăveşti
Vâlcea,19120,Râmeşti (Horezu),Râmeşti,Horezu
Vâlcea,19574,Râmeşti (Şuşani),Râmeşti,Şuşani
Vâlcea,19408,Râmnicu Vâlcea,Râmnicu Vâlcea,
Vâlcea,19419,Râpa Cărămizii (Roeşti),Râpa Cărămizii,Roeşti
Vâlcea,18917,Râpăneşti (Buneşti),Râpăneşti,Buneşti
Vâlcea,19429,Răţăleşti (Roşiile),Răţăleşti,Roşiile
Vâlcea,18930,Râu Vadului (Câineni),Râu Vadului,Câineni
Vâlcea,20956,Râureni (Râmnicu Vâlcea),Râureni,Râmnicu Vâlcea
Vâlcea,18866,Robaia (Berislăveşti),Robaia,Berislăveşti
Vâlcea,18931,Robeşti (Câineni),Robeşti,Câineni
Vâlcea,19348,Roeşti (Pesceana),Roeşti,Pesceana
Vâlcea,20957,Roeşti,Roeşti,
Vâlcea,19430,Romaneşti (Roşiile),Romaneşti,Roşiile
Vâlcea,18818,Români (Băbeni),Români,Băbeni
Vâlcea,19121,Romanii de Jos (Horezu),Romanii de Jos,Horezu
Vâlcea,19122,Românii de Sus (Horezu),Românii de Sus,Horezu
Vâlcea,18801,Roşia (Alunu),Roşia,Alunu
Vâlcea,19431,Roşiile,Roşiile,
Vâlcea,18858,Roşioara (Berbeşti),Roşioara,Berbeşti
Vâlcea,19214,Roşoveni (Măldăreşti),Roşoveni,Măldăreşti
Vâlcea,19281,Rotărăşti (Nicolae Bălcescu),Rotărăşti,Nicolae Bălcescu
Vâlcea,18895,Ruda (Budeşti),Ruda,Budeşti
Vâlcea,19234,Rugetu (Mihăeşti),Rugetu,Mihăeşti
Vâlcea,19488,Rugetu (Slătioara),Rugetu,Slătioara
Vâlcea,19444,Runcu,Runcu,
Vâlcea,19034,Rusăneşti (Fârtăţeşti),Rusăneşti,Fârtăţeşti
Vâlcea,19420,Saioci (Roeşti),Saioci,Roeşti
Vâlcea,19454,Sălătrucel,Sălătrucel,
Vâlcea,19211,Săliştea (Malaia),Săliştea,Malaia
Vâlcea,18985,Sânbotin (Dăeşti),Sânbotin,Dăeşti
Vâlcea,19575,Sârbi (Şuşani),Sârbi,Şuşani
Vâlcea,18946,Sărsăneşti (Cernişoara),Sărsăneşti,Cernişoara
Vâlcea,19166,Săruleşti (Lăpuşata),Săruleşti,Lăpuşata
Vâlcea,19668,Săşcioara (Zătreni),Săşcioara,Zătreni
Vâlcea,18845,Satu Poieni (Bălceşti),Satu Poieni,Bălceşti
Vâlcea,19310,Scaioşi (Orleşti),Scaioşi,Orleşti
Vâlcea,19235,Scărişoara (Mihăeşti),Scărişoara,Mihăeşti
Vâlcea,18867,Scăuení (Berislăveşti),Scăuení,Berislăveşti
Vâlcea,19283,Schitu (Nicolae Bălcescu),Schitu,Nicolae Bălcescu
Vâlcea,19167,Scoruşu (Lăpuşata),Scoruşu,Lăpuşata
Vâlcea,19461,Scundu,Scundu,
Vâlcea,18938,Seaca (Călimăneşti),Seaca,Călimăneşti
Vâlcea,19455,Seaca (Sălătrucel),Seaca,Sălătrucel
Vâlcea,19035,Seciu (Fârtăţeşti),Seciu,Fârtăţeşti
Vâlcea,19284,Şerbăneasa (Nicolae Bălcescu),Şerbăneasa,Nicolae Bălcescu
Vâlcea,19168,Şerbăneşti (Lăpuşata),Şerbăneşti,Lăpuşata
Vâlcea,19324,Şerbăneşti (Păuşeşti),Şerbăneşti,Păuşeşti
Vâlcea,19456,Şerbăneşti (Sălătrucel),Şerbăneşti,Sălătrucel
Vâlcea,19521,Şerbăneşti (Ştefăneşti),Şerbăneşti,Ştefăneşti
Vâlcea,19311,Silea (Orleşti),Silea,Orleşti
Vâlcea,19474,Sineşti,Sineşti,
Vâlcea,19480,Şirineasa,Şirineasa,
Vâlcea,19490,Slătioara,Slătioara,
Vâlcea,19297,Slătioarele (Ocnele Mari),Slătioarele,Ocnele Mari
Vâlcea,19481,Slăviteşti (Şirineasa),Slăviteşti,Şirineasa
Vâlcea,19446,Snamăna (Runcu),Snamăna,Runcu
Vâlcea,19325,Solicesti (Păuşeşti),Solicesti,Păuşeşti
Vâlcea,19036,Şotani (Fârtăţeşti),Şotani,Fârtăţeşti
Vâlcea,19116,Spârleni (Guşoeni),Spârleni,Guşoeni
Vâlcea,19341,Spinu (Perişani),Spinu,Perişani
Vâlcea,19037,Stănculeşti (Fârtăţeşti),Stănculeşti,Fârtăţeşti
Vâlcea,19507,Stăneşti,Stăneşti,
Vâlcea,19563,Stăneşti (Stoileşti),Stăneşti,Stoileşti
Vâlcea,19189,Stăneşti-Lunca (Lungeşti),Stăneşti-Lunca,Lungeşti
Vâlcea,19669,Stanomiru (Zătreni),Stanomiru,Zătreni
Vâlcea,19199,Ştefăneşti (Măciuca),Ştefăneşti,Măciuca
Vâlcea,20958,Ştefăneşti,Ştefăneşti,
Vâlcea,19073,Ştirbeşti (Ghioroiu),Ştirbeşti,Ghioroiu
Vâlcea,18868,Stoeneşti (Berislăveşti),Stoeneşti,Berislăveşti
Vâlcea,19305,Stoicăneşti (Olanu),Stoicăneşti,Olanu
Vâlcea,19576,Stoiculeşti (Şuşani),Stoiculeşti,Şuşani
Vâlcea,19564,Stoileşti,Stoileşti,
Vâlcea,19409,Stolniceni (Râmnicu Vâlcea),Stolniceni,Râmnicu Vâlcea
Vâlcea,19106,Străchineşti (Grădiştea),Străchineşti,Grădiştea
Vâlcea,18980,Streminoasa (Creţeni),Streminoasa,Creţeni
Vâlcea,19572,Stroeşti,Stroeşti,
Vâlcea,19236,Stupărei (Mihăeşti),Stupărei,Mihăeşti
Vâlcea,19317,Sub Deal (Oteşani),Sub Deal,Oteşani
Vâlcea,19508,Suieşti (Stăneşti),Suieşti,Stăneşti
Vâlcea,19342,Surdoiu (Perişani),Surdoiu,Perişani
Vâlcea,19246,Şuricaru (Milcoiu),Şuricaru,Milcoiu
Vâlcea,19055,Surpatele (Frânceşti),Surpatele,Frânceşti
Vâlcea,19447,Surpaţi (Runcu),Surpaţi,Runcu
Vâlcea,19577,Şuşani,Şuşani,
Vâlcea,19548,Suseni (Stoeneşti),Suseni,Stoeneşti
Vâlcea,19261,Şuta (Muereasca),Şuta,Muereasca
Vâlcea,19583,Suteşti,Suteşti,
Vâlcea,19123,Tănăşeşti (Horezu),Tănăşeşti,Horezu
Vâlcea,19038,Tanislavi (Fârtăţeşti),Tanislavi,Fârtăţeşti
Vâlcea,18859,Târgu Gânguleşti (Berbeşti),Târgu Gânguleşti,Berbeşti
Vâlcea,18819,Tătărani (Băbeni),Tătărani,Băbeni
Vâlcea,19298,Ţeica (Ocnele Mari),Ţeica,Ocnele Mari
Vâlcea,19065,Teiu (Galicea),Teiu,Galicea
Vâlcea,18808,Teiul (Amărăşti),Teiul,Amărăşti
Vâlcea,18920,Teiusu (Buneşti),Teiusu,Buneşti
Vâlcea,19215,Telecheşti (Măldăreşti),Telecheşti,Măldăreşti
Vâlcea,19591,Ţepeşti (Tetoiu),Ţepeşti,Tetoiu
Vâlcea,19247,Tepşenari (Milcoiu),Tepşenari,Milcoiu
Vâlcea,19592,Tetoiu,Tetoiu,
Vâlcea,19647,Tighina (Voiceşti),Tighina,Voiceşti
Vâlcea,19182,Tina (Livezi),Tina,Livezi
Vâlcea,18835,Tisa (Băile Olăneşti),Tisa,Băile Olăneşti
Vâlcea,19598,Ţiţeşti (Titeşti),Ţiţeşti,Titeşti
Vâlcea,18921,Titireci (Buneşti),Titireci,Buneşti
Vâlcea,19612,Tomşani,Tomşani,
Vâlcea,19410,Troian (Râmnicu Vâlcea),Troian,Râmnicu Vâlcea
Vâlcea,19644,Trundin (Vlădeşti),Trundin,Vlădeşti
Vâlcea,19285,Tufanii (Nicolae Bălcescu),Tufanii,Nicolae Bălcescu
Vâlcea,19092,Tulei-Câmpeni (Goleşti),Tulei-Câmpeni,Goleşti
Vâlcea,19107,Turburea (Grădiştea),Turburea,Grădiştea
Vâlcea,19219,Turceşti (Mateeşti),Turceşti,Mateeşti
Vâlcea,19400,Tuţuleşti (Racoviţa),Tuţuleşti,Racoviţa
Vâlcea,19108,Ţuţuru (Grădiştea),Ţuţuru,Grădiştea
Vâlcea,18999,Udreşti (Dănicei),Udreşti,Dănicei
Vâlcea,19331,Ulmeţel (Păuşeşti-Măglaşi),Ulmeţel,Păuşeşti-Măglaşi
Vâlcea,18952,Ulmetu (Copăceni),Ulmetu,Copăceni
Vâlcea,19124,Urşani (Horezu),Urşani,Horezu
Vâlcea,19374,Urşi (Popeşti),Urşi,Popeşti
Vâlcea,19565,Urşi (Stoileşti),Urşi,Stoileşti
Vâlcea,19349,Ursoaia (Pesceana),Ursoaia,Pesceana
Vâlcea,19476,Urzica (Sineşti),Urzica,Sineşti
Vâlcea,19578,Uşurei (Şuşani),Uşurei,Şuşani
Vâlcea,19618,Vaideeni,Vaideeni,
Vâlcea,19482,Valea Alunişului (Şirineasa),Valea Alunişului,Şirineasa
Vâlcea,19449,Valea Babei (Runcu),Valea Babei,Runcu
Vâlcea,19286,Valea Bălcească (Nicolae Bălcescu),Valea Bălcească,Nicolae Bălcescu
Vâlcea,19008,Valea Caselor (Drăgăşani),Valea Caselor,Drăgăşani
Vâlcea,19375,Valea Caselor (Popeşti),Valea Caselor,Popeşti
Vâlcea,19332,Valea Cheii (Păuşeşti-Măglaşi),Valea Cheii,Păuşeşti-Măglaşi
Vâlcea,19109,Valea Grădiştei (Grădiştea),Valea Grădiştei,Grădiştea
Vâlcea,18881,Valea lui Stan (Brezoi),Valea lui Stan,Brezoi
Vâlcea,19511,Valea Lungă (Stăneşti),Valea Lungă,Stăneşti
Vâlcea,19655,Valea Măceşului (Voineasa),Valea Măceşului,Voineasa
Vâlcea,18820,Valea Mare (Băbeni),Valea Mare,Băbeni
Vâlcea,18860,Valea Mare (Berbeşti),Valea Mare,Berbeşti
Vâlcea,19634,Valea Mare,Valea Mare,
Vâlcea,19066,Valea Râului (Galicea),Valea Râului,Galicea
Vâlcea,19000,Valea Scheiului (Dănicei),Valea Scheiului,Dănicei
Vâlcea,19039,Valea Ursului (Fârtăţeşti),Valea Ursului,Fârtăţeşti
Vâlcea,19670,Valea Văleni (Zătreni),Valea Văleni,Zătreni
Vâlcea,19288,Valea Viei (Nicolae Bălcescu),Valea Viei,Nicolae Bălcescu
Vâlcea,19326,Văleni (Păuşeşti),Văleni,Păuşeşti
Vâlcea,19671,Văleni (Zătreni),Văleni,Zătreni
Vâlcea,19451,Vărateci (Runcu),Vărateci,Runcu
Vâlcea,18882,Văratica (Brezoi),Văratica,Brezoi
Vâlcea,18975,Văratici (Costeşti),Văratici,Costeşti
Vâlcea,19512,Vârleni (Stăneşti),Vârleni,Stăneşti
Vâlcea,19093,Vătăşeşti (Goleşti),Vătăşeşti,Goleşti
Vâlcea,19584,Verdea (Suteşti),Verdea,Suteşti
Vâlcea,18953,Veţelu (Copăceni),Veţelu,Copăceni
Vâlcea,19056,Viişoara (Frânceşti),Viişoara,Frânceşti
Vâlcea,19645,Vlădeşti,Vlădeşti,
Vâlcea,19333,Vlăduceni (Păuşeşti-Măglaşi),Vlăduceni,Păuşeşti-Măglaşi
Vâlcea,19566,Vlăduleşti (Stoileşti),Vlăduleşti,Stoileşti
Vâlcea,19648,Voiceşti,Voiceşti,
Vâlcea,19649,Voiceştii din Vale (Voiceşti),Voiceştii din Vale,Voiceşti
Vâlcea,19079,Voiculeasa (Glăvile),Voiculeasa,Glăvile
Vâlcea,19656,Voineasa,Voineasa,
Vâlcea,19657,Voineşiţa (Voineasa),Voineşiţa,Voineasa
Vâlcea,19240,Vulpueşti (Mihăeşti),Vulpueşti,Mihăeşti
Vâlcea,19009,Zărneni (Drăgăşani),Zărneni,Drăgăşani
Vâlcea,19169,Zărneşti (Lăpuşata),Zărneşti,Lăpuşata
Vâlcea,19672,Zătreni,Zătreni,
Vâlcea,19673,Zătrenii de Sus (Zătreni),Zătrenii de Sus,Zătreni
Vâlcea,19384,Zăvideni (Prundeni),Zăvideni,Prundeni
Vâlcea,19200,Zăvoieni (Măciuca),Zăvoieni,Măciuca
Vâlcea,19432,Zgubea (Roşiile),Zgubea,Roşiile
Vâlcea,19010,Zlătărei (Drăgăşani),Zlătărei,Drăgăşani
Vâlcea,19550,Zmeurătu (Stoeneşti),Zmeurătu,Stoeneşti
